pathname,url,status,cluster,word_count,title,h1,thin,not_found
/ar/blog/%d8%b3%d9%88%d9%82-%d8%a7%d9%84%d8%af%d9%88%d8%a7%d8%a1-%d8%a7%d9%84%d8%b3%d8%b9%d9%88%d8%af%d9%8a-2026,https://www.bionixus.com/ar/blog/%d8%b3%d9%88%d9%82-%d8%a7%d9%84%d8%af%d9%88%d8%a7%d8%a1-%d8%a7%d9%84%d8%b3%d8%b9%d9%88%d8%af%d9%8a-2026,200,ar-localized,18,"سوق الدواء السعودي 2026: رؤى واتجاهات | BioNixus","سوق الدواء السعودي 2026 — BioNixus",yes,no
/ar/blog/%d8%a3%d8%a8%d8%ad%d8%a7%d8%ab-%d8%a7%d9%84%d8%b3%d9%88%d9%82-%d8%a7%d9%84%d8%af%d9%88%d8%a7%d8%a6%d9%8a%d8%a9-%d9%81%d9%8a-%d8%a7%d9%84%d8%b4%d8%b1%d9%82-%d8%a7%d9%84%d8%a3%d9%88%d8%b3%d8%b7-%d9%88-%d8%af%d9%88%d9%84-%d8%a7%d9%84%d8%ae%d9%84%d9%8a%d8%ac-%d8%a7%d9%84%d8%b9%d8%b1%d8%a8%d9%8a,https://www.bionixus.com/ar/blog/%d8%a3%d8%a8%d8%ad%d8%a7%d8%ab-%d8%a7%d9%84%d8%b3%d9%88%d9%82-%d8%a7%d9%84%d8%af%d9%88%d8%a7%d8%a6%d9%8a%d8%a9-%d9%81%d9%8a-%d8%a7%d9%84%d8%b4%d8%b1%d9%82-%d8%a7%d9%84%d8%a3%d9%88%d8%b3%d8%b7-%d9%88-%d8%af%d9%88%d9%84-%d8%a7%d9%84%d8%ae%d9%84%d9%8a%d8%ac-%d8%a7%d9%84%d8%b9%d8%b1%d8%a8%d9%8a,200,ar-localized,24,"أبحاث السوق الصيدلانية الشرق الأوسط والخليج 2026 | BioNixus","أبحاث السوق الدوائية في الشرق الأوسط و دول الخليج العربي — BioNixus",yes,no
/ar/strategic-portfolio,https://www.bionixus.com/ar/strategic-portfolio,200,ar-localized,85,"محفظة BioNixus الاستراتيجية | أبحاث السوق والاستشارات","أبحاث السوق و<em>الاستشارات الاستراتيجية</em>",yes,no
/strategic-portfolio,https://www.bionixus.com/strategic-portfolio,200,standalone-landing,86,"BioNixus Strategic Portfolio | Market Research &amp; Consulting","Market research &amp; <em>strategic consulting</em> portfolio",yes,no
/de/blog/gesundheitsmarkt-deutschland-2026,https://www.bionixus.com/de/blog/gesundheitsmarkt-deutschland-2026,200,standalone-landing,108,"Blog Gesundheitsmarkt Deutschland 2026 | BioNixus","",yes,no
/de/blog/pharmamarktforschung-deutschland-2026,https://www.bionixus.com/de/blog/pharmamarktforschung-deutschland-2026,200,standalone-landing,108,"Blog Pharmamarktforschung Deutschland 2026 | BioNixus","",yes,no
/de/blog/amnog-frueher-nutzen-marktzugang-2026,https://www.bionixus.com/de/blog/amnog-frueher-nutzen-marktzugang-2026,200,standalone-landing,110,"Blog Amnog Frueher Nutzen Marktzugang 2026 | BioNixus","",yes,no
/de/blog/deutsche-pharmaunternehmen-2026-pipeline-updates,https://www.bionixus.com/de/blog/deutsche-pharmaunternehmen-2026-pipeline-updates,200,standalone-landing,110,"Blog Deutsche Pharmaunternehmen 2026 Pipeline Upd | BioNixus","",yes,no
/media,https://www.bionixus.com/media,200,standalone-landing,126,"Media Kit & Press Contact | BioNixus","Media kit",yes,no
/zh/methodology,https://www.bionixus.com/zh/methodology,200,standalone-landing,135,"Healthcare Research Methodology & Process | BioNixus","医疗健康市场研究方法",yes,no
/zh/market-research-healthcare,https://www.bionixus.com/zh/market-research-healthcare,200,standalone-landing,137,"Healthcare Market Research | 欧洲与中东医药Healthcare市场研究","服务欧洲与中东制药决策的healthcare market research",yes,no
/fr/blog/etudes-marche-pharmaceutique-france-2026,https://www.bionixus.com/fr/blog/etudes-marche-pharmaceutique-france-2026,200,standalone-landing,142,"Blog Etudes Marche Pharmaceutique France 2026 | BioNixus","",yes,no
/fr/blog/evaluation-economique-has-france-2026,https://www.bionixus.com/fr/blog/evaluation-economique-has-france-2026,200,standalone-landing,142,"Blog Evaluation Economique Has France 2026 | BioNixus","",yes,no
/clinical-diagnostics-proposal-request,https://www.bionixus.com/clinical-diagnostics-proposal-request,200,standalone-landing,146,"Register for Clinical Diagnostics Proposal | BioNixus","Receive the full market assessment proposal",yes,no
/terms,https://www.bionixus.com/terms,200,standalone-landing,172,"Terms | BioNixus","Terms of Service",yes,no
/news,https://www.bionixus.com/news,200,standalone-landing,186,"News & Press Releases | BioNixus","News",yes,no
/zh/about,https://www.bionixus.com/zh/about,200,standalone-landing,257,"关于 BioNixus | 基于受监管医药的全球市场研究 | BioNixus","全球市场研究——建立在医药这一我们服务的最受监管行业之上，并扩展至跨行业信赖",yes,no
/ar/arabic-blog-alsawdyh,https://www.bionixus.com/ar/arabic-blog-alsawdyh,200,ar-localized,287,"المدونة العربية: أبحاث السوق الدوائي في السعودية | BioNixus","دليل أبحاث السوق الدوائي في السعودية",yes,no
/bionixus-ai-chatbots-increase-sales-and-lead-generation,https://www.bionixus.com/bionixus-ai-chatbots-increase-sales-and-lead-generation,200,standalone-landing,289,"AI Chatbots in Pharmaceutical Market Research | BioNixus","AI Chatbots for Healthcare Market Research and Lead Generation",yes,no
/ar/market-research-healthcare,https://www.bionixus.com/ar/market-research-healthcare,200,ar-localized,319,"Healthcare Market Research | ابحاث healthcare ودوائية لاوروبا...","Healthcare market research لقرارات دوائية في اوروبا والشرق الاوسط",yes,no
/zh/strategic-portfolio,https://www.bionixus.com/zh/strategic-portfolio,200,standalone-landing,324,"BioNixus 战略产品组合 | EMEA 与 MENA 制药研究能力","战略产品组合：贯穿 EMEA 与 MENA 的制药研究与市场准入能力",yes,no
/de/market-research-healthcare,https://www.bionixus.com/de/market-research-healthcare,200,standalone-landing,335,"Healthcare Market Research | Pharma Healthcare Market...","Healthcare market research fuer pharmazeutische Entscheidungen in Europa und Nahost",yes,no
/es/market-research-healthcare,https://www.bionixus.com/es/market-research-healthcare,200,standalone-landing,346,"Healthcare Market Research | Investigacion healthcare y...","Healthcare market research para decisiones farmaceuticas en Europa y Oriente Medio",yes,no
/zh/insights/top-market-research-companies-egypt-2026,https://www.bionixus.com/zh/insights/top-market-research-companies-egypt-2026,200,standalone-landing,352,"埃及最佳市场研究公司 5 强（2026）| 买家指南 | BioNixus","埃及最佳市场研究公司 5 强（2026）",yes,no
/zh/bionixus-market-research-middle-east,https://www.bionixus.com/zh/bionixus-market-research-middle-east,200,standalone-landing,355,"中东制药市场研究 | 海湾国家证据项目 | BioNixus","加速海湾国家上市决策的中东制药市场研究",yes,no
/fr/market-research-healthcare,https://www.bionixus.com/fr/market-research-healthcare,200,standalone-landing,359,"Healthcare Market Research | Recherche healthcare et...","Healthcare market research pour decisions pharmaceutiques en Europe et Moyen-Orient",yes,no
/insights,https://www.bionixus.com/insights,200,standalone-landing,395,"BioNixus Insights for Healthcare & Pharma Strateg | BioNixus","Why BioNixus Insights Matter in Healthcare and Pharmaceuticals",yes,no
/qualitative-market-research,https://www.bionixus.com/qualitative-market-research,200,standalone-landing,408,"Qualitative Market Research for Healthcare and Ph | BioNixus","Qualitative Market Research for Pharmaceutical Strategy",yes,no
/zh/bionixus-industries,https://www.bionixus.com/zh/bionixus-industries,200,standalone-landing,416,"Bionixus Industries | BioNixus","一家研究机构，<em>服务我们所覆盖的每一个行业</em>",yes,no
/privacy,https://www.bionixus.com/privacy,200,standalone-landing,417,"Privacy Policy & Terms for BioNixus Services","Privacy Policy",yes,no
/zh,https://www.bionixus.com/zh,200,standalone-landing,421,"EMEA Healthcare Market Research (Chinese) | BioNixus","以研究塑造<!-- --> <em class=""font-medium not-italic text-transparent bg-clip-text bg-gradient-to-br from-[#C9A84C] to-[#E4CC7A]"">您的战略</em>",yes,no
/case-studies,https://www.bionixus.com/case-studies,200,standalone-landing,432,"Healthcare & Pharmaceutical Case Studies | BioNixus","Real-World Research.<br class=""hidden md:block""/> Measurable Results.",yes,no
/febrile-neutropenia-market,https://www.bionixus.com/febrile-neutropenia-market,200,standalone-landing,504,"Febrile Neutropenia Market 2026: Size, G-CSF & Forecast","Febrile Neutropenia Market: Supportive-Care &amp; Protocol Intelligence",yes,no
/japan-neurology-devices-market,https://www.bionixus.com/japan-neurology-devices-market,200,standalone-landing,506,"Japan Neurology Devices Market Research | BioNixus","Japan Neurology Devices Market: Clinical &amp; Access Intelligence",yes,no
/japan-medical-disposables-market,https://www.bionixus.com/japan-medical-disposables-market,200,standalone-landing,507,"Japan Medical Disposables Market Research | BioNixus","Japan Medical Disposables Market: Procurement &amp; Adoption Intelligence",yes,no
/zh/contact,https://www.bionixus.com/zh/contact,200,standalone-landing,511,"联系 BioNixus | 医疗与制药市场研究咨询","Brief the team shaping your next market move.",yes,no
/mek-inhibitors-market,https://www.bionixus.com/mek-inhibitors-market,200,standalone-landing,526,"MEK Inhibitors Market Access Research | BioNixus","MEK Inhibitors Market Access: Oncology Evidence &amp; Commercial Intelligence",yes,no
/italy-clinical-trials-market,https://www.bionixus.com/italy-clinical-trials-market,200,standalone-landing,528,"Italy Clinical Trials Market Research | BioNixus","Italy Clinical Trials Market: Site, Feasibility &amp; Sponsor Intelligence",yes,no
/doxorubicin-market,https://www.bionixus.com/doxorubicin-market,200,standalone-landing,534,"Doxorubicin Market Access Research | BioNixus","Doxorubicin Market Access: Protocol, Tender &amp; Formulation Intelligence",yes,no
/japan-medical-device-market-access,https://www.bionixus.com/japan-medical-device-market-access,200,standalone-landing,545,"Japan Medical Device Market Access & Automation | BioNixus","Japan Medical Device Market Access &amp; Medical Automation Intelligence",yes,no
/bionixus-industries/insights,https://www.bionixus.com/bionixus-industries/insights,200,standalone-landing,557,"Industry Insights Blog | B2B & B2C Market Researc | BioNixus","B2B &amp; B2C Market Research Insights",yes,no
/italy-medical-device-connectivity-market,https://www.bionixus.com/italy-medical-device-connectivity-market,200,standalone-landing,560,"Italy Medical Device Connectivity & Digital Healt | BioNixus","Italy Medical Device Connectivity &amp; Digital Health Market Intelligence",yes,no
/resources,https://www.bionixus.com/resources,200,standalone-landing,566,"Resources | BioNixus — Market Research Guides & Whitepapers","Guides, Whitepapers &amp; Market Intelligence",yes,no
/italy-portable-diagnostic-devices-market,https://www.bionixus.com/italy-portable-diagnostic-devices-market,200,standalone-landing,572,"Italy Portable Diagnostic Devices Market Research | BioNixus","Italy Portable Diagnostic Devices Market: POCT &amp; Adoption Intelligence",yes,no
/singapore-ivd-market-access,https://www.bionixus.com/singapore-ivd-market-access,200,standalone-landing,573,"Singapore IVD Market Access Research | BioNixus","Singapore IVD Market Access: Lab, Hospital &amp; Regulatory Intelligence",yes,no
/consumer-market-research,https://www.bionixus.com/consumer-market-research,200,standalone-landing,574,"Consumer & Business Market Research Company — FMC | BioNixus","Consumer &amp; Business Market Research — Global Coverage",yes,no
/italy-oncology-antiinfective-market-access,https://www.bionixus.com/italy-oncology-antiinfective-market-access,200,standalone-landing,591,"Italy Oncology & Anti-infective Market Access Res | BioNixus","Italy Oncology &amp; Anti-infective Market Access: AIFA, Hospital &amp; Regional Intelligence",yes,no
/gcc-medication-management-market,https://www.bionixus.com/gcc-medication-management-market,200,standalone-landing,608,"GCC Medication Management Market Research | BioNixus","GCC Medication Management Market: Pharmacy, Automation &amp; Adherence Intelligence",yes,no
/mea-clinical-trial-imaging-market,https://www.bionixus.com/mea-clinical-trial-imaging-market,200,standalone-landing,657,"Middle East & Africa Clinical Trial Imaging Marke | BioNixus","Middle East &amp; Africa Clinical Trial Imaging Market Intelligence",yes,no
/news/bionixus-egypt-new-administrative-capital-office-2026,https://www.bionixus.com/news/bionixus-egypt-new-administrative-capital-office-2026,200,standalone-landing,662,"BioNixus Opens Egypt New Administrative Capital Office | ME","BioNixus Becomes First Market Research Company to Open Offices in Egypt&#x27;s New Administrative Capital",yes,no
/es/methodology,https://www.bionixus.com/es/methodology,200,standalone-landing,668,"Metodología de investigación de mercado sanitario | BioNixus","Metodología de investigación de mercado sanitario",yes,no
/gcc-functional-service-providers-market,https://www.bionixus.com/gcc-functional-service-providers-market,200,standalone-landing,671,"GCC Functional Service Providers (FSP) Market 2026 | Size","GCC Functional Service Providers (FSP) Market: Sponsor &amp; Delivery Intelligence",yes,no
/news/bionixus-brazil-office-latam-expansion-2026,https://www.bionixus.com/news/bionixus-brazil-office-latam-expansion-2026,200,standalone-landing,681,"BioNixus São Paulo Office Q2 2026 | LATAM Expansi | BioNixus","BioNixus Expands Latin America Presence with São Paulo Office Opening in Q2 2026",yes,no
/de/contact,https://www.bionixus.com/de/contact,200,standalone-landing,701,"BioNixus kontaktieren | Angebot für Gesundheitsmarktforschu","Brief the team shaping your next market move.",yes,no
/fr/healthcare-market-research/france,https://www.bionixus.com/fr/healthcare-market-research/france,200,standalone-landing,728,"Études de marché pharmaceutique France | HAS et A | BioNixus","Études de marché pharmaceutique en France",yes,no
/market-research/fmcg,https://www.bionixus.com/market-research/fmcg,200,standalone-landing,747,"FMCG & Consumer Goods Market Research Company | BioNixus","FMCG &amp; Consumer Goods Market Research Company (2026)",yes,no
/market-research-healthcare,https://www.bionixus.com/market-research-healthcare,200,standalone-landing,748,"Healthcare Market Research Services | Pharma Evid | BioNixus","Healthcare market research for pharmaceutical decisions in Europe and the Middle East",yes,no
/pt/market-research-healthcare,https://www.bionixus.com/pt/market-research-healthcare,200,standalone-landing,748,"Healthcare Market Research Services | Pharma Evid | BioNixus","Healthcare market research for pharmaceutical decisions in Europe and the Middle East",yes,no
/ru/market-research-healthcare,https://www.bionixus.com/ru/market-research-healthcare,200,standalone-landing,748,"Healthcare Market Research Services | Pharma Evid | BioNixus","Healthcare market research for pharmaceutical decisions in Europe and the Middle East",yes,no
/market-research/financial-services,https://www.bionixus.com/market-research/financial-services,200,standalone-landing,765,"Financial Services Market Research Company | BioNixus","Financial Services Market Research Company (2026)",yes,no
/market-research/telecom,https://www.bionixus.com/market-research/telecom,200,standalone-landing,772,"Telecom Market Research Company | BioNixus","Telecom Market Research Company (2026)",yes,no
/es/contact,https://www.bionixus.com/es/contact,200,standalone-landing,773,"Contactar con BioNixus | Propuesta de investigación sanitar","Brief the team shaping your next market move.",yes,no
/egypt-education-market-research,https://www.bionixus.com/egypt-education-market-research,200,standalone-landing,778,"Education Market Research in Egypt 2026 | BioNixus","<em>Education</em> market research company in <!-- -->Egypt",yes,no
/egypt-automotive-market-research,https://www.bionixus.com/egypt-automotive-market-research,200,standalone-landing,779,"Automotive Market Research in Egypt 2026 | BioNixus","<em>Automotive</em> market research company in <!-- -->Egypt",yes,no
/uae-media-market-research,https://www.bionixus.com/uae-media-market-research,200,standalone-landing,781,"Media Market Research in UAE 2026 | BioNixus","<em>Media &amp; Entertainment</em> market research company in <!-- -->UAE",yes,no
/uae-education-market-research,https://www.bionixus.com/uae-education-market-research,200,standalone-landing,782,"Education Market Research in UAE 2026 | BioNixus","<em>Education</em> market research company in <!-- -->UAE",yes,no
/egypt-media-market-research,https://www.bionixus.com/egypt-media-market-research,200,standalone-landing,783,"Media Market Research in Egypt 2026 | BioNixus","<em>Media &amp; Entertainment</em> market research company in <!-- -->Egypt",yes,no
/egypt-energy-market-research,https://www.bionixus.com/egypt-energy-market-research,200,standalone-landing,785,"Energy Market Research in Egypt 2026 | BioNixus","<em>Energy &amp; Industrials</em> market research company in <!-- -->Egypt",yes,no
/market-research/public-sector,https://www.bionixus.com/market-research/public-sector,200,standalone-landing,785,"Public Sector & Government Market Research Compan | BioNixus","Public Sector &amp; Government Market Research Company (2026)",yes,no
/uae-automotive-market-research,https://www.bionixus.com/uae-automotive-market-research,200,standalone-landing,785,"Automotive Market Research in UAE 2026 | BioNixus","<em>Automotive</em> market research company in <!-- -->UAE",yes,no
/market-research/education,https://www.bionixus.com/market-research/education,200,standalone-landing,786,"Education Market Research Company | BioNixus","Education Market Research Company (2026)",yes,no
/market-research/media,https://www.bionixus.com/market-research/media,200,standalone-landing,786,"Media & Entertainment Market Research Company | BioNixus","Media &amp; Entertainment Market Research Company (2026)",yes,no
/uae-hospitality-market-research,https://www.bionixus.com/uae-hospitality-market-research,200,standalone-landing,786,"Hospitality Market Research in UAE 2026 | BioNixus","<em>Hospitality &amp; Tourism</em> market research company in <!-- -->UAE",yes,no
/egypt-telecom-market-research,https://www.bionixus.com/egypt-telecom-market-research,200,standalone-landing,790,"Telecom Market Research in Egypt 2026 | BioNixus","<em>Telecom &amp; Connectivity</em> market research company in <!-- -->Egypt",yes,no
/ru/contact,https://www.bionixus.com/ru/contact,200,standalone-landing,790,"Связаться с BioNixus | Предложение по исследованию рынка","Один разговор может изменить ваш запуск.",yes,no
/market-research/retail,https://www.bionixus.com/market-research/retail,200,standalone-landing,791,"Retail & Shopper Market Research Company | BioNixus","Retail &amp; Shopper Market Research Company (2026)",yes,no
/market-research/automotive,https://www.bionixus.com/market-research/automotive,200,standalone-landing,792,"Automotive Market Research Company | BioNixus","Automotive Market Research Company (2026)",yes,no
/uae-telecom-market-research,https://www.bionixus.com/uae-telecom-market-research,200,standalone-landing,792,"Telecom Market Research in UAE 2026 | BioNixus","<em>Telecom &amp; Connectivity</em> market research company in <!-- -->UAE",yes,no
/egypt-hospitality-market-research,https://www.bionixus.com/egypt-hospitality-market-research,200,standalone-landing,793,"Hospitality Market Research in Egypt 2026 | BioNixus","<em>Hospitality &amp; Tourism</em> market research company in <!-- -->Egypt",yes,no
/market-research/technology,https://www.bionixus.com/market-research/technology,200,standalone-landing,793,"Technology Market Research Company | BioNixus","Technology Market Research Company (2026)",yes,no
/market-research/hospitality,https://www.bionixus.com/market-research/hospitality,200,standalone-landing,794,"Hospitality & Tourism Market Research Company | BioNixus","Hospitality &amp; Tourism Market Research Company (2026)",yes,no
/egypt-retail-market-research,https://www.bionixus.com/egypt-retail-market-research,200,standalone-landing,795,"Retail Market Research in Egypt 2026 | BioNixus","<em>Retail &amp; Shopper</em> market research company in <!-- -->Egypt",yes,no
/uae-energy-market-research,https://www.bionixus.com/uae-energy-market-research,200,standalone-landing,796,"Energy Market Research in UAE 2026 | BioNixus","<em>Energy &amp; Industrials</em> market research company in <!-- -->UAE",yes,no
/uae-retail-market-research,https://www.bionixus.com/uae-retail-market-research,200,standalone-landing,797,"Retail Market Research in UAE 2026 | BioNixus","<em>Retail &amp; Shopper</em> market research company in <!-- -->UAE",yes,no
/uae-technology-market-research,https://www.bionixus.com/uae-technology-market-research,200,standalone-landing,797,"Technology Market Research in UAE 2026 | BioNixus","<em>Technology &amp; B2B Software</em> market research company in <!-- -->UAE",yes,no
/uae-fmcg-market-research,https://www.bionixus.com/uae-fmcg-market-research,200,standalone-landing,799,"FMCG Market Research in UAE 2026 | BioNixus","<em>FMCG &amp; Consumer Goods</em> market research company in <!-- -->UAE",yes,no
/egypt-fmcg-market-research,https://www.bionixus.com/egypt-fmcg-market-research,200,standalone-landing,801,"FMCG Market Research in Egypt 2026 | BioNixus","<em>FMCG &amp; Consumer Goods</em> market research company in <!-- -->Egypt",yes,no
/egypt-technology-market-research,https://www.bionixus.com/egypt-technology-market-research,200,standalone-landing,801,"Technology Market Research in Egypt 2026 | BioNixus","<em>Technology &amp; B2B Software</em> market research company in <!-- -->Egypt",yes,no
/egypt-public-sector-market-research,https://www.bionixus.com/egypt-public-sector-market-research,200,standalone-landing,811,"Public Sector Market Research in Egypt 2026 | BioNixus","<em>Public Sector &amp; Government</em> market research company in <!-- -->Egypt",yes,no
/market-research/energy,https://www.bionixus.com/market-research/energy,200,standalone-landing,812,"Energy & Industrials Market Research Company | BioNixus","Energy &amp; Industrials Market Research Company (2026)",yes,no
/saudi-arabia-education-market-research,https://www.bionixus.com/saudi-arabia-education-market-research,200,standalone-landing,813,"Education Market Research in Saudi Arabia 2026 | BioNixus","<em>Education</em> market research company in <!-- -->Saudi Arabia",yes,no
/egypt-real-estate-market-research,https://www.bionixus.com/egypt-real-estate-market-research,200,standalone-landing,814,"Real Estate Market Research in Egypt 2026 | BioNixus","<em>Real Estate &amp; Construction</em> market research company in <!-- -->Egypt",yes,no
/uae-public-sector-market-research,https://www.bionixus.com/uae-public-sector-market-research,200,standalone-landing,815,"Public Sector Market Research in UAE 2026 | BioNixus","<em>Public Sector &amp; Government</em> market research company in <!-- -->UAE",yes,no
/market-research/real-estate,https://www.bionixus.com/market-research/real-estate,200,standalone-landing,817,"Real Estate Market Research Company | BioNixus","Real Estate Market Research Company (2026)",yes,no
/uae-real-estate-market-research,https://www.bionixus.com/uae-real-estate-market-research,200,standalone-landing,818,"Real Estate Market Research in UAE 2026 | BioNixus","<em>Real Estate &amp; Construction</em> market research company in <!-- -->UAE",yes,no
/bahrain-automotive-market-research,https://www.bionixus.com/bahrain-automotive-market-research,200,standalone-landing,819,"Automotive Market Research in Bahrain 2026 | BioNixus","<em>Automotive</em> market research company in <!-- -->Bahrain",yes,no
/bahrain-education-market-research,https://www.bionixus.com/bahrain-education-market-research,200,standalone-landing,819,"Education Market Research in Bahrain 2026 | BioNixus","<em>Education</em> market research company in <!-- -->Bahrain",yes,no
/saudi-arabia-automotive-market-research,https://www.bionixus.com/saudi-arabia-automotive-market-research,200,standalone-landing,819,"Automotive Market Research in Saudi Arabia 2026 | BioNixus","<em>Automotive</em> market research company in <!-- -->Saudi Arabia",yes,no
/saudi-arabia-hospitality-market-research,https://www.bionixus.com/saudi-arabia-hospitality-market-research,200,standalone-landing,820,"Hospitality Market Research in Saudi Arabia 2026 | BioNixus","<em>Hospitality &amp; Tourism</em> market research company in <!-- -->Saudi Arabia",yes,no
/saudi-arabia-media-market-research,https://www.bionixus.com/saudi-arabia-media-market-research,200,standalone-landing,822,"Media Market Research in Saudi Arabia 2026 | BioNixus","<em>Media &amp; Entertainment</em> market research company in <!-- -->Saudi Arabia",yes,no
/saudi-arabia-energy-market-research,https://www.bionixus.com/saudi-arabia-energy-market-research,200,standalone-landing,824,"Energy Market Research in Saudi Arabia 2026 | BioNixus","<em>Energy &amp; Industrials</em> market research company in <!-- -->Saudi Arabia",yes,no
/saudi-arabia-retail-market-research,https://www.bionixus.com/saudi-arabia-retail-market-research,200,standalone-landing,824,"Retail Market Research in Saudi Arabia 2026 | BioNixus","<em>Retail &amp; Shopper</em> market research company in <!-- -->Saudi Arabia",yes,no
/uae-financial-services-market-research,https://www.bionixus.com/uae-financial-services-market-research,200,standalone-landing,825,"Financial Services Market Research in UAE 2026 | BioNixus","<em>Financial Services &amp; Banking</em> market research company in <!-- -->UAE",yes,no
/bahrain-energy-market-research,https://www.bionixus.com/bahrain-energy-market-research,200,standalone-landing,827,"Energy Market Research in Bahrain 2026 | BioNixus","<em>Energy &amp; Industrials</em> market research company in <!-- -->Bahrain",yes,no
/bahrain-hospitality-market-research,https://www.bionixus.com/bahrain-hospitality-market-research,200,standalone-landing,827,"Hospitality Market Research in Bahrain 2026 | BioNixus","<em>Hospitality &amp; Tourism</em> market research company in <!-- -->Bahrain",yes,no
/bahrain-media-market-research,https://www.bionixus.com/bahrain-media-market-research,200,standalone-landing,827,"Media Market Research in Bahrain 2026 | BioNixus","<em>Media &amp; Entertainment</em> market research company in <!-- -->Bahrain",yes,no
/bahrain-retail-market-research,https://www.bionixus.com/bahrain-retail-market-research,200,standalone-landing,827,"Retail Market Research in Bahrain 2026 | BioNixus","<em>Retail &amp; Shopper</em> market research company in <!-- -->Bahrain",yes,no
/bahrain-telecom-market-research,https://www.bionixus.com/bahrain-telecom-market-research,200,standalone-landing,827,"Telecom Market Research in Bahrain 2026 | BioNixus","<em>Telecom &amp; Connectivity</em> market research company in <!-- -->Bahrain",yes,no
/healthcare-bioconvergence-market,https://www.bionixus.com/healthcare-bioconvergence-market,200,standalone-landing,827,"Healthcare Bioconvergence Market Research | BioNixus","Healthcare Bioconvergence Market: Research for Converging Life-Science Platforms",yes,no
/bahrain-fmcg-market-research,https://www.bionixus.com/bahrain-fmcg-market-research,200,standalone-landing,831,"FMCG Market Research in Bahrain 2026 | BioNixus","<em>FMCG &amp; Consumer Goods</em> market research company in <!-- -->Bahrain",yes,no
/bahrain-technology-market-research,https://www.bionixus.com/bahrain-technology-market-research,200,standalone-landing,831,"Technology Market Research in Bahrain 2026 | BioNixus","<em>Technology &amp; B2B Software</em> market research company in <!-- -->Bahrain",yes,no
/saudi-arabia-technology-market-research,https://www.bionixus.com/saudi-arabia-technology-market-research,200,standalone-landing,832,"Technology Market Research in Saudi Arabia 2026 | BioNixus","<em>Technology &amp; B2B Software</em> market research company in <!-- -->Saudi Arabia",yes,no
/saudi-arabia-telecom-market-research,https://www.bionixus.com/saudi-arabia-telecom-market-research,200,standalone-landing,832,"Telecom Market Research in Saudi Arabia 2026 | BioNixus","<em>Telecom &amp; Connectivity</em> market research company in <!-- -->Saudi Arabia",yes,no
/saudi-arabia-fmcg-market-research,https://www.bionixus.com/saudi-arabia-fmcg-market-research,200,standalone-landing,835,"FMCG Market Research in Saudi Arabia 2026 | BioNixus","<em>FMCG &amp; Consumer Goods</em> market research company in <!-- -->Saudi Arabia",yes,no
/pt/contact,https://www.bionixus.com/pt/contact,200,standalone-landing,839,"Contactar a BioNixus | Proposta de pesquisa em saúde","Brief the team shaping your next market move.",yes,no
/saudi-arabia-real-estate-market-research,https://www.bionixus.com/saudi-arabia-real-estate-market-research,200,standalone-landing,846,"Real Estate Market Research in Saudi Arabia 2026 | BioNixus","<em>Real Estate &amp; Construction</em> market research company in <!-- -->Saudi Arabia",yes,no
/japan-general-surgical-devices-market,https://www.bionixus.com/japan-general-surgical-devices-market,200,standalone-landing,850,"Japan General Surgical Devices Market Research | BioNixus","Japan General Surgical Devices Market: Research &amp; Commercial Intelligence",yes,no
/saudi-arabia-public-sector-market-research,https://www.bionixus.com/saudi-arabia-public-sector-market-research,200,standalone-landing,852,"Public Sector Market Research in Saudi Arabia 202 | BioNixus","<em>Public Sector &amp; Government</em> market research company in <!-- -->Saudi Arabia",yes,no
/bahrain-financial-services-market-research,https://www.bionixus.com/bahrain-financial-services-market-research,200,standalone-landing,854,"Financial Services Market Research in Bahrain 202 | BioNixus","<em>Financial Services &amp; Banking</em> market research company in <!-- -->Bahrain",yes,no
/bahrain-public-sector-market-research,https://www.bionixus.com/bahrain-public-sector-market-research,200,standalone-landing,854,"Public Sector Market Research in Bahrain 2026 | BioNixus","<em>Public Sector &amp; Government</em> market research company in <!-- -->Bahrain",yes,no
/bahrain-real-estate-market-research,https://www.bionixus.com/bahrain-real-estate-market-research,200,standalone-landing,854,"Real Estate Market Research in Bahrain 2026 | BioNixus","<em>Real Estate &amp; Construction</em> market research company in <!-- -->Bahrain",yes,no
/saudi-arabia-financial-services-market-research,https://www.bionixus.com/saudi-arabia-financial-services-market-research,200,standalone-landing,854,"Financial Services Market Research in Saudi Arabia 2026 |...","<em>Financial Services &amp; Banking</em> market research company in <!-- -->Saudi Arabia",yes,no
/kuwait-retail-market-research,https://www.bionixus.com/kuwait-retail-market-research,200,standalone-landing,856,"Retail Market Research in Kuwait 2026 | BioNixus","<em>Retail &amp; Shopper</em> market research company in <!-- -->Kuwait",yes,no
/desmoid-tumor-pharma-market-research,https://www.bionixus.com/desmoid-tumor-pharma-market-research,200,standalone-landing,861,"Desmoid Tumour Pharma Market Research Services | BioNixus","Desmoid Tumour Pharma Market Research &amp; Competitive Intelligence Services",yes,no
/qatar-education-market-research,https://www.bionixus.com/qatar-education-market-research,200,standalone-landing,866,"Education Market Research in Qatar 2026 | BioNixus","<em>Education</em> market research company in <!-- -->Qatar",yes,no
/kuwait-fmcg-market-research,https://www.bionixus.com/kuwait-fmcg-market-research,200,standalone-landing,867,"FMCG Market Research in Kuwait 2026 | BioNixus","<em>FMCG &amp; Consumer Goods</em> market research company in <!-- -->Kuwait",yes,no
/gcc-generic-pharmaceuticals-market,https://www.bionixus.com/gcc-generic-pharmaceuticals-market,200,standalone-landing,869,"GCC Generic Pharmaceuticals Market Research | BioNixus","GCC Generic Pharmaceuticals Market: Research &amp; Commercial Intelligence",yes,no
/kuwait-energy-market-research,https://www.bionixus.com/kuwait-energy-market-research,200,standalone-landing,869,"Energy Market Research in Kuwait 2026 | BioNixus","<em>Energy &amp; Industrials</em> market research company in <!-- -->Kuwait",yes,no
/kuwait-automotive-market-research,https://www.bionixus.com/kuwait-automotive-market-research,200,standalone-landing,871,"Automotive Market Research in Kuwait 2026 | BioNixus","<em>Automotive</em> market research company in <!-- -->Kuwait",yes,no
/kuwait-education-market-research,https://www.bionixus.com/kuwait-education-market-research,200,standalone-landing,871,"Education Market Research in Kuwait 2026 | BioNixus","<em>Education</em> market research company in <!-- -->Kuwait",yes,no
/qatar-retail-market-research,https://www.bionixus.com/qatar-retail-market-research,200,standalone-landing,874,"Retail Market Research in Qatar 2026 | BioNixus","<em>Retail &amp; Shopper</em> market research company in <!-- -->Qatar",yes,no
/kuwait-hospitality-market-research,https://www.bionixus.com/kuwait-hospitality-market-research,200,standalone-landing,875,"Hospitality Market Research in Kuwait 2026 | BioNixus","<em>Hospitality &amp; Tourism</em> market research company in <!-- -->Kuwait",yes,no
/oman-telecom-market-research,https://www.bionixus.com/oman-telecom-market-research,200,standalone-landing,875,"Telecom Market Research in Oman 2026 | BioNixus","<em>Telecom &amp; Connectivity</em> market research company in <!-- -->Oman",yes,no
/qatar-automotive-market-research,https://www.bionixus.com/qatar-automotive-market-research,200,standalone-landing,875,"Automotive Market Research in Qatar 2026 | BioNixus","<em>Automotive</em> market research company in <!-- -->Qatar",yes,no
/qatar-energy-market-research,https://www.bionixus.com/qatar-energy-market-research,200,standalone-landing,875,"Energy Market Research in Qatar 2026 | BioNixus","<em>Energy &amp; Industrials</em> market research company in <!-- -->Qatar",yes,no
/qatar-hospitality-market-research,https://www.bionixus.com/qatar-hospitality-market-research,200,standalone-landing,877,"Hospitality Market Research in Qatar 2026 | BioNixus","<em>Hospitality &amp; Tourism</em> market research company in <!-- -->Qatar",yes,no
/kuwait-media-market-research,https://www.bionixus.com/kuwait-media-market-research,200,standalone-landing,878,"Media Market Research in Kuwait 2026 | BioNixus","<em>Media &amp; Entertainment</em> market research company in <!-- -->Kuwait",yes,no
/mena-pharma-market-data,https://www.bionixus.com/mena-pharma-market-data,200,standalone-landing,878,"MENA Pharmaceutical Market Data 2026 | BioNixus","MENA Pharmaceutical Market Data 2026",yes,no
/oman-energy-market-research,https://www.bionixus.com/oman-energy-market-research,200,standalone-landing,878,"Energy Market Research in Oman 2026 | BioNixus","<em>Energy &amp; Industrials</em> market research company in <!-- -->Oman",yes,no
/oman-hospitality-market-research,https://www.bionixus.com/oman-hospitality-market-research,200,standalone-landing,878,"Hospitality Market Research in Oman 2026 | BioNixus","<em>Hospitality &amp; Tourism</em> market research company in <!-- -->Oman",yes,no
/oman-technology-market-research,https://www.bionixus.com/oman-technology-market-research,200,standalone-landing,879,"Technology Market Research in Oman 2026 | BioNixus","<em>Technology &amp; B2B Software</em> market research company in <!-- -->Oman",yes,no
/kuwait-technology-market-research,https://www.bionixus.com/kuwait-technology-market-research,200,standalone-landing,880,"Technology Market Research in Kuwait 2026 | BioNixus","<em>Technology &amp; B2B Software</em> market research company in <!-- -->Kuwait",yes,no
/oman-education-market-research,https://www.bionixus.com/oman-education-market-research,200,standalone-landing,880,"Education Market Research in Oman 2026 | BioNixus","<em>Education</em> market research company in <!-- -->Oman",yes,no
/kuwait-telecom-market-research,https://www.bionixus.com/kuwait-telecom-market-research,200,standalone-landing,881,"Telecom Market Research in Kuwait 2026 | BioNixus","<em>Telecom &amp; Connectivity</em> market research company in <!-- -->Kuwait",yes,no
/oman-automotive-market-research,https://www.bionixus.com/oman-automotive-market-research,200,standalone-landing,884,"Automotive Market Research in Oman 2026 | BioNixus","<em>Automotive</em> market research company in <!-- -->Oman",yes,no
/qatar-telecom-market-research,https://www.bionixus.com/qatar-telecom-market-research,200,standalone-landing,884,"Telecom Market Research in Qatar 2026 | BioNixus","<em>Telecom &amp; Connectivity</em> market research company in <!-- -->Qatar",yes,no
/kuwait-public-sector-market-research,https://www.bionixus.com/kuwait-public-sector-market-research,200,standalone-landing,885,"Public Sector Market Research in Kuwait 2026 | BioNixus","<em>Public Sector &amp; Government</em> market research company in <!-- -->Kuwait",yes,no
/oman-retail-market-research,https://www.bionixus.com/oman-retail-market-research,200,standalone-landing,885,"Retail Market Research in Oman 2026 | BioNixus","<em>Retail &amp; Shopper</em> market research company in <!-- -->Oman",yes,no
/qatar-technology-market-research,https://www.bionixus.com/qatar-technology-market-research,200,standalone-landing,886,"Technology Market Research in Qatar 2026 | BioNixus","<em>Technology &amp; B2B Software</em> market research company in <!-- -->Qatar",yes,no
/qatar-media-market-research,https://www.bionixus.com/qatar-media-market-research,200,standalone-landing,887,"Media Market Research in Qatar 2026 | BioNixus","<em>Media &amp; Entertainment</em> market research company in <!-- -->Qatar",yes,no
/oman-media-market-research,https://www.bionixus.com/oman-media-market-research,200,standalone-landing,888,"Media Market Research in Oman 2026 | BioNixus","<em>Media &amp; Entertainment</em> market research company in <!-- -->Oman",yes,no
/qatar-fmcg-market-research,https://www.bionixus.com/qatar-fmcg-market-research,200,standalone-landing,889,"FMCG Market Research in Qatar 2026 | BioNixus","<em>FMCG &amp; Consumer Goods</em> market research company in <!-- -->Qatar",yes,no
/b2b-industries,https://www.bionixus.com/b2b-industries,200,standalone-landing,890,"B2B Market Research | Technology, Energy, Real Estate & Mor","B2B Industries Market Research",yes,no
/kuwait-financial-services-market-research,https://www.bionixus.com/kuwait-financial-services-market-research,200,standalone-landing,890,"Financial Services Market Research in Kuwait 2026 | BioNixus","<em>Financial Services &amp; Banking</em> market research company in <!-- -->Kuwait",yes,no
/qatar-public-sector-market-research,https://www.bionixus.com/qatar-public-sector-market-research,200,standalone-landing,893,"Public Sector Market Research in Qatar 2026 | BioNixus","<em>Public Sector &amp; Government</em> market research company in <!-- -->Qatar",yes,no
/oman-fmcg-market-research,https://www.bionixus.com/oman-fmcg-market-research,200,standalone-landing,894,"FMCG Market Research in Oman 2026 | BioNixus","<em>FMCG &amp; Consumer Goods</em> market research company in <!-- -->Oman",yes,no
/services/kol-stakeholder-mapping,https://www.bionixus.com/services/kol-stakeholder-mapping,200,services,895,"KOL Mapping & Stakeholder Engagement | EMEA — BioNixus","KOL &amp; Stakeholder Mapping",yes,no
/kuwait-real-estate-market-research,https://www.bionixus.com/kuwait-real-estate-market-research,200,standalone-landing,897,"Real Estate Market Research in Kuwait 2026 | BioNixus","<em>Real Estate &amp; Construction</em> market research company in <!-- -->Kuwait",yes,no
/qatar-real-estate-market-research,https://www.bionixus.com/qatar-real-estate-market-research,200,standalone-landing,902,"Real Estate Market Research in Qatar 2026 | BioNixus","<em>Real Estate &amp; Construction</em> market research company in <!-- -->Qatar",yes,no
/qatar-financial-services-market-research,https://www.bionixus.com/qatar-financial-services-market-research,200,standalone-landing,903,"Financial Services Market Research in Qatar 2026 | BioNixus","<em>Financial Services &amp; Banking</em> market research company in <!-- -->Qatar",yes,no
/oman-public-sector-market-research,https://www.bionixus.com/oman-public-sector-market-research,200,standalone-landing,908,"Public Sector Market Research in Oman 2026 | BioNixus","<em>Public Sector &amp; Government</em> market research company in <!-- -->Oman",yes,no
/oman-real-estate-market-research,https://www.bionixus.com/oman-real-estate-market-research,200,standalone-landing,910,"Real Estate Market Research in Oman 2026 | BioNixus","<em>Real Estate &amp; Construction</em> market research company in <!-- -->Oman",yes,no
/oman-financial-services-market-research,https://www.bionixus.com/oman-financial-services-market-research,200,standalone-landing,912,"Financial Services Market Research in Oman 2026 | BioNixus","<em>Financial Services &amp; Banking</em> market research company in <!-- -->Oman",yes,no
/nupco-tender-calendar-events-2026,https://www.bionixus.com/nupco-tender-calendar-events-2026,200,standalone-landing,915,"NUPCO Tender Calendar & Events 2026 | BioNixus","NUPCO Tender Calendar &amp; Events 2026: Planning Intelligence for Saudi Access Teams",yes,no
/fr/methodology,https://www.bionixus.com/fr/methodology,200,standalone-landing,925,"Méthodologie des études de marché santé | BioNixus","Méthodologie des études de marché santé",yes,no
/services/qualitative-research,https://www.bionixus.com/services/qualitative-research,200,services,930,"Qualitative Pharma Research | KOL Interviews EMEA — BioNixus","Qualitative Pharmaceutical Research &amp; Expert Insights",yes,no
/singapore-pharmaceutical-market,https://www.bionixus.com/singapore-pharmaceutical-market,200,standalone-landing,933,"Singapore Pharmaceutical Market Intelligence 2026 | BioNixus","Singapore Pharmaceutical Market: Structure, Access &amp; Commercial Intelligence",yes,no
/services/quantitative-research,https://www.bionixus.com/services/quantitative-research,200,services,953,"Quantitative Healthcare Research | Physician Surveys EMEA","Quantitative Healthcare Research &amp; Physician Surveys",yes,no
/de/methodology,https://www.bionixus.com/de/methodology,200,standalone-landing,955,"Methodik der Gesundheitsmarktforschung | BioNixus","Methodik der Gesundheitsmarktforschung",yes,no
/physician-survey-saudi-arabia,https://www.bionixus.com/physician-survey-saudi-arabia,200,standalone-landing,964,"Saudi Physician Surveys (2026) | BioNixus","How to Conduct Physician Surveys in Saudi Arabia: A Complete Guide for Pharma Teams",yes,no
/services/competitive-intelligence,https://www.bionixus.com/services/competitive-intelligence,200,services,966,"Pharma Competitive Intelligence Services (2026) | BioNixus","Pharmaceutical Competitive Intelligence",yes,no
/fr/healthcare-market-research,https://www.bionixus.com/fr/healthcare-market-research,200,standalone-landing,982,"Recherche de marché santé et pharma | Europe et M | BioNixus","Recherche de marché santé et pharmaceutique pour l&#x27;Europe et le Moyen-Orient",yes,no
/de/bionixus-industries,https://www.bionixus.com/de/bionixus-industries,200,standalone-landing,996,"Marktforschung über Branchen hinweg | BioNixus","Ein Forschungsunternehmen, <em>das jede Branche, die wir bedienen, begleitet</em>",yes,no
/services/clinical-trial-support,https://www.bionixus.com/services/clinical-trial-support,200,services,1004,"Clinical Trial Support | Site Identification EMEA — BioNixus","Clinical Trial Support",yes,no
/b2c-industries,https://www.bionixus.com/b2c-industries,200,standalone-landing,1015,"B2C Market Research | FMCG, Retail, Telecom, Finance & More","B2C Industries Market Research",yes,no
/ru/about,https://www.bionixus.com/ru/about,200,standalone-landing,1015,"About | BioNixus","Глобальные исследования рынка — построенные на pharma, наиболее регулируемой отрасли, которую мы обслуживаем, и расширенные на доверие во всех индустриях",yes,no
/ar/bionixus-industries,https://www.bionixus.com/ar/bionixus-industries,200,ar-localized,1033,"أبحاث السوق عبر الصناعات | BioNixus","شركة أبحاث واحدة <em>ترافق كل صناعة نخدمها</em>",yes,no
/ar/methodology,https://www.bionixus.com/ar/methodology,200,ar-localized,1051,"منهجية أبحاث السوق الصحي | BioNixus","منهجية أبحاث السوق الصحي والدوائي",yes,no
/real-world-evidence,https://www.bionixus.com/real-world-evidence,200,standalone-landing,1051,"Real World Evidence (RWE) for Pharma | BioNixus EMEA & MENA","Real World Evidence (RWE) for Pharmaceutical and Biotech Teams",yes,no
/sfda-market-access-strategy-saudi-arabia,https://www.bionixus.com/sfda-market-access-strategy-saudi-arabia,200,standalone-landing,1074,"SFDA Market Access Strategy KSA | BioNixus","SFDA Market Access Strategy in Saudi Arabia: 2026 Complete Guide",yes,no
/singapore-medtech-manufacturing-market,https://www.bionixus.com/singapore-medtech-manufacturing-market,200,standalone-landing,1083,"Singapore MedTech Manufacturing Market Research | BioNixus","Singapore MedTech Manufacturing Market: Research &amp; Commercial Intelligence",yes,no
/ru/bionixus-industries,https://www.bionixus.com/ru/bionixus-industries,200,standalone-landing,1089,"Исследования рынка во всех отраслях | BioNixus","Одна исследовательская компания, <em>сопровождающая каждую отрасль, которую мы обслуживаем</em>",yes,no
/ar/abhath-suq-adwiyah-saudi-arabia,https://www.bionixus.com/ar/abhath-suq-adwiyah-saudi-arabia,200,ar-localized,1094,"أبحاث سوق الأدوية في المملكة العربية السعودية | بيونيكسس","أبحاث سوق الأدوية في المملكة العربية السعودية",yes,no
/kol-mapping-saudi-arabia-oncology,https://www.bionixus.com/kol-mapping-saudi-arabia-oncology,200,standalone-landing,1102,"KOL Mapping for Oncology in Saudi Arabia | BioNixus MENA Research","KOL Mapping for Oncology in Saudi Arabia: Methodology, Data, and Engagement Strategy",yes,no
/pharma-healthcare-industries,https://www.bionixus.com/pharma-healthcare-industries,200,standalone-landing,1114,"Pharma & Healthcare Market Research | BioNixus Industries","Pharma &amp; Healthcare Market Research",yes,no
/de/about,https://www.bionixus.com/de/about,200,standalone-landing,1152,"About | BioNixus","Globale Marktforschung — auf pharmazeutischer Forschung aufgebaut, der am stärksten regulierten Branche, die wir bedienen, und über Branchen hinweg ausgeweitet",yes,no
/ar/about,https://www.bionixus.com/ar/about,200,ar-localized,1154,"About | BioNixus","أبحاث سوق عالمية — مبنية على قطاع الأدوية، أكثر القطاعات تنظيمًا الذي نخدمه، وتوسّعت لتُوثَق عبر الصناعات",yes,no
/pt/about,https://www.bionixus.com/pt/about,200,standalone-landing,1160,"About | BioNixus","Pesquisa de mercado global — construída sobre pharma, a indústria mais regulada que servimos, e expandida para ser confiável em todas as indústrias",yes,no
/es/about,https://www.bionixus.com/es/about,200,standalone-landing,1175,"About | BioNixus","Investigación de mercado global — construida sobre pharma, la industria más regulada que servimos, y ampliada para ser de confianza en todas las industrias",yes,no
/services/market-access,https://www.bionixus.com/services/market-access,200,services,1176,"Market Access Consulting | HTA EMEA & GCC Pricing | BioNixus","Market Access Consulting | HTA EMEA &amp; GCC Pricing",yes,no
/bionixus-industries,https://www.bionixus.com/bionixus-industries,200,standalone-landing,1184,"Market Research Across Industries | BioNixus","One research firm <em>guiding every industry we serve</em>",yes,no
/market-research-home,https://www.bionixus.com/market-research-home,200,standalone-landing,1191,"Market research data insights | BioNixus Consultancy","Market Research Precise Accurate Data",yes,no
/fr/about,https://www.bionixus.com/fr/about,200,standalone-landing,1194,"À propos de BioNixus | BioNixus","Recherche marché mondiale — fondée sur le pharma, l’industrie la plus réglementée que nous servons, et étendue à l’ensemble des secteurs",yes,no
/fr/bionixus-industries,https://www.bionixus.com/fr/bionixus-industries,200,standalone-landing,1212,"Recherche marché tous secteurs | BioNixus","Un cabinet de recherche <em>qui accompagne chaque industrie que nous servons</em>",yes,no
/pharmaceutical-therapy-areas,https://www.bionixus.com/pharmaceutical-therapy-areas,200,standalone-landing,1212,"Pharmaceutical Therapy Areas Market Research | BioNixus","Pharmaceutical Therapy Areas Market Research Across MENA, UK, and Europe",yes,no
/pt/bionixus-industries,https://www.bionixus.com/pt/bionixus-industries,200,standalone-landing,1247,"Pesquisa de mercado em todas as indústrias | BioNixus","Uma firma de pesquisa <em>a orientar cada indústria que servimos</em>",yes,no
/es/bionixus-industries,https://www.bionixus.com/es/bionixus-industries,200,standalone-landing,1285,"Investigación de mercado en todas las industrias | BioNixus","Una firma de investigación <em>que guía cada industria que servimos</em>",yes,no
/pt/pesquisa-mercado-saude-brasil,https://www.bionixus.com/pt/pesquisa-mercado-saude-brasil,200,standalone-landing,1290,"Empresa de Pesquisa de Mercado de Saúde no Brasil | BioNixus","Empresa de Pesquisa de Mercado de Saúde no Brasil",yes,no
/egypt-healthcare-market-research,https://www.bionixus.com/egypt-healthcare-market-research,200,standalone-landing,1293,"Healthcare Market Research Company in Egypt | BioNixus","Healthcare Market Research Company in Egypt",yes,no
/pt/pesquisa-mercado-farmaceutico-brasil,https://www.bionixus.com/pt/pesquisa-mercado-farmaceutico-brasil,200,standalone-landing,1295,"Empresa de Pesquisa de Mercado Farmacêutico no Br | BioNixus","Empresa de Pesquisa de Mercado Farmacêutico no Brasil",yes,no
/nf1-pharma-market-research,https://www.bionixus.com/nf1-pharma-market-research,200,standalone-landing,1308,"NF1 Pharma Market Research Services | BioNixus","NF1 Pharma Market Research &amp; Competitive Intelligence Services",yes,no
/ar/insights/top-market-research-companies-egypt-2026,https://www.bionixus.com/ar/insights/top-market-research-companies-egypt-2026,200,ar-localized,1316,"5 أفضل شركات أبحاث السوق في مصر (2026) | دليل المشترين | BioNixus","5 أفضل شركات أبحاث السوق في مصر (2026)",yes,no
/ar/insights/top-sharaket-abhath-alsuq-alsaudia-2026,https://www.bionixus.com/ar/insights/top-sharaket-abhath-alsuq-alsaudia-2026,200,ar-localized,1323,"أفضل شركات أبحاث السوق في السعودية 2026 | بيونيكسس","أفضل شركات أبحاث السوق في المملكة العربية السعودية (تصنيف 2026)",yes,no
/ar/blog,https://www.bionixus.com/ar/blog,200,ar-localized,1332,"المدونة العربية: أبحاث السوق الصحي والدوائي | BioNixus","تحديثات عربية لأبحاث الرعاية الصحية والدواء",yes,no
/fr/blog,https://www.bionixus.com/fr/blog,200,standalone-landing,1447,"Blog Insights Marché Santé | BioNixus","Insights marché santé pour la France &amp; l’EMEA",yes,no
/de/blog,https://www.bionixus.com/de/blog,200,standalone-landing,1459,"Healthcare Markt-Insights Blog | BioNixus","Healthcare Markt-Insights für DACH &amp; EMEA",yes,no
/biosimilar-market-entry-saudi-arabia,https://www.bionixus.com/biosimilar-market-entry-saudi-arabia,200,standalone-landing,1460,"Biosimilar Entry Saudi Arabia (2026) | BioNixus","Biosimilar Market Entry in Saudi Arabia: 2026 Strategy Guide",yes,no
/de/services,https://www.bionixus.com/de/services,200,standalone-landing,1512,"Pharmazeutische Marktforschung Deutschland & Euro | BioNixus","Pharmazeutische und Gesundheitsmarktforschung für Deutschland und Europa",yes,no
/spain-medical-devices-market-report,https://www.bionixus.com/spain-medical-devices-market-report,200,standalone-landing,1521,"Spain Medical Devices Market Report 2026 | BioNixus","Spain Medical Devices Market Report 2026: AEMPS Regulation, SNS Reimbursement, and Regional Procurement Intelligence",yes,no
/healthcare-market-research-usa,https://www.bionixus.com/healthcare-market-research-usa,200,healthcare-market-research,1529,"Healthcare Market Research Company in USA | BioNixus","Healthcare &amp; Pharmaceutical Market Research in the USA",yes,no
/healthcare-market-research-netherlands,https://www.bionixus.com/healthcare-market-research-netherlands,200,healthcare-market-research,1535,"Healthcare Market Research Company in the Netherl | BioNixus","Healthcare &amp; Pharmaceutical Market Research in the Netherlands",yes,no
/ru/methodology,https://www.bionixus.com/ru/methodology,200,standalone-landing,1541,"Методология исследований рынка здравоохранения | BioNixus","Методология исследований рынка здравоохранения",yes,no
/uae-pharmaceutical-market-research,https://www.bionixus.com/uae-pharmaceutical-market-research,200,standalone-landing,1545,"Healthcare Market Research Company in UAE | BioNixus","Healthcare &amp; Pharmaceutical Market Research Company in UAE",yes,no
/healthcare-market-research-spain,https://www.bionixus.com/healthcare-market-research-spain,200,healthcare-market-research,1549,"Healthcare Market Research Company in Spain | BioNixus","Healthcare Market Research Company in Spain",yes,no
/pt/methodology,https://www.bionixus.com/pt/methodology,200,standalone-landing,1572,"Metodologia de pesquisa de mercado em saúde | BioNixus","Metodologia de pesquisa de mercado em saúde",yes,no
/egypt-pharmaceutical-market-research,https://www.bionixus.com/egypt-pharmaceutical-market-research,200,standalone-landing,1573,"Pharmaceutical Market Research in Egypt | EDA & U | BioNixus","Healthcare &amp; Pharmaceutical Market Research Company in Egypt",yes,no
/client-reviews,https://www.bionixus.com/client-reviews,200,standalone-landing,1574,"Client Reviews | BioNixus Pharmaceutical Market Research","Recommended by more than <!-- -->40<!-- --> happy clients",yes,no
/healthcare-market-research-canada,https://www.bionixus.com/healthcare-market-research-canada,200,healthcare-market-research,1575,"Healthcare Market Research Company in Canada | BioNixus","Healthcare &amp; Pharmaceutical Market Research in Canada",yes,no
/healthcare-market-research-sweden,https://www.bionixus.com/healthcare-market-research-sweden,200,healthcare-market-research,1580,"Healthcare Market Research Company in Sweden | BioNixus","Healthcare &amp; Pharmaceutical Market Research in Sweden",yes,no
/south-korea-medical-devices-market-report,https://www.bionixus.com/south-korea-medical-devices-market-report,200,standalone-landing,1587,"South Korea Medical Devices Market Report 2026 | BioNixus","South Korea Medical Devices Market Report 2026: MFDS Regulation, NHIS Reimbursement, and Export Market Intelligence",yes,no
/ar/insights/top-sharaket-abhath-sihha-alsaudia-2026,https://www.bionixus.com/ar/insights/top-sharaket-abhath-sihha-alsaudia-2026,200,ar-localized,1592,"أفضل شركات أبحاث سوق الرعاية الصحية في السعودية (2026) | بيونيكسس","أفضل شركات أبحاث سوق الرعاية الصحية في المملكة العربية السعودية (دليل 2026)",yes,no
/healthcare-market-research-turkey,https://www.bionixus.com/healthcare-market-research-turkey,200,healthcare-market-research,1620,"Healthcare Market Research Company in Turkey | BioNixus","Healthcare &amp; Pharmaceutical Market Research in Turkey",yes,no
/healthcare-market-research-poland,https://www.bionixus.com/healthcare-market-research-poland,200,healthcare-market-research,1624,"Healthcare Market Research Company in Poland | BioNixus","Healthcare &amp; Pharmaceutical Market Research in Poland",yes,no
/kuwait-medical-devices-market-report,https://www.bionixus.com/kuwait-medical-devices-market-report,200,standalone-landing,1626,"Kuwait Medical Devices Market Report 2026 | BioNixus","Kuwait Medical Devices Market Report 2026: CMS Procurement, MOPH Registration, and Hospital Intelligence",yes,no
/singapore-medical-devices-market-report,https://www.bionixus.com/singapore-medical-devices-market-report,200,standalone-landing,1641,"Singapore Medical Devices Market Report 2026 | BioNixus","Singapore Medical Devices Market Report 2026: HSA Regulation, ASEAN Distribution Hub, and Medical Tourism Intelligence",yes,no
/turkey-medical-devices-market-report,https://www.bionixus.com/turkey-medical-devices-market-report,200,standalone-landing,1648,"Turkey Medical Devices Market Report 2026 | BioNixus","Turkey Medical Devices Market Report 2026: TİTCK Regulation, SGK SUT Reimbursement, and Medical Tourism Intelligence",yes,no
/healthcare-market-research-ireland,https://www.bionixus.com/healthcare-market-research-ireland,200,healthcare-market-research,1649,"Healthcare Market Research Company in Ireland | BioNixus","Healthcare &amp; Pharmaceutical Market Research in Ireland",yes,no
/healthcare-market-research/therapy/dermatology,https://www.bionixus.com/healthcare-market-research/therapy/dermatology,200,healthcare-market-research,1651,"Dermatology Market Research | BioNixus","Dermatology market research",yes,no
/india-medical-devices-market-report,https://www.bionixus.com/india-medical-devices-market-report,200,standalone-landing,1652,"India Medical Devices Market Report 2026 | BioNixus","India Medical Devices Market Report 2026: CDSCO MDR 2017, PLI Manufacturing, and Commercial Intelligence",yes,no
/healthcare-market-research-australia,https://www.bionixus.com/healthcare-market-research-australia,200,healthcare-market-research,1656,"Healthcare Market Research Company in Australia | BioNixus","Healthcare &amp; Pharmaceutical Market Research in Australia",yes,no
/healthcare-market-research-malaysia,https://www.bionixus.com/healthcare-market-research-malaysia,200,healthcare-market-research,1660,"Healthcare Market Research Company in Malaysia | BioNixus","Healthcare &amp; Pharmaceutical Market Research in Malaysia",yes,no
/healthcare-market-research-uk,https://www.bionixus.com/healthcare-market-research-uk,200,healthcare-market-research,1661,"Healthcare Market Research Company in the UK | BioNixus","Healthcare &amp; Pharmaceutical Market Research in the UK",yes,no
/healthcare-market-research-denmark,https://www.bionixus.com/healthcare-market-research-denmark,200,healthcare-market-research,1667,"Healthcare Market Research Company in Denmark | BioNixus","Healthcare &amp; Pharmaceutical Market Research in Denmark",yes,no
/pharmacies-saudi-arabia-marketing,https://www.bionixus.com/pharmacies-saudi-arabia-marketing,200,standalone-landing,1681,"Pharmacy Market Research Saudi Arabia: Boost Reta | BioNixus","Market Research &amp; Marketing Automation for Pharmacies in Saudi Arabia",yes,no
/healthcare-market-research-singapore,https://www.bionixus.com/healthcare-market-research-singapore,200,healthcare-market-research,1686,"Healthcare Market Research Company in Singapore | BioNixus","Healthcare &amp; Pharmaceutical Market Research in Singapore",yes,no
/egypt-medical-devices-market-report,https://www.bionixus.com/egypt-medical-devices-market-report,200,standalone-landing,1699,"Egypt Medical Devices Market 2026: Size, EDA & Forecast","Egypt Medical Devices Market Report 2026: Market Size, UHI Program, and Cairo Hospital Intelligence",yes,no
/clinical-diagnostics-market-research,https://www.bionixus.com/clinical-diagnostics-market-research,200,standalone-landing,1703,"Clinical Diagnostics Market Research | QC & Immunohematolog","Clinical Diagnostics Market Assessment",yes,no
/healthcare-market-research-india,https://www.bionixus.com/healthcare-market-research-india,200,healthcare-market-research,1710,"Healthcare Market Research Company in India | BioNixus","Healthcare &amp; Pharmaceutical Market Research in India",yes,no
/healthcare-market-research-argentina,https://www.bionixus.com/healthcare-market-research-argentina,200,healthcare-market-research,1719,"Healthcare Market Research Company in Argentina | BioNixus","Healthcare &amp; Pharmaceutical Market Research in Argentina",yes,no
/ar/insights/top-market-research-companies-kuwait-2026,https://www.bionixus.com/ar/insights/top-market-research-companies-kuwait-2026,200,ar-localized,1744,"أفضل شركات أبحاث السوق في الكويت (دليل 2026) | BioNixus","أفضل شركات أبحاث السوق في الكويت (دليل 2026)",yes,no
/healthcare-market-research-switzerland,https://www.bionixus.com/healthcare-market-research-switzerland,200,healthcare-market-research,1759,"Healthcare Market Research Switzerland | BioNixus","Healthcare Market Research Company in Switzerland",yes,no
/healthcare-market-research/therapy/neurology-cns,https://www.bionixus.com/healthcare-market-research/therapy/neurology-cns,200,healthcare-market-research,1766,"Neurology & CNS Market Research | BioNixus","Neurology &amp; CNS market research",yes,no
/ru,https://www.bionixus.com/ru,200,standalone-landing,1772,"BioNixus | Маркетинговые исследования Pharma и Healthcare","Исследования, формирующие<!-- --> <em class=""font-medium not-italic text-transparent bg-clip-text bg-gradient-to-br from-[#C9A84C] to-[#E4CC7A]"">вашу стратегию</em>",yes,no
/de,https://www.bionixus.com/de,200,standalone-landing,1784,"BioNixus | Pharma- & Gesundheitsmarktforschung Global","Forschung, die<!-- --> <em class=""font-medium not-italic text-transparent bg-clip-text bg-gradient-to-br from-[#C9A84C] to-[#E4CC7A]"">Pharmazeutische Strategie prägt</em>",yes,no
/uk-medical-devices-market-report,https://www.bionixus.com/uk-medical-devices-market-report,200,standalone-landing,1794,"UK Medical Devices Market Report 2026 | BioNixus","UK Medical Devices Market Report 2026: UKCA Marking, NHS Supply Chain, and MHRA Regulatory Intelligence",yes,no
/healthcare-market-research-japan,https://www.bionixus.com/healthcare-market-research-japan,200,healthcare-market-research,1808,"Healthcare Market Research Company in Japan | BioNixus","Healthcare &amp; Pharmaceutical Market Research in Japan",yes,no
/healthcare-market-research/therapy/digital-health,https://www.bionixus.com/healthcare-market-research/therapy/digital-health,200,healthcare-market-research,1820,"Digital Health Market Research | BioNixus","Digital health market research",yes,no
/healthcare-market-research-south-korea,https://www.bionixus.com/healthcare-market-research-south-korea,200,healthcare-market-research,1840,"Healthcare Market Research Company in South Korea | BioNixus","Healthcare &amp; Pharmaceutical Market Research in South Korea",yes,no
/healthcare-market-research/therapy/cardiovascular,https://www.bionixus.com/healthcare-market-research/therapy/cardiovascular,200,healthcare-market-research,1846,"Cardiovascular Market Research | BioNixus","Cardiovascular market research",yes,no
/services,https://www.bionixus.com/services,200,services,1847,"Market Research Services | Pharma, Healthcare & B | BioNixus","Market research services for pharma, healthcare, and commercial industries",yes,no
/brazil-healthcare-market-research,https://www.bionixus.com/brazil-healthcare-market-research,200,standalone-landing,1853,"Healthcare Market Research Company in Brazil | BioNixus","Healthcare Market Research Company in Brazil",yes,no
/ar/insights/top-market-research-companies-qatar-2026,https://www.bionixus.com/ar/insights/top-market-research-companies-qatar-2026,200,ar-localized,1879,"أفضل شركات أبحاث السوق في قطر (دليل 2026) | بيونيكسوس | BioNixus","أفضل شركات أبحاث السوق في قطر (دليل 2026)",yes,no
/pt,https://www.bionixus.com/pt,200,standalone-landing,1880,"BioNixus | Pesquisa de Mercado Pharma e Saúde Global","A pesquisa que molda<!-- --> <em class=""font-medium not-italic text-transparent bg-clip-text bg-gradient-to-br from-[#C9A84C] to-[#E4CC7A]"">a sua estratégia</em>",yes,no
/india-healthcare-market-report,https://www.bionixus.com/india-healthcare-market-report,200,standalone-landing,1882,"India Healthcare Market Report 2026 | BioNixus","India Healthcare Market Report 2026: CDSCO, Ayushman Bharat, and Pharmaceutical Market Intelligence",yes,no
/pharmaceutical-companies-iraq,https://www.bionixus.com/pharmaceutical-companies-iraq,200,standalone-landing,1884,"Top Pharmaceutical Companies in Iraq (2026 KIMADIA Guide)","Pharmaceutical Companies in Iraq",yes,no
/germany-medical-devices-market-report,https://www.bionixus.com/germany-medical-devices-market-report,200,standalone-landing,1891,"Germany Medical Devices Market Report 2026 | BioNixus","Germany Medical Devices Market Report 2026: EU MDR Compliance, DRG Reimbursement, and Hospital Procurement Intelligence",yes,no
/healthcare-market-research-bahrain,https://www.bionixus.com/healthcare-market-research-bahrain,200,healthcare-market-research,1892,"Healthcare Market Research Bahrain | NHRA-Aligned | BioNixus","Healthcare &amp; Pharmaceutical Market Research in Bahrain",yes,no
/healthcare-market-research/therapy/biosimilars,https://www.bionixus.com/healthcare-market-research/therapy/biosimilars,200,healthcare-market-research,1896,"Biosimilars Market Research | BioNixus","Biosimilars market research",yes,no
/healthcare-market-research-china,https://www.bionixus.com/healthcare-market-research-china,200,healthcare-market-research,1903,"Healthcare Market Research Company in China | BioNixus","Healthcare &amp; Pharmaceutical Market Research in China",yes,no
/pharmaceutical-market-research-qatar,https://www.bionixus.com/pharmaceutical-market-research-qatar,200,standalone-landing,1907,"Healthcare Market Research Company in Qatar | BioNixus","Healthcare &amp; Pharmaceutical Market Research Company in Qatar",yes,no
/pharmaceutical-companies-iran,https://www.bionixus.com/pharmaceutical-companies-iran,200,standalone-landing,1911,"Top 18 Pharmaceutical Companies in Iran (2026 Ranked List)","Pharmaceutical Companies in Iran",yes,no
/bionixus-vs-iqvia-mena,https://www.bionixus.com/bionixus-vs-iqvia-mena,200,standalone-landing,1914,"BioNixus vs IQVIA MENA Research (2026) | BioNixus","BioNixus vs IQVIA for MENA Healthcare Research: Direct Comparison 2026",yes,no
/brazil-healthcare-market-report,https://www.bionixus.com/brazil-healthcare-market-report,200,standalone-landing,1925,"Brazil Healthcare & Pharma Market 2026: Size, ANVISA & Outlook","Brazil Healthcare Market Report 2026: ANVISA, SUS, CONITEC, and Pharmaceutical Market Intelligence",yes,no
/healthcare-market-research-new-zealand,https://www.bionixus.com/healthcare-market-research-new-zealand,200,healthcare-market-research,1929,"Healthcare Market Research Company in New Zealand | BioNixus","Healthcare &amp; Pharmaceutical Market Research in New Zealand",yes,no
/turkey-healthcare-market-report,https://www.bionixus.com/turkey-healthcare-market-report,200,standalone-landing,1929,"Turkey Healthcare Market 2026: Size, TITCK & SGK Outlook","Turkey Healthcare Market Report 2026: TİTCK, SGK Reimbursement, and Europe-MENA Crossroads Market Intelligence",yes,no
/gcc-market-access-guide,https://www.bionixus.com/gcc-market-access-guide,200,standalone-landing,1935,"GCC Market Access 2026: Pharma & MedTech Entry Guide","GCC pharmaceutical market access guide 2026 — registration, pricing, and reimbursement",yes,no
/es/insights/top-empresas-investigacion-mercado-argentina-2026,https://www.bionixus.com/es/insights/top-empresas-investigacion-mercado-argentina-2026,200,standalone-landing,1939,"Argentina: Empresas de Investigación de Mercado 2 | BioNixus","5 Mejores Empresas de Investigación de Mercado en Argentina (2026)",yes,no
/healthcare-market-research-italy,https://www.bionixus.com/healthcare-market-research-italy,200,healthcare-market-research,1947,"Healthcare Market Research Company in Italy | BioNixus","Healthcare &amp; Pharmaceutical Market Research in Italy",yes,no
/pt/insights/top-market-research-companies-brasil-2026,https://www.bionixus.com/pt/insights/top-market-research-companies-brasil-2026,200,standalone-landing,1956,"Brasil: Empresas de Pesquisa de Mercado 2026 | BioNixus","5 Melhores Empresas de Pesquisa de Mercado no Brasil (2026)",yes,no
/pt/insights/top-empresas-pesquisa-mercado-brasil-2026,https://www.bionixus.com/pt/insights/top-empresas-pesquisa-mercado-brasil-2026,200,standalone-landing,1958,"Top Empresas de Pesquisa de Mercado no Brasil 202 | BioNixus","Top Empresas de Pesquisa de Mercado no Brasil",yes,no
/poland-medtech-market-research,https://www.bionixus.com/poland-medtech-market-research,200,standalone-landing,1967,"MedTech Market Research Company in Poland (2026) | URPL...","MedTech &amp; Medical Devices Market Research Company in Poland",yes,no
/de/healthcare-market-research/germany,https://www.bionixus.com/de/healthcare-market-research/germany,200,standalone-landing,1968,"Healthcare-Marktforschung Deutschland | BioNixus","Healthcare-Marktforschung in Deutschland",yes,no
/brazil-pharmaceutical-market-research,https://www.bionixus.com/brazil-pharmaceutical-market-research,200,standalone-landing,1971,"Pharmaceutical Market Research Company in Brazil | BioNixus","Pharmaceutical Market Research Company in Brazil",yes,no
/malaysia-medtech-market-research,https://www.bionixus.com/malaysia-medtech-market-research,200,standalone-landing,1985,"MedTech Market Research Company in Malaysia (2026) | MDA...","MedTech &amp; Medical Devices Market Research Company in Malaysia",yes,no
/denmark-medtech-market-research,https://www.bionixus.com/denmark-medtech-market-research,200,standalone-landing,1994,"MedTech Market Research Company in Denmark (2026) | Danish.","MedTech &amp; Medical Devices Market Research Company in Denmark",yes,no
/spain-medtech-market-research,https://www.bionixus.com/spain-medtech-market-research,200,standalone-landing,1996,"MedTech Market Research Company in Spain (2026) | AEMPS...","MedTech &amp; Medical Devices Market Research Company in Spain",yes,no
/switzerland-medtech-market-research,https://www.bionixus.com/switzerland-medtech-market-research,200,standalone-landing,1998,"MedTech Market Research Company in Switzerland (2026) |...","MedTech &amp; Medical Devices Market Research Company in Switzerland",yes,no
/brazil-medtech-market-research,https://www.bionixus.com/brazil-medtech-market-research,200,standalone-landing,1999,"MedTech Market Research Company in Brazil (2026) | ANVISA...","MedTech &amp; Medical Devices Market Research Company in Brazil",yes,no
/bahrain-healthcare-market-research,https://www.bionixus.com/bahrain-healthcare-market-research,200,standalone-landing,2001,"Healthcare Market Research in Bahrain 2026 | BioNixus","<em>Healthcare Providers &amp; Hospitals</em> market research company in <!-- -->Bahrain",no,no
/market-research-in-egypt,https://www.bionixus.com/market-research-in-egypt,200,standalone-landing,2010,"Market Research Companies in Egypt | BioNixus","Market Research Company in Egypt",no,no
/bahrain-biotech-market-research,https://www.bionixus.com/bahrain-biotech-market-research,200,standalone-landing,2017,"Biotech Market Research in Bahrain 2026 | BioNixus","<em>Biotech &amp; Life Sciences</em> market research company in <!-- -->Bahrain",no,no
/ar/market-research-egypt,https://www.bionixus.com/ar/market-research-egypt,200,ar-localized,2018,"Market Research Egypt | BioNixus","أبحاث السوق في مصر",no,no
/gcc-pharmaceutical-market-research,https://www.bionixus.com/gcc-pharmaceutical-market-research,200,standalone-landing,2021,"GCC Biologics & Generic Injectables Market 2026 | BioNixus","GCC Biologics &amp; Generic Injectables Market Research 2026 — Precision Medicine &amp; Drug Repurposing",no,no
/kantar-health-alternative-gcc,https://www.bionixus.com/kantar-health-alternative-gcc,200,standalone-landing,2022,"Kantar Health Alternative in GCC & Middle East | BioNixus","Kantar Health Alternative for GCC and Middle East — BioNixus",no,no
/pharmaceutical-market-research-bahrain,https://www.bionixus.com/pharmaceutical-market-research-bahrain,200,standalone-landing,2022,"Healthcare Market Research Company in Bahrain | BioNixus","Healthcare &amp; Pharmaceutical Market Research Company in Bahrain",no,no
/ar/market-research-kuwait,https://www.bionixus.com/ar/market-research-kuwait,200,ar-localized,2024,"أبحاث السوق في الكويت | BioNixus","أبحاث السوق في الكويت",no,no
/bahrain-medtech-market-research,https://www.bionixus.com/bahrain-medtech-market-research,200,standalone-landing,2027,"MedTech Market Research in Bahrain 2026 | BioNixus","<em>MedTech &amp; Medical Devices</em> market research company in <!-- -->Bahrain",no,no
/egypt-biotech-market-research,https://www.bionixus.com/egypt-biotech-market-research,200,standalone-landing,2033,"Biotech Market Research in Egypt 2026 | BioNixus","<em>Biotech &amp; Life Sciences</em> market research company in <!-- -->Egypt",no,no
/gfk-alternative-egypt,https://www.bionixus.com/gfk-alternative-egypt,200,standalone-landing,2040,"GfK Alternative in Egypt — International Market Research | BioNixus","GfK Alternative in Egypt — International Market Research by BioNixus",no,no
/italy-medtech-market-research,https://www.bionixus.com/italy-medtech-market-research,200,standalone-landing,2042,"MedTech Market Research Company in Italy (2026) | AIFA / EU","MedTech &amp; Medical Devices Market Research Company in Italy",no,no
/pharmaceutical-market-research-jordan,https://www.bionixus.com/pharmaceutical-market-research-jordan,200,standalone-landing,2046,"Pharmaceutical Market Research Company in Jordan | BioNixus","Pharmaceutical Market Research Company in Jordan",no,no
/healthcare-market-research/singapore,https://www.bionixus.com/healthcare-market-research/singapore,200,healthcare-market-research,2047,"Healthcare Market Research Singapore | HSA Fieldw | BioNixus","Healthcare Market Research in Singapore",no,no
/uae-biotech-market-research,https://www.bionixus.com/uae-biotech-market-research,200,standalone-landing,2047,"Biotech Market Research in UAE 2026 | BioNixus","<em>Biotech &amp; Life Sciences</em> market research company in <!-- -->UAE",no,no
/healthcare-market-research/services/qualitative-research,https://www.bionixus.com/healthcare-market-research/services/qualitative-research,200,healthcare-market-research,2049,"qualitative research Healthcare Research Service | BioNixus","Qualitative research research service",no,no
/pharmaceutical-market-research-dubai,https://www.bionixus.com/pharmaceutical-market-research-dubai,200,standalone-landing,2049,"Healthcare Market Research Dubai | Pharma Fieldwork UAE | BioNixus","Pharmaceutical Market Research Companies in Dubai — BioNixus UAE",no,no
/qatar-healthcare-market-research,https://www.bionixus.com/qatar-healthcare-market-research,200,standalone-landing,2049,"Healthcare Market Research in Qatar 2026 | BioNixus","<em>Healthcare Providers &amp; Hospitals</em> market research company in <!-- -->Qatar",no,no
/oman-healthcare-market-research,https://www.bionixus.com/oman-healthcare-market-research,200,standalone-landing,2051,"Healthcare Market Research in Oman 2026 | BioNixus","<em>Healthcare Providers &amp; Hospitals</em> market research company in <!-- -->Oman",no,no
/kuwait-healthcare-market-research,https://www.bionixus.com/kuwait-healthcare-market-research,200,standalone-landing,2052,"Healthcare Market Research in Kuwait 2026 | BioNixus","<em>Healthcare Providers &amp; Hospitals</em> market research company in <!-- -->Kuwait",no,no
/healthcare-market-research/japan,https://www.bionixus.com/healthcare-market-research/japan,200,healthcare-market-research,2054,"Healthcare Market Research Japan | PMDA Fieldwork | BioNixus","Pharmaceutical Market Research in Japan",no,no
/healthcare-market-research/services/kol-mapping,https://www.bionixus.com/healthcare-market-research/services/kol-mapping,200,healthcare-market-research,2055,"kol mapping Healthcare Research Service | BioNixus","Kol mapping research service",no,no
/healthcare-market-research/services/quantitative-research,https://www.bionixus.com/healthcare-market-research/services/quantitative-research,200,healthcare-market-research,2059,"quantitative research Healthcare Research Service | BioNixus","Quantitative research research service",no,no
/healthcare-market-research/therapy/cardiology,https://www.bionixus.com/healthcare-market-research/therapy/cardiology,200,healthcare-market-research,2060,"Cardiology Market Research | BioNixus","Cardiology market research",no,no
/south-korea-medtech-market-research,https://www.bionixus.com/south-korea-medtech-market-research,200,standalone-landing,2063,"MedTech Market Research Company in South Korea (2026) | MFD","MedTech &amp; Medical Devices Market Research Company in South Korea",no,no
/bahrain-consumer-health-market-research,https://www.bionixus.com/bahrain-consumer-health-market-research,200,standalone-landing,2065,"Consumer Health Market Research in Bahrain 2026 | BioNixus","<em>Consumer Health &amp; OTC</em> market research company in <!-- -->Bahrain",no,no
/new-zealand-medtech-market-research,https://www.bionixus.com/new-zealand-medtech-market-research,200,standalone-landing,2065,"MedTech Market Research Company in New Zealand (2026) |...","MedTech &amp; Medical Devices Market Research Company in New Zealand",no,no
/egypt-consumer-health-market-research,https://www.bionixus.com/egypt-consumer-health-market-research,200,standalone-landing,2066,"Consumer Health Market Research in Egypt 2026 | BioNixus","<em>Consumer Health &amp; OTC</em> market research company in <!-- -->Egypt",no,no
/healthcare-market-research/therapy/aesthetic-medicine,https://www.bionixus.com/healthcare-market-research/therapy/aesthetic-medicine,200,healthcare-market-research,2066,"Aesthetic Medicine Market Research | BioNixus","Aesthetic medicine market research",no,no
/healthcare-market-research/therapy/respiratory,https://www.bionixus.com/healthcare-market-research/therapy/respiratory,200,healthcare-market-research,2067,"Respiratory Market Research | BioNixus","Respiratory market research",no,no
/ar/market-research-saudi,https://www.bionixus.com/ar/market-research-saudi,200,ar-localized,2069,"أبحاث السوق السعودية | BioNixus","أبحاث السوق في السعودية",no,no
/kuwait-biotech-market-research,https://www.bionixus.com/kuwait-biotech-market-research,200,standalone-landing,2069,"Biotech Market Research in Kuwait 2026 | BioNixus","<em>Biotech &amp; Life Sciences</em> market research company in <!-- -->Kuwait",no,no
/egypt-medtech-market-research,https://www.bionixus.com/egypt-medtech-market-research,200,standalone-landing,2071,"MedTech Market Research in Egypt 2026 | BioNixus","<em>MedTech &amp; Medical Devices</em> market research company in <!-- -->Egypt",no,no
/uae-consumer-health-market-research,https://www.bionixus.com/uae-consumer-health-market-research,200,standalone-landing,2072,"Consumer Health Market Research in UAE 2026 | BioNixus","<em>Consumer Health &amp; OTC</em> market research company in <!-- -->UAE",no,no
/singapore-medtech-market-research,https://www.bionixus.com/singapore-medtech-market-research,200,standalone-landing,2073,"MedTech Market Research Company in Singapore (2026) | HSA...","MedTech &amp; Medical Devices Market Research Company in Singapore",no,no
/china-medtech-market-research,https://www.bionixus.com/china-medtech-market-research,200,standalone-landing,2075,"MedTech Market Research Company in China (2026) | NMPA...","MedTech &amp; Medical Devices Market Research Company in China",no,no
/healthcare-market-research/spain,https://www.bionixus.com/healthcare-market-research/spain,200,healthcare-market-research,2075,"Healthcare Market Research Spain | AEMPS Fieldwor | BioNixus","Pharmaceutical Market Research in Spain",no,no
/market-research-saudi-arabia-pharmaceutical,https://www.bionixus.com/market-research-saudi-arabia-pharmaceutical,200,standalone-landing,2075,"Pharma Market Research Company Saudi Arabia | BioNixus","Pharma Market Research Company in Saudi Arabia",no,no
/uae-medtech-market-research,https://www.bionixus.com/uae-medtech-market-research,200,standalone-landing,2075,"MedTech Market Research in UAE 2026 | BioNixus","<em>MedTech &amp; Medical Devices</em> market research company in <!-- -->UAE",no,no
/healthcare-market-research/france,https://www.bionixus.com/healthcare-market-research/france,200,healthcare-market-research,2076,"Healthcare Market Research France | HAS & ANSM | BioNixus","Pharmaceutical Market Research in France",no,no
/qatar-biotech-market-research,https://www.bionixus.com/qatar-biotech-market-research,200,standalone-landing,2076,"Biotech Market Research in Qatar 2026 | BioNixus","<em>Biotech &amp; Life Sciences</em> market research company in <!-- -->Qatar",no,no
/kuwait-medtech-market-research,https://www.bionixus.com/kuwait-medtech-market-research,200,standalone-landing,2077,"MedTech Market Research in Kuwait 2026 | BioNixus","<em>MedTech &amp; Medical Devices</em> market research company in <!-- -->Kuwait",no,no
/healthcare-market-research/services/physician-insights,https://www.bionixus.com/healthcare-market-research/services/physician-insights,200,healthcare-market-research,2078,"physician insights Healthcare Research Service | BioNixus","Physician insights research service",no,no
/healthcare-market-research/germany,https://www.bionixus.com/healthcare-market-research/germany,200,healthcare-market-research,2085,"Healthcare Market Research Germany | AMNOG & G-BA | BioNixus","Pharmaceutical Market Research in Germany",no,no
/oman-biotech-market-research,https://www.bionixus.com/oman-biotech-market-research,200,standalone-landing,2085,"Biotech Market Research in Oman 2026 | BioNixus","<em>Biotech &amp; Life Sciences</em> market research company in <!-- -->Oman",no,no
/pharmaceutical-market-research-oman,https://www.bionixus.com/pharmaceutical-market-research-oman,200,standalone-landing,2089,"Pharmaceutical Market Research Company in Oman | BioNixus","Healthcare &amp; Pharmaceutical Market Research Company in Oman",no,no
/egypt-healthcare-market-report,https://www.bionixus.com/egypt-healthcare-market-report,200,standalone-landing,2092,"Egypt Healthcare Market 2026: Size, UHI Rollout & Forecast","Egypt Healthcare Market Report 2026: Pharmaceutical Intelligence, UHI Access, and EDA Registration",no,no
/france-medtech-market-research,https://www.bionixus.com/france-medtech-market-research,200,standalone-landing,2092,"MedTech Market Research Company in France (2026) | ANSM...","MedTech &amp; Medical Devices Market Research Company in France",no,no
/oman-medtech-market-research,https://www.bionixus.com/oman-medtech-market-research,200,standalone-landing,2092,"MedTech Market Research in Oman 2026 | BioNixus","<em>MedTech &amp; Medical Devices</em> market research company in <!-- -->Oman",no,no
/healthcare-market-research/australia,https://www.bionixus.com/healthcare-market-research/australia,200,healthcare-market-research,2104,"Healthcare Market Research in Australia | BioNixus","Pharmaceutical Market Research in Australia",no,no
/healthcare-market-research/brazil,https://www.bionixus.com/healthcare-market-research/brazil,200,healthcare-market-research,2104,"Healthcare Market Research in Brazil | BioNixus","Pharmaceutical Market Research in Brazil",no,no
/healthcare-market-research/china,https://www.bionixus.com/healthcare-market-research/china,200,healthcare-market-research,2104,"Healthcare Market Research in China | BioNixus","Pharmaceutical Market Research in China",no,no
/healthcare-market-research/india,https://www.bionixus.com/healthcare-market-research/india,200,healthcare-market-research,2104,"Healthcare Market Research in India | BioNixus","Pharmaceutical Market Research in India",no,no
/market-research-bahrain,https://www.bionixus.com/market-research-bahrain,200,standalone-landing,2105,"Market Research Bahrain | Pharma & Healthcare | BioNixus","Market Research in Bahrain",no,no
/healthcare-market-research/algeria,https://www.bionixus.com/healthcare-market-research/algeria,200,healthcare-market-research,2106,"Healthcare Market Research in Algeria | BioNixus","Pharmaceutical Market Research in Algeria",no,no
/healthcare-market-research/iraq,https://www.bionixus.com/healthcare-market-research/iraq,200,healthcare-market-research,2106,"Healthcare Market Research in Iraq | BioNixus","Pharmaceutical Market Research in Iraq",no,no
/healthcare-market-research/jordan,https://www.bionixus.com/healthcare-market-research/jordan,200,healthcare-market-research,2106,"Healthcare Market Research in Jordan | BioNixus","Pharmaceutical Market Research in Jordan",no,no
/healthcare-market-research/kenya,https://www.bionixus.com/healthcare-market-research/kenya,200,healthcare-market-research,2106,"Healthcare Market Research in Kenya | BioNixus","Pharmaceutical Market Research in Kenya",no,no
/healthcare-market-research/lebanon,https://www.bionixus.com/healthcare-market-research/lebanon,200,healthcare-market-research,2106,"Healthcare Market Research in Lebanon | BioNixus","Pharmaceutical Market Research in Lebanon",no,no
/healthcare-market-research/libya,https://www.bionixus.com/healthcare-market-research/libya,200,healthcare-market-research,2106,"Healthcare Market Research in Libya | BioNixus","Pharmaceutical Market Research in Libya",no,no
/healthcare-market-research/mexico,https://www.bionixus.com/healthcare-market-research/mexico,200,healthcare-market-research,2106,"Healthcare Market Research in Mexico | BioNixus","Pharmaceutical Market Research in Mexico",no,no
/healthcare-market-research/morocco,https://www.bionixus.com/healthcare-market-research/morocco,200,healthcare-market-research,2106,"Healthcare Market Research in Morocco | BioNixus","Pharmaceutical Market Research in Morocco",no,no
/healthcare-market-research/nigeria,https://www.bionixus.com/healthcare-market-research/nigeria,200,healthcare-market-research,2106,"Healthcare Market Research in Nigeria | BioNixus","Pharmaceutical Market Research in Nigeria",no,no
/healthcare-market-research/tunisia,https://www.bionixus.com/healthcare-market-research/tunisia,200,healthcare-market-research,2106,"Healthcare Market Research in Tunisia | BioNixus","Pharmaceutical Market Research in Tunisia",no,no
/qatar-medtech-market-research,https://www.bionixus.com/qatar-medtech-market-research,200,standalone-landing,2107,"MedTech Market Research in Qatar 2026 | BioNixus","<em>MedTech &amp; Medical Devices</em> market research company in <!-- -->Qatar",no,no
/es,https://www.bionixus.com/es,200,standalone-landing,2108,"BioNixus | Investigación de Mercado Pharma y Salud","La investigación que define<!-- --> <em class=""font-medium not-italic text-transparent bg-clip-text bg-gradient-to-br from-[#C9A84C] to-[#E4CC7A]"">su estrategia</em>",no,no
/healthcare-market-research/denmark,https://www.bionixus.com/healthcare-market-research/denmark,200,healthcare-market-research,2108,"Healthcare Market Research in Denmark | BioNixus","Pharmaceutical Market Research in Denmark",no,no
/healthcare-market-research/switzerland,https://www.bionixus.com/healthcare-market-research/switzerland,200,healthcare-market-research,2108,"Healthcare Market Research in Switzerland | BioNixus","Pharmaceutical Market Research in Switzerland",no,no
/healthcare-market-research/turkey,https://www.bionixus.com/healthcare-market-research/turkey,200,healthcare-market-research,2109,"Healthcare Market Research Turkey | TITCK Fieldwo | BioNixus","Healthcare Market Research in Turkey",no,no
/healthcare-market-research/sweden,https://www.bionixus.com/healthcare-market-research/sweden,200,healthcare-market-research,2110,"Healthcare Market Research in Sweden | BioNixus","Pharmaceutical Market Research in Sweden",no,no
/market-research-oman,https://www.bionixus.com/market-research-oman,200,standalone-landing,2112,"Market Research Oman | Pharma & Healthcare | BioNixus","Market Research in Oman",no,no
/market-research-kuwait,https://www.bionixus.com/market-research-kuwait,200,standalone-landing,2113,"Market Research Kuwait | Pharma & Healthcare | BioNixus","Market Research Kuwait",no,no
/market-research-qatar,https://www.bionixus.com/market-research-qatar,200,standalone-landing,2116,"Market Research Qatar | Pharma & Healthcare | BioNixus","Market Research in Qatar",no,no
/bionixus-market-research-middle-east,https://www.bionixus.com/bionixus-market-research-middle-east,200,standalone-landing,2119,"Middle East Pharmaceutical Market Research | BioNixus","Middle East Pharmaceutical Market Research That Moves GCC Launch Decisions Faster",no,no
/saudi-arabia-biotech-market-research,https://www.bionixus.com/saudi-arabia-biotech-market-research,200,standalone-landing,2120,"Biotech Market Research in Saudi Arabia 2026 | BioNixus","<em>Biotech &amp; Life Sciences</em> market research company in <!-- -->Saudi Arabia",no,no
/ar/market-research-ksa,https://www.bionixus.com/ar/market-research-ksa,200,ar-localized,2123,"أبحاث السوق في المملكة العربية السعودية (KSA) | BioNixus","أبحاث السوق في السعودية (KSA)",no,no
/qatar-consumer-health-market-research,https://www.bionixus.com/qatar-consumer-health-market-research,200,standalone-landing,2123,"Consumer Health Market Research in Qatar 2026 | BioNixus","<em>Consumer Health &amp; OTC</em> market research company in <!-- -->Qatar",no,no
/oman-consumer-health-market-research,https://www.bionixus.com/oman-consumer-health-market-research,200,standalone-landing,2125,"Consumer Health Market Research in Oman 2026 | BioNixus","<em>Consumer Health &amp; OTC</em> market research company in <!-- -->Oman",no,no
/kuwait-consumer-health-market-research,https://www.bionixus.com/kuwait-consumer-health-market-research,200,standalone-landing,2126,"Consumer Health Market Research in Kuwait 2026 | BioNixus","<em>Consumer Health &amp; OTC</em> market research company in <!-- -->Kuwait",no,no
/healthcare-market-research/therapy/oncology,https://www.bionixus.com/healthcare-market-research/therapy/oncology,200,healthcare-market-research,2127,"Oncology Market Research | BioNixus","Oncology market research",no,no
/healthcare-market-research/canada,https://www.bionixus.com/healthcare-market-research/canada,200,healthcare-market-research,2129,"Healthcare Market Research in Canada | BioNixus","Pharmaceutical Market Research in Canada",no,no
/market-research-egypt,https://www.bionixus.com/market-research-egypt,200,standalone-landing,2131,"Market Research Egypt | Pharma & Healthcare | BioNixus","Market Research Egypt",no,no
/healthcare-market-research/italy,https://www.bionixus.com/healthcare-market-research/italy,200,healthcare-market-research,2132,"Healthcare Market Research in Italy | BioNixus","Pharmaceutical Market Research in Italy",no,no
/saudi-arabia-medical-devices-market-report,https://www.bionixus.com/saudi-arabia-medical-devices-market-report,200,standalone-landing,2134,"Saudi Arabia Medical Devices Market 2026 | SFDA & Vision 2030","Saudi Arabia Medical Devices Market Report 2026: Hospital Consumption and Commercial Intelligence",no,no
/pharmaceutical-companies-bahrain,https://www.bionixus.com/pharmaceutical-companies-bahrain,200,standalone-landing,2140,"Top 16 Pharmaceutical Companies in Bahrain (2026 Ranked)","Pharmaceutical Companies in Bahrain",no,no
/healthcare-market-research/services/market-access,https://www.bionixus.com/healthcare-market-research/services/market-access,200,healthcare-market-research,2142,"market access Healthcare Research Service | BioNixus","Market access research service",no,no
/pharmaceutical-market-research-kuwait,https://www.bionixus.com/pharmaceutical-market-research-kuwait,200,standalone-landing,2142,"Pharmaceutical Market Research Company in Kuwait | BioNixus","Pharmaceutical Market Research Company in Kuwait",no,no
/japan-medtech-market-research,https://www.bionixus.com/japan-medtech-market-research,200,standalone-landing,2148,"MedTech Market Research Company in Japan (2026) | PMDA...","MedTech &amp; Medical Devices Market Research Company in Japan",no,no
/healthcare-market-research/south-korea,https://www.bionixus.com/healthcare-market-research/south-korea,200,healthcare-market-research,2151,"Healthcare Market Research in South Korea | BioNixus","Pharmaceutical Market Research in South Korea",no,no
/es/insights/top-empresas-investigacion-mercado-salud-argentina-2026,https://www.bionixus.com/es/insights/top-empresas-investigacion-mercado-salud-argentina-2026,200,standalone-landing,2152,"Argentina: Investigación de Mercado en Salud 2026 | BioNixus","5 Mejores Empresas de Investigación de Mercado en Salud en Argentina (2026)",no,no
/germany-medtech-market-research,https://www.bionixus.com/germany-medtech-market-research,200,standalone-landing,2153,"MedTech Market Research Company in Germany (2026) | BfArM /","MedTech &amp; Medical Devices Market Research Company in Germany",no,no
/healthcare-market-research/south-africa,https://www.bionixus.com/healthcare-market-research/south-africa,200,healthcare-market-research,2153,"Healthcare Market Research in South Africa | BioNixus","Pharmaceutical Market Research in South Africa",no,no
/pharmaceutical-market-research-usa,https://www.bionixus.com/pharmaceutical-market-research-usa,200,standalone-landing,2159,"Pharmaceutical Market Research Company in USA | BioNixus","Pharmaceutical Market Research Company in USA",no,no
/market-research-in-uae,https://www.bionixus.com/market-research-in-uae,200,standalone-landing,2160,"Research Companies in UAE | Market Research | BioNixus","Market Research Company in the UAE",no,no
/fr,https://www.bionixus.com/fr,200,standalone-landing,2163,"BioNixus | Études de Marché Pharma & Santé Mondiales","La recherche qui façonne<!-- --> <em class=""font-medium not-italic text-transparent bg-clip-text bg-gradient-to-br from-[#C9A84C] to-[#E4CC7A]"">votre stratégie</em>",no,no
/saudi-arabia-consumer-health-market-research,https://www.bionixus.com/saudi-arabia-consumer-health-market-research,200,standalone-landing,2164,"Consumer Health Market Research in Saudi Arabia 2 | BioNixus","<em>Consumer Health &amp; OTC</em> market research company in <!-- -->Saudi Arabia",no,no
/healthcare-market-research/bahrain,https://www.bionixus.com/healthcare-market-research/bahrain,200,healthcare-market-research,2166,"Healthcare Market Research Bahrain | NHRA Fieldwo | BioNixus","Healthcare Market Research in Bahrain",no,no
/usa-healthcare-market-report,https://www.bionixus.com/usa-healthcare-market-report,200,standalone-landing,2168,"USA Healthcare Market Research Report 2026 | BioNixus","USA Healthcare Market Report 2026: FDA Approval, Medicare IRA Negotiations, and Commercial Market Intelligence",no,no
/market-research-saudi,https://www.bionixus.com/market-research-saudi,200,standalone-landing,2172,"Market Research Saudi | Pharma & Healthcare | BioNixus","Market Research Saudi",no,no
/saudi-arabia-medtech-market-research,https://www.bionixus.com/saudi-arabia-medtech-market-research,200,standalone-landing,2176,"MedTech Market Research in Saudi Arabia 2026 | BioNixus","<em>MedTech &amp; Medical Devices</em> market research company in <!-- -->Saudi Arabia",no,no
/healthcare-market-research/united-states,https://www.bionixus.com/healthcare-market-research/united-states,200,healthcare-market-research,2180,"Healthcare Market Research in United States | BioNixus","Pharmaceutical Market Research in United States",no,no
/healthcare-market-research/oman,https://www.bionixus.com/healthcare-market-research/oman,200,healthcare-market-research,2186,"Healthcare Market Research Oman | MOH Fieldwork | BioNixus","Healthcare Market Research in Oman",no,no
/pt/insights/top-empresas-pesquisa-mercado-saude-brasil-2026,https://www.bionixus.com/pt/insights/top-empresas-pesquisa-mercado-saude-brasil-2026,200,standalone-landing,2189,"Brasil: Empresas de Pesquisa de Mercado em Saúde | BioNixus","5 Melhores Empresas de Pesquisa de Mercado em Saúde no Brasil (2026)",no,no
/gcc-biopharmaceuticals-market,https://www.bionixus.com/gcc-biopharmaceuticals-market,200,standalone-landing,2190,"GCC Biopharmaceuticals Market — Biologics | BioNixus","GCC Biopharmaceuticals Market: Biologics &amp; Localization Intelligence",no,no
/healthcare-market-research/dubai,https://www.bionixus.com/healthcare-market-research/dubai,200,healthcare-market-research,2194,"Healthcare Market Research Dubai | BioNixus","Pharmaceutical Market Research in Dubai",no,no
/pharmaceutical-companies-oman,https://www.bionixus.com/pharmaceutical-companies-oman,200,standalone-landing,2195,"Top Pharmaceutical Companies in Oman (2026 Ranked List)","Pharmaceutical Companies in Oman",no,no
/market-research,https://www.bionixus.com/market-research,200,standalone-landing,2196,"Market Research Services Hub | BioNixus","Market research for <em>healthcare, pharma &amp; industry</em>",no,no
/gcc-pharmacy-market,https://www.bionixus.com/gcc-pharmacy-market,200,standalone-landing,2204,"GCC Pharmacy Market Research — Retail, E-Pharmacy | BioNixus","GCC Pharmacy Market: Retail, E-Pharmacy &amp; Community Intelligence",no,no
/healthcare-market-research/jeddah,https://www.bionixus.com/healthcare-market-research/jeddah,200,healthcare-market-research,2204,"Healthcare Market Research in Jeddah | BioNixus","Pharmaceutical Market Research in Jeddah",no,no
/gcc-personalized-medicine-market,https://www.bionixus.com/gcc-personalized-medicine-market,200,standalone-landing,2206,"GCC Personalized Medicine Market — Genomics | BioNixus","GCC Personalized Medicine Market: Genomics &amp; Precision Intelligence",no,no
/healthcare-market-research/qatar,https://www.bionixus.com/healthcare-market-research/qatar,200,healthcare-market-research,2206,"Healthcare Market Research Qatar | MOPH Fieldwork | BioNixus","Healthcare Market Research in Qatar",no,no
/skyrizi-tops-julys-pharma-rankings-and-what-it-means-for-omnichannel-engagement,https://www.bionixus.com/skyrizi-tops-julys-pharma-rankings-and-what-it-means-for-omnichannel-engagement,200,standalone-landing,2206,"Skyrizi Tops July Pharma Rankings: Omnichannel Engagement...","Skyrizi Tops July&#x27;s Pharma Rankings — and What It Means for Omnichannel Engagement",no,no
/gcc-clinical-trials-market,https://www.bionixus.com/gcc-clinical-trials-market,200,standalone-landing,2209,"GCC Clinical Trials Market — Site Feasibility | BioNixus","GCC Clinical Trials Market: Feasibility &amp; Landscape Intelligence",no,no
/healthcare-market-research/therapy/rare-diseases,https://www.bionixus.com/healthcare-market-research/therapy/rare-diseases,200,healthcare-market-research,2210,"Rare Disease & Orphan Drug Market Research | BioNixus","Rare disease market research",no,no
/healthcare-market-research/riyadh,https://www.bionixus.com/healthcare-market-research/riyadh,200,healthcare-market-research,2221,"Healthcare Market Research in Riyadh | BioNixus","Pharmaceutical Market Research in Riyadh",no,no
/egypt-financial-services-market-research,https://www.bionixus.com/egypt-financial-services-market-research,200,standalone-landing,2224,"Financial Services Market Research in Egypt 2026 | BioNixus","<em>Financial Services &amp; Banking</em> market research company in <!-- -->Egypt",no,no
/ar/market-research-uae,https://www.bionixus.com/ar/market-research-uae,200,ar-localized,2225,"أبحاث السوق في الإمارات العربية المتحدة | BioNixus","أبحاث السوق في الإمارات العربية المتحدة",no,no
/australia-medtech-market-research,https://www.bionixus.com/australia-medtech-market-research,200,standalone-landing,2225,"MedTech Market Research Company in Australia (2026) | TGA...","MedTech &amp; Medical Devices Market Research Company in Australia",no,no
/gcc-generic-injectables-market,https://www.bionixus.com/gcc-generic-injectables-market,200,standalone-landing,2226,"GCC Generic Injectables Market Research & Intelli | BioNixus","GCC Generic Injectables Market: Research &amp; Commercial Intelligence",no,no
/healthcare-market-research/abu-dhabi,https://www.bionixus.com/healthcare-market-research/abu-dhabi,200,healthcare-market-research,2234,"Healthcare Market Research in Abu Dhabi | BioNixus","Pharmaceutical Market Research in Abu Dhabi",no,no
/pharmaceutical-companies-egypt,https://www.bionixus.com/pharmaceutical-companies-egypt,200,standalone-landing,2274,"Top 40 Pharmaceutical Companies in Egypt (2026 Ranked List)","Pharmaceutical Companies in Egypt",no,no
/ar/healthcare-market-research/saudi-arabia,https://www.bionixus.com/ar/healthcare-market-research/saudi-arabia,200,ar-localized,2281,"أبحاث السوق الصحي في المملكة العربية السعودية | BioNixus","أبحاث السوق الصحي في المملكة العربية السعودية",no,no
/healthcare-market-research/therapy/biologics,https://www.bionixus.com/healthcare-market-research/therapy/biologics,200,healthcare-market-research,2283,"Biologics Research Guide: Biosimilars & Market Ac | BioNixus","Biologics market research guide",no,no
/saudi-arabia-healthcare-market-research,https://www.bionixus.com/saudi-arabia-healthcare-market-research,200,standalone-landing,2285,"Healthcare Market Research in Saudi Arabia 2026 | BioNixus","<em>Healthcare Providers &amp; Hospitals</em> market research company in <!-- -->Saudi Arabia",no,no
/uae-healthcare-market-research,https://www.bionixus.com/uae-healthcare-market-research,200,standalone-landing,2298,"Healthcare Market Research in UAE 2026 | BioNixus","<em>Healthcare Providers &amp; Hospitals</em> market research company in <!-- -->UAE",no,no
/china-healthcare-market-report,https://www.bionixus.com/china-healthcare-market-report,200,standalone-landing,2301,"China Healthcare Market Report 2026 | BioNixus","China Healthcare Market Report 2026: NMPA Approval, NRDL Reimbursement, and VBP Commercial Intelligence",no,no
/market-research-ksa,https://www.bionixus.com/market-research-ksa,200,standalone-landing,2315,"Market Research KSA | Pharma & Healthcare | BioNixus","Market Research KSA",no,no
/uk-medtech-market-research,https://www.bionixus.com/uk-medtech-market-research,200,standalone-landing,2329,"MedTech Market Research Company in United Kingdom (2026) |.","MedTech &amp; Medical Devices Market Research Company in United Kingdom",no,no
/pharmaceutical-companies-qatar,https://www.bionixus.com/pharmaceutical-companies-qatar,200,standalone-landing,2334,"Top 18 Pharmaceutical Companies in Qatar (2026 Ranked List)","Pharmaceutical Companies in Qatar",no,no
/specialist-physician-panel-uae,https://www.bionixus.com/specialist-physician-panel-uae,200,standalone-landing,2335,"Specialist Physician Panel UAE | BioNixus","Specialist Physician Panel UAE",no,no
/ar/healthcare-market-research,https://www.bionixus.com/ar/healthcare-market-research,200,ar-localized,2342,"أبحاث السوق الصحي | BioNixus — الشرق الأوسط والخليج","أبحاث السوق الصحي في الخليج والشرق الأوسط",no,no
/fr/bionixus-market-research-middle-east,https://www.bionixus.com/fr/bionixus-market-research-middle-east,200,standalone-landing,2343,"Études Pharmaceutiques Moyen-Orient | Programmes | BioNixus","Études pharmaceutiques Moyen-Orient qui accélèrent les décisions de lancement au CCG",no,no
/market-research-uae,https://www.bionixus.com/market-research-uae,200,standalone-landing,2353,"Market Research in UAE | Pharma & Healthcare | BioNixus","Market Research in the UAE",no,no
/pharmaceutical-market-research-denmark,https://www.bionixus.com/pharmaceutical-market-research-denmark,200,standalone-landing,2353,"Pharmaceutical Market Research Denmark | BioNixus","Pharmaceutical Market Research Company in Denmark",no,no
/healthcare-market-research/united-arab-emirates,https://www.bionixus.com/healthcare-market-research/united-arab-emirates,200,healthcare-market-research,2356,"United Arab Emirates Healthcare Market Research | BioNixus","Healthcare Market Research Across the United Arab Emirates",no,no
/uae-healthcare-market-report,https://www.bionixus.com/uae-healthcare-market-report,200,standalone-landing,2387,"UAE Healthcare Market Report 2026: Size, Pharma & Devices","UAE Healthcare Market Report 2026: Market Size, Pharmaceutical Intelligence, and Commercial Strategy",no,no
/diabetes-market-research-uae,https://www.bionixus.com/diabetes-market-research-uae,200,standalone-landing,2407,"Diabetes Market Research UAE | BioNixus","Diabetes Market Research UAE",no,no
/market-research-in-saudi-arabia,https://www.bionixus.com/market-research-in-saudi-arabia,200,standalone-landing,2407,"Market Research Company in Saudi Arabia | BioNixus","Market Research Company in Saudi Arabia",no,no
/healthcare-market-research/therapy/immunology,https://www.bionixus.com/healthcare-market-research/therapy/immunology,200,healthcare-market-research,2424,"Immunology Research Guide: Biologics & Patient Pathways |...","Immunology market research guide",no,no
/ar/blog/saudi-healthcare-market-research-firms-ar,https://www.bionixus.com/ar/blog/saudi-healthcare-market-research-firms-ar,200,ar-localized,2426,"شركات أبحاث السوق الصحي السعودية 2026 | BioNixus","أبرز شركات أبحاث السوق الصحي في المملكة العربية السعودية: المشهد، معايير اختيار الشريك، وشركات يُعتد بها",no,no
/saudi-arabia-healthcare-market-report,https://www.bionixus.com/saudi-arabia-healthcare-market-report,200,standalone-landing,2428,"Saudi Arabia Healthcare Market Report 2026 | BioNixus","Saudi Arabia Healthcare Market Report 2026: Market Size, Pharmaceutical Intelligence, and Vision 2030 Strategy",no,no
/pharmaceutical-market-research-netherlands,https://www.bionixus.com/pharmaceutical-market-research-netherlands,200,standalone-landing,2433,"Pharmaceutical Market Research Company in the | BioNixus","Pharmaceutical Market Research Company in the Netherlands",no,no
/brand-tracking-pharma-gcc,https://www.bionixus.com/brand-tracking-pharma-gcc,200,standalone-landing,2439,"Brand Tracking Pharma GCC | BioNixus","Brand Tracking Pharma GCC",no,no
/pharmaceutical-market-research-spain,https://www.bionixus.com/pharmaceutical-market-research-spain,200,standalone-landing,2444,"Pharmaceutical Market Research Spain | BioNixus","Pharmaceutical Market Research Company in Spain",no,no
/ar,https://www.bionixus.com/ar,200,standalone-landing,2445,"BioNixus | أبحاث سوق صحية ودوائية عالمية","أبحاث تصنع<!-- --> <em class=""font-medium not-italic text-transparent bg-clip-text bg-gradient-to-br from-[#C9A84C] to-[#E4CC7A]"">استراتيجيتك</em>",no,no
/pharmaceutical-market-research-ireland,https://www.bionixus.com/pharmaceutical-market-research-ireland,200,standalone-landing,2448,"Pharmaceutical Market Research Company in Ireland | BioNixus","Pharmaceutical Market Research Company in Ireland",no,no
/pharmaceutical-market-research-switzerland,https://www.bionixus.com/pharmaceutical-market-research-switzerland,200,standalone-landing,2453,"Pharmaceutical Market Research Switzerland | BioNixus","Pharmaceutical Market Research Company in Switzerland",no,no
/pharmaceutical-market-research-sweden,https://www.bionixus.com/pharmaceutical-market-research-sweden,200,standalone-landing,2464,"Pharmaceutical Market Research Company in Sweden | BioNixus","Pharmaceutical Market Research Company in Sweden",no,no
/healthcare-market-research/egypt,https://www.bionixus.com/healthcare-market-research/egypt,200,healthcare-market-research,2492,"Healthcare Market Research in Egypt | BioNixus","Healthcare Market Research in Egypt",no,no
/pharmaceutical-market-research-south-korea,https://www.bionixus.com/pharmaceutical-market-research-south-korea,200,standalone-landing,2497,"Pharmaceutical Market Research South Korea | BioNixus","Pharmaceutical Market Research Company in South Korea",no,no
/oman-healthcare-market-report,https://www.bionixus.com/oman-healthcare-market-report,200,standalone-landing,2505,"Oman Healthcare Market 2026: Size, Vision 2040 & Forecast","Oman Healthcare Market Report 2026: Pharmaceutical Intelligence, MOH Access, and Vision 2040 Strategy",no,no
/pharmaceutical-market-research-canada,https://www.bionixus.com/pharmaceutical-market-research-canada,200,standalone-landing,2520,"Pharmaceutical Market Research Company in Canada | BioNixus","Pharmaceutical Market Research Company in Canada",no,no
/usa-medtech-market-research,https://www.bionixus.com/usa-medtech-market-research,200,standalone-landing,2531,"MedTech Market Research Company in United States (2026) | F","MedTech &amp; Medical Devices Market Research Company in United States",no,no
/market-reports,https://www.bionixus.com/market-reports,200,standalone-landing,2551,"Healthcare Market Research Reports 2026 | BioNixus","Healthcare Market Research Reports 2026 — GCC, MENA &amp; Global Intelligence",no,no
/healthcare-market-research/europe,https://www.bionixus.com/healthcare-market-research/europe,200,healthcare-market-research,2568,"Healthcare Market Research in Europe | BioNixus","Pharmaceutical Market Research Across Europe",no,no
/pharmaceutical-companies-uae,https://www.bionixus.com/pharmaceutical-companies-uae,200,standalone-landing,2573,"Top 30 Pharmaceutical Companies in UAE (2026 Ranked List)","Pharmaceutical Companies in the UAE",no,no
/pharmaceutical-market-research-france,https://www.bionixus.com/pharmaceutical-market-research-france,200,standalone-landing,2590,"Pharmaceutical Market Research France | BioNixus","Pharmaceutical Market Research Company in France",no,no
/pharmaceutical-market-research-argentina,https://www.bionixus.com/pharmaceutical-market-research-argentina,200,standalone-landing,2595,"Pharmaceutical Market Research Company in Argenti | BioNixus","Pharmaceutical Market Research Company in Argentina",no,no
/fr/quantitative-healthcare-market-research,https://www.bionixus.com/fr/quantitative-healthcare-market-research,200,standalone-landing,2601,"Recherche Quantitative en Santé | Enquêtes HCP GC | BioNixus","Recherche Quantitative en Santé : enquêtes HCP, échantillonnage et modes CATI / CAPI / en ligne au GCC et en Europe",no,no
/pharmaceutical-market-research-germany,https://www.bionixus.com/pharmaceutical-market-research-germany,200,standalone-landing,2607,"Pharmaceutical Market Research Germany | BioNixus","Pharmaceutical Market Research Company in Germany",no,no
/bionixus-industries/insights/mdf-wood-manufacturing-market-research-trackers-mea,https://www.bionixus.com/bionixus-industries/insights/mdf-wood-manufacturing-market-research-trackers-mea,200,standalone-landing,2612,"Wood Boards Market Research Trackers | BioNixus","BioNixus Wood Boards Manufacturing Market Research Trackers: Leading Across the Middle East and Africa",no,no
/pharmaceutical-market-research-turkey,https://www.bionixus.com/pharmaceutical-market-research-turkey,200,standalone-landing,2623,"Pharmaceutical Market Research Company in Turkey | BioNixus","Pharmaceutical Market Research Company in Turkey",no,no
/healthcare-market-research/uk,https://www.bionixus.com/healthcare-market-research/uk,200,healthcare-market-research,2633,"Healthcare Market Research in United Kingdom | BioNixus","Pharmaceutical Market Research in the United Kingdom",no,no
/france-medical-devices-market-report,https://www.bionixus.com/france-medical-devices-market-report,200,standalone-landing,2636,"France Medical Devices Market Report 2026 | BioNixus","France Medical Devices Market Report 2026: LPP Listing, ANSM Regulation, and Hospital Procurement Intelligence",no,no
/healthcare-market-research/kuwait,https://www.bionixus.com/healthcare-market-research/kuwait,200,healthcare-market-research,2641,"Healthcare Market Research Kuwait | MOH Fieldwork | BioNixus","Pharmaceutical Market Research in Kuwait",no,no
/pharmaceutical-market-research-australia,https://www.bionixus.com/pharmaceutical-market-research-australia,200,standalone-landing,2653,"Pharmaceutical Market Research Company in Austral | BioNixus","Pharmaceutical Market Research Company in Australia",no,no
/bahrain-medical-devices-market-report,https://www.bionixus.com/bahrain-medical-devices-market-report,200,standalone-landing,2656,"Bahrain Medical Devices Market Report 2026 | BioNixus","Bahrain Medical Devices Market Report 2026: NHRA Registration, GCC Sequential Entry, and Commercial Strategy",no,no
/pharmaceutical-market-research-italy,https://www.bionixus.com/pharmaceutical-market-research-italy,200,standalone-landing,2661,"Pharmaceutical Market Research Italy | BioNixus","Pharmaceutical Market Research Company in Italy",no,no
/gcc-anesthesia-surgical-market-report,https://www.bionixus.com/gcc-anesthesia-surgical-market-report,200,standalone-landing,2664,"GCC Anesthesia & Surgical Market 2026: Size & Country Data","GCC Anesthesia and Surgical Market Report 2026: Hospital Procedure Volumes and Drug Consumption Intelligence",no,no
/pharmaceutical-market-research-new-zealand,https://www.bionixus.com/pharmaceutical-market-research-new-zealand,200,standalone-landing,2665,"Pharmaceutical Market Research New Zealand | BioNixus","Pharmaceutical Market Research Company in New Zealand",no,no
/qatar-medical-devices-market-report,https://www.bionixus.com/qatar-medical-devices-market-report,200,standalone-landing,2674,"Qatar Medical Devices Market Report 2026 | BioNixus","Qatar Medical Devices Market Report 2026: HMC Procurement, Sidra Medicine, and Commercial Intelligence",no,no
/pharmaceutical-companies-saudi-arabia,https://www.bionixus.com/pharmaceutical-companies-saudi-arabia,200,standalone-landing,2677,"Top 20 Pharmaceutical Companies in Saudi Arabia (2026 Ranked)","Pharmaceutical Companies in Saudi Arabia",no,no
/es/healthcare-market-research,https://www.bionixus.com/es/healthcare-market-research,200,standalone-landing,2680,"Estudios de mercado farmacéutico y sanitario | Europa y MEN","Estudios de mercado farmacéutico y sanitario para España, Europa y Oriente Medio",no,no
/pharmaceutical-market-research-singapore,https://www.bionixus.com/pharmaceutical-market-research-singapore,200,standalone-landing,2689,"Pharmaceutical Market Research Company in Singapo | BioNixus","Pharmaceutical Market Research Company in Singapore",no,no
/es/healthcare-market-research/spain,https://www.bionixus.com/es/healthcare-market-research/spain,200,standalone-landing,2697,"Investigación de Mercado Sanitario España | BioNixus","Investigación de Mercado en Salud en España",no,no
/pharmaceutical-market-research-malaysia,https://www.bionixus.com/pharmaceutical-market-research-malaysia,200,standalone-landing,2706,"Pharmaceutical Market Research Company in Malaysi | BioNixus","Pharmaceutical Market Research Company in Malaysia",no,no
/pharmaceutical-market-research-japan,https://www.bionixus.com/pharmaceutical-market-research-japan,200,standalone-landing,2708,"Pharmaceutical Market Research Company in Japan | BioNixus","Pharmaceutical Market Research Company in Japan",no,no
/pharmaceutical-market-research-poland,https://www.bionixus.com/pharmaceutical-market-research-poland,200,standalone-landing,2732,"Pharmaceutical Market Research Company in Poland | BioNixus","Pharmaceutical Market Research Company in Poland",no,no
/oman-medical-devices-market-report,https://www.bionixus.com/oman-medical-devices-market-report,200,standalone-landing,2746,"Oman Medical Devices Market 2026: Size, MOH & Forecast","Oman Medical Devices Market Report 2026: MOH Registration, Royal Hospital, and Vision 2040 Commercial Intelligence",no,no
/pharmaceutical-market-research-china,https://www.bionixus.com/pharmaceutical-market-research-china,200,standalone-landing,2748,"Pharmaceutical Market Research China | BioNixus","Pharmaceutical Market Research Company in China",no,no
/canada-medtech-market-research,https://www.bionixus.com/canada-medtech-market-research,200,standalone-landing,2776,"MedTech Market Research Company in Canada (2026) | Health...","MedTech &amp; Medical Devices Market Research Company in Canada",no,no
/healthcare-market-research-jordan,https://www.bionixus.com/healthcare-market-research-jordan,200,healthcare-market-research,2785,"Healthcare Market Research Jordan | JFDA-Aligned | BioNixus","Healthcare &amp; Pharmaceutical Market Research in Jordan",no,no
/healthcare-market-research-in-uae,https://www.bionixus.com/healthcare-market-research-in-uae,200,healthcare-market-research,2787,"Healthcare Market Research Dubai & UAE | BioNixus","Healthcare &amp; Pharmaceutical Market Research in the UAE",no,no
/pharmaceutical-market-research-uk,https://www.bionixus.com/pharmaceutical-market-research-uk,200,standalone-landing,2789,"Pharmaceutical Market Research Company in the UK | BioNixus","Pharmaceutical Market Research Company in the UK",no,no
/healthcare-market-research-oman,https://www.bionixus.com/healthcare-market-research-oman,200,healthcare-market-research,2792,"Healthcare Market Research Oman | MoH Oman & SQUH | BioNixus","Healthcare &amp; Pharmaceutical Market Research in Oman",no,no
/heor-consulting,https://www.bionixus.com/heor-consulting,200,standalone-landing,2794,"HEOR Consulting Services: Health Economics & Outcomes Research","HEOR Consulting — GCC, Middle East &amp; Europe",no,no
/kuwait-healthcare-market-report,https://www.bionixus.com/kuwait-healthcare-market-report,200,standalone-landing,2806,"Kuwait Healthcare Market 2026: Size, MOH Spend & Forecast","Kuwait Healthcare Market Report 2026: Pharmaceutical Intelligence, Medical Devices, and Market Access",no,no
/fr/strategic-portfolio,https://www.bionixus.com/fr/strategic-portfolio,200,standalone-landing,2807,"Portefeuille Stratégique BioNixus | Recherche Pharma EMEA &","Portefeuille stratégique : recherche pharmaceutique et accès au marché à travers l&#x27;EMEA et le MENA",no,no
/brazil-medical-devices-market-report,https://www.bionixus.com/brazil-medical-devices-market-report,200,standalone-landing,2821,"Brazil Medical Devices Market 2026: ANVISA, Size & Forecast","Brazil Medical Devices Market Report 2026: ANVISA Regulation, SUS Procurement, and Commercial Strategy Intelligence",no,no
/healthcare-market-research-qatar,https://www.bionixus.com/healthcare-market-research-qatar,200,healthcare-market-research,2850,"Healthcare Market Research Qatar | Doha & MoPH | BioNixus","Healthcare &amp; Pharmaceutical Market Research in Qatar",no,no
/italy-healthcare-market-report,https://www.bionixus.com/italy-healthcare-market-report,200,standalone-landing,2857,"Italy Healthcare Market Report 2026 | BioNixus","Italy Healthcare Market Report 2026: AIFA Market Access, SSN Reimbursement, and Commercial Intelligence",no,no
/usa-medical-devices-market-report,https://www.bionixus.com/usa-medical-devices-market-report,200,standalone-landing,2866,"USA Medical Devices Market Report 2026 | BioNixus","USA Medical Devices Market Report 2026: FDA Approval, CMS Reimbursement, and GPO/IDN Procurement Intelligence",no,no
/uae-medical-devices-market-report,https://www.bionixus.com/uae-medical-devices-market-report,200,standalone-landing,2888,"UAE Medical Devices Market Report 2026 | BioNixus","UAE Medical Devices Market Report 2026: MOHAP Registration, Dubai Hub Strategy, and Hospital Procurement Intelligence",no,no
/italy-medical-devices-market-report,https://www.bionixus.com/italy-medical-devices-market-report,200,standalone-landing,2889,"Italy Medical Devices Market Report 2026 | BioNixus","Italy Medical Devices Market Report 2026: EU MDR, BDNM Registration, and Regional Hospital Procurement Intelligence",no,no
/bahrain-healthcare-market-report,https://www.bionixus.com/bahrain-healthcare-market-report,200,standalone-landing,2900,"Bahrain Healthcare Market Report 2026 | BioNixus","Bahrain Healthcare Market Report 2026: NHRA Registration, Pharmaceutical Intelligence, and GCC Market Access",no,no
/canada-medical-devices-market-report,https://www.bionixus.com/canada-medical-devices-market-report,200,standalone-landing,2904,"Canada Medical Devices Market Report 2026 | BioNixus","Canada Medical Devices Market Report 2026: Health Canada Licensing, CADTH Review, and Provincial Procurement Intelligence",no,no
/healthcare-market-research-kuwait,https://www.bionixus.com/healthcare-market-research-kuwait,200,healthcare-market-research,2904,"Healthcare Market Research Kuwait | MOH & GPADC | BioNixus","Healthcare &amp; Pharmaceutical Market Research in Kuwait",no,no
/commercial-effectiveness-pharma-middle-east,https://www.bionixus.com/commercial-effectiveness-pharma-middle-east,200,standalone-landing,2922,"Commercial Effectiveness Pharma Middle East | BioNixus","Commercial Effectiveness Pharma Middle East",no,no
/healthcare-market-research-france,https://www.bionixus.com/healthcare-market-research-france,200,healthcare-market-research,2924,"Healthcare Market Research Company in France | BioNixus","Healthcare Market Research Company in France",no,no
/healthcare-market-research/uae,https://www.bionixus.com/healthcare-market-research/uae,200,healthcare-market-research,2992,"Healthcare Market Research UAE | DHA, DOH & MOHAP | BioNixus","Healthcare Market Research in the UAE",no,no
/spain-healthcare-market-report,https://www.bionixus.com/spain-healthcare-market-report,200,standalone-landing,2996,"Spain Healthcare Market Report 2026 | BioNixus","Spain Healthcare Market Report 2026: AEMPS Market Access, SNS Reimbursement, and Regional Commercial Intelligence",no,no
/france-healthcare-market-report,https://www.bionixus.com/france-healthcare-market-report,200,standalone-landing,3023,"France Healthcare Market Report 2026 | BioNixus","France Healthcare Market Report 2026: HAS Market Access, Assurance Maladie, and Commercial Intelligence",no,no
/australia-medical-devices-market-report,https://www.bionixus.com/australia-medical-devices-market-report,200,standalone-landing,3035,"Australia Medical Devices Market Report 2026 | BioNixus","Australia Medical Devices Market Report 2026: TGA Registration, Prostheses List, and MSAC Reimbursement Intelligence",no,no
/singapore-healthcare-market-report,https://www.bionixus.com/singapore-healthcare-market-report,200,standalone-landing,3046,"Singapore Healthcare Market Report 2026 | BioNixus","Singapore Healthcare Market Report 2026: HSA Registration, ACE HTA, and Southeast Asia Pharma Hub Intelligence",no,no
/pharmaceutical-market-research-india,https://www.bionixus.com/pharmaceutical-market-research-india,200,standalone-landing,3067,"Pharmaceutical Market Research Company in India | BioNixus","Pharmaceutical Market Research Company in India",no,no
/south-korea-healthcare-market-report,https://www.bionixus.com/south-korea-healthcare-market-report,200,standalone-landing,3163,"South Korea Healthcare Market Report 2026 | BioNixus","South Korea Healthcare Market Report 2026: HIRA, NHIS Reimbursement, and Biopharmaceutical Industry Intelligence",no,no
/gcc-pharma-market-report-2026,https://www.bionixus.com/gcc-pharma-market-report-2026,200,standalone-landing,3205,"GCC Pharma Market Report 2026 | BioNixus","GCC Pharma Market Report 2026: Biologics, Generic Drugs &amp; Market Size",no,no
/quantitative-healthcare-market-research,https://www.bionixus.com/quantitative-healthcare-market-research,200,standalone-landing,3211,"Quantitative Healthcare Market Research Guide 202 | BioNixus","Quantitative Healthcare Market Research Methodology Guide 2026",no,no
/ar/blog/gcc-pharmaceuticals-market-arabic-2026,https://www.bionixus.com/ar/blog/gcc-pharmaceuticals-market-arabic-2026,200,ar-localized,3252,"سوق الأدوية في دول الخليج 2026 | BioNixus","سوق الأدوية في دول الخليج 2026: الحجم ومحركات النمو واستراتيجية الوصول",no,no
/pharmaceutical-companies-kuwait,https://www.bionixus.com/pharmaceutical-companies-kuwait,200,standalone-landing,3264,"Top 15 Pharmaceutical Companies in Kuwait (2026 Ranked List)","Pharmaceutical companies in Kuwait",no,no
/healthcare-market-research/therapy/vaccines,https://www.bionixus.com/healthcare-market-research/therapy/vaccines,200,healthcare-market-research,3276,"Vaccines Market Research | BioNixus","Vaccines market research",no,no
/qatar-healthcare-market-report,https://www.bionixus.com/qatar-healthcare-market-report,200,standalone-landing,3308,"Qatar Healthcare Market Report 2026 | BioNixus","Qatar Healthcare Market Report 2026: Pharmaceutical Intelligence, HMC Access, and HTA Landscape",no,no
/canada-healthcare-market-report,https://www.bionixus.com/canada-healthcare-market-report,200,standalone-landing,3325,"Canada Healthcare Market Research Report 2026 | BioNixus","Canada Healthcare Market Report 2026: CADTH HTA, pCPA Negotiations, and Provincial Formulary Intelligence",no,no
/market-access,https://www.bionixus.com/market-access,200,standalone-landing,3355,"Pharmaceutical Market Access Research | GCC, EU5 | BioNixus","Market access research and strategy for pharma, biotech, and medical devices",no,no
/healthcare-market-research/therapy/diabetes,https://www.bionixus.com/healthcare-market-research/therapy/diabetes,200,healthcare-market-research,3359,"Diabetes Market Research | BioNixus","Diabetes market research",no,no
/australia-healthcare-market-report,https://www.bionixus.com/australia-healthcare-market-report,200,standalone-landing,3364,"Australia Healthcare Market Report 2026 | BioNixus","Australia Healthcare Market Report 2026: TGA, PBS, PBAC Market Access, and Commercial Intelligence",no,no
/healthcare-market-research-agency-gcc,https://www.bionixus.com/healthcare-market-research-agency-gcc,200,healthcare-market-research,3399,"Healthcare Market Research Agency GCC | BioNixus","Healthcare Market Research Agency GCC for Pharmaceutical Launch and Access Decisions",no,no
/healthcare-fieldwork-gcc,https://www.bionixus.com/healthcare-fieldwork-gcc,200,standalone-landing,3409,"Healthcare Fieldwork GCC | Specialist HCP Researc | BioNixus","Healthcare Fieldwork GCC",no,no
/uae-pricing-reimbursement-strategy,https://www.bionixus.com/uae-pricing-reimbursement-strategy,200,standalone-landing,3441,"UAE Drug Pricing & Reimbursement 2026: MOHAP, DHA & DOH","UAE Pricing and Reimbursement Strategy",no,no
/gcc-medical-devices-market-report,https://www.bionixus.com/gcc-medical-devices-market-report,200,standalone-landing,3480,"GCC Medical Devices Market 2026: $9.0B Size & Forecast","GCC Medical Devices Market 2026: Size, IVD &amp; Hospital Procurement",no,no
/japan-healthcare-market-report,https://www.bionixus.com/japan-healthcare-market-report,200,standalone-landing,3487,"Japan Healthcare Market 2026: Size, PMDA/NHI & Forecast","Japan Healthcare Market Report 2026: PMDA Approval, NHI Pricing, and Pharmaceutical Market Intelligence",no,no
/ar/blog/quantitative-market-research-and-market-access,https://www.bionixus.com/ar/blog/quantitative-market-research-and-market-access,200,ar-localized,3488,"أبحاث السوق الكمية وأثر الوصول إلى السوق | BioNixus","Quantitative Market Research and Market Access Impact",no,no
/respiratory-market-access-gcc,https://www.bionixus.com/respiratory-market-access-gcc,200,standalone-landing,3502,"Respiratory Market Access GCC | BioNixus","Respiratory Market Access GCC",no,no
/germany-healthcare-market-report,https://www.bionixus.com/germany-healthcare-market-report,200,standalone-landing,3513,"Germany Healthcare Market Research Report 2026 | BioNixus","Germany Healthcare Market Report 2026: AMNOG Market Access, GKV Pharmaceutical Spend, and Commercial Intelligence",no,no
/patient-journey-research-gcc,https://www.bionixus.com/patient-journey-research-gcc,200,standalone-landing,3517,"Patient Journey Research GCC | Pathway Mapping | BioNixus","Patient Journey Research GCC",no,no
/healthcare-market-research/saudi-arabia,https://www.bionixus.com/healthcare-market-research/saudi-arabia,200,healthcare-market-research,3575,"Healthcare Market Research Saudi Arabia | BioNixus","Healthcare Market Research Saudi Arabia",no,no
/uk-healthcare-market-report,https://www.bionixus.com/uk-healthcare-market-report,200,standalone-landing,3745,"UK Healthcare Market Research Report 2026 | BioNixus","UK Healthcare Market Report 2026: NHS Pharmaceutical Market, NICE Access, and Commercial Intelligence",no,no
/cost-effectiveness-analysis-gcc,https://www.bionixus.com/cost-effectiveness-analysis-gcc,200,standalone-landing,3753,"Cost Effectiveness Analysis GCC: Saudi Arabia & U | BioNixus","Cost Effectiveness Analysis GCC: Saudi Arabia, UAE, Kuwait, Qatar Comparison",no,no
/bionixus-industries/insights/online-market-research-social-listening-brand-growth-2026,https://www.bionixus.com/bionixus-industries/insights/online-market-research-social-listening-brand-growth-2026,200,standalone-landing,3770,"Online Market Research & Social Listening 2026 | BioNixus","Online Market Research and Social Listening for Brand Growth (2026 Guide)",no,no
/ar/blog/saudi-healthcare-market-research-guide-ar-2026,https://www.bionixus.com/ar/blog/saudi-healthcare-market-research-guide-ar-2026,200,ar-localized,3771,"دليل أبحاث السوق الصحي السعودية 2026 | BioNixus","دليل أبحاث السوق الصحي في المملكة العربية السعودية 2026",no,no
/bionixus-industries/insights/financial-services-market-research-egypt-2026,https://www.bionixus.com/bionixus-industries/insights/financial-services-market-research-egypt-2026,200,standalone-landing,3850,"Financial Services Market Research Egypt 2026 | BioNixus","Financial Services Market Research in Egypt (2026 Guide)",no,no
/japan-medical-devices-market-report,https://www.bionixus.com/japan-medical-devices-market-report,200,standalone-landing,3939,"Japan Medical Devices Market 2026: $41B Size & PMDA Forecast","Japan Medical Devices Market 2026: $41B Size, PMDA &amp; NHI Intelligence",no,no
/patient-adherence-research-middle-east,https://www.bionixus.com/patient-adherence-research-middle-east,200,standalone-landing,3946,"Patient Adherence Research Middle East | BioNixus","Patient Adherence Research Middle East",no,no
/real-world-evidence-gcc,https://www.bionixus.com/real-world-evidence-gcc,200,standalone-landing,3969,"Real World Evidence GCC | BioNixus","Real World Evidence GCC",no,no
/iqvia-alternative,https://www.bionixus.com/iqvia-alternative,200,standalone-landing,4002,"IQVIA Alternatives &amp; Competitors: Top 10 Ranked (2026)","IQVIA Competitors &amp; Alternatives Built for How Pharma Really Works",no,no
/heor-consulting-saudi-arabia,https://www.bionixus.com/heor-consulting-saudi-arabia,200,standalone-landing,4008,"HEOR Consulting Saudi Arabia | BioNixus","HEOR Consulting Saudi Arabia",no,no
/medical-affairs-insight-research-gcc,https://www.bionixus.com/medical-affairs-insight-research-gcc,200,standalone-landing,4108,"Medical Affairs Insight Research GCC | BioNixus","Medical Affairs Insight Research GCC",no,no
/sweden-healthcare-market-report,https://www.bionixus.com/sweden-healthcare-market-report,200,standalone-landing,4195,"Sweden Healthcare Market Research Report 2026 | BioNixus","Sweden Healthcare Market Report 2026: TLV Reimbursement, NT-rådet Hospital Drug Recommendations, and Commercial Intelligence",no,no
/pt/insights/melhores-empresas-pesquisa-mercado-farmaceutico-brasil-2026,https://www.bionixus.com/pt/insights/melhores-empresas-pesquisa-mercado-farmaceutico-brasil-2026,200,standalone-landing,4207,"Melhores Empresas de Pesquisa de Mercado Farmacêutico Brasil","Melhores Empresas de Pesquisa de Mercado Farmacêutico no Brasil (Guia 2026)",no,no
/msl-insight-research-middle-east,https://www.bionixus.com/msl-insight-research-middle-east,200,standalone-landing,4386,"MSL Insight Research Middle East | BioNixus","MSL Insight Research Middle East",no,no
/china-medical-devices-market-report,https://www.bionixus.com/china-medical-devices-market-report,200,standalone-landing,4467,"China Medical Devices Market 2026 | NMPA, VBP & Size","China Medical Devices Market 2026: NMPA Registration, VBP &amp; Market Size",no,no
/hta-studies-saudi-arabia,https://www.bionixus.com/hta-studies-saudi-arabia,200,standalone-landing,4625,"HTA Studies Saudi Arabia | Health Technology Assessment |...","HTA Studies Saudi Arabia",no,no
/uae-influenza-vaccine-report,https://www.bionixus.com/uae-influenza-vaccine-report,200,standalone-landing,4732,"UAE Influenza Vaccine Market Report 2026 | BioNixus","UAE Influenza Vaccine Report 2026: Seasonality, Procurement, Payer Access, and Competitive Landscape",no,no
/cost-effectiveness-analysis-saudi-arabia,https://www.bionixus.com/cost-effectiveness-analysis-saudi-arabia,200,standalone-landing,4875,"Cost-Effectiveness Analysis Saudi Arabia | BioNixus","Cost-Effectiveness Analysis Saudi Arabia",no,no
/gcc-hcp-recruitment-market-research,https://www.bionixus.com/gcc-hcp-recruitment-market-research,200,standalone-landing,5198,"Physician Recruitment in Saudi Arabia and GCC | BioNixus","Physician Recruitment in Saudi Arabia and GCC",no,no
/uae-market-access-research,https://www.bionixus.com/uae-market-access-research,200,standalone-landing,5207,"Market Access Research UAE | BioNixus","Market Access Research UAE",no,no
/zh/healthcare-market-research,https://www.bionixus.com/zh/healthcare-market-research,200,standalone-landing,5444,"Healthcare Market Research Company | Bionixus","Healthcare market research — global pharmaceutical &amp; medtech insights across the Americas, Europe, MENA, and Asia-Pacific",no,no
/healthcare-market-research,https://www.bionixus.com/healthcare-market-research,200,healthcare-market-research,5446,"Healthcare Market Research Company | Bionixus","Healthcare market research — global pharmaceutical &amp; medtech insights across the Americas, Europe, MENA, and Asia-Pacific",no,no
/ru/healthcare-market-research,https://www.bionixus.com/ru/healthcare-market-research,200,standalone-landing,5446,"Healthcare Market Research Company | Bionixus","Healthcare market research — global pharmaceutical &amp; medtech insights across the Americas, Europe, MENA, and Asia-Pacific",no,no
/saudi-payer-market-access-research,https://www.bionixus.com/saudi-payer-market-access-research,200,standalone-landing,5607,"Saudi Payer Market Access Research | BioNixus","Saudi Payer Market Access Research",no,no
/pharma-fieldwork-egypt,https://www.bionixus.com/pharma-fieldwork-egypt,200,standalone-landing,5696,"Pharma Fieldwork Egypt | Physician & Pharmacy Res | BioNixus","Pharma Fieldwork Egypt",no,no
/budget-impact-model-saudi-arabia,https://www.bionixus.com/budget-impact-model-saudi-arabia,200,standalone-landing,5788,"Budget Impact Model Saudi Arabia | BioNixus","Budget Impact Model Saudi Arabia",no,no
/qatar-market-access-research,https://www.bionixus.com/qatar-market-access-research,200,standalone-landing,6143,"Market Access Research Qatar | BioNixus","Market Access Research Qatar",no,no
/patient-support-program-research-gcc,https://www.bionixus.com/patient-support-program-research-gcc,200,standalone-landing,6456,"Patient Support Program Research GCC | BioNixus","Patient Support Program Research GCC",no,no
/sitemap,https://www.bionixus.com/sitemap,200,standalone-landing,6647,"Sitemap | BioNixus — Healthcare & Pharmaceutical Directory","Every BioNixus route—curated for precision navigation",no,no
/pharma-fieldwork-saudi-arabia,https://www.bionixus.com/pharma-fieldwork-saudi-arabia,200,standalone-landing,7236,"Pharma Fieldwork Saudi Arabia | Physician & Payer Research","Pharma Fieldwork Saudi Arabia",no,no
/kuwait-market-access-research,https://www.bionixus.com/kuwait-market-access-research,200,standalone-landing,7352,"Market Access Research Kuwait | BioNixus","Market Access Research Kuwait",no,no
/pharma-fieldwork-uae,https://www.bionixus.com/pharma-fieldwork-uae,200,standalone-landing,8040,"Pharma Fieldwork UAE | Physician & Payer Research | BioNixus","Pharma Fieldwork UAE",no,no
/healthcare-fieldwork-middle-east,https://www.bionixus.com/healthcare-fieldwork-middle-east,200,standalone-landing,8089,"Healthcare Fieldwork Middle East | BioNixus","Healthcare Fieldwork Middle East",no,no
/market-research-by-industry,https://www.bionixus.com/market-research-by-industry,200,standalone-landing,9634,"Market Research by Industry | BioNixus","Market research by industry — <em>global coverage</em>",no,no