pathname,url,status,word_count,thin,title,h1
/ar/blog/%d8%b3%d9%88%d9%82-%d8%a7%d9%84%d8%af%d9%88%d8%a7%d8%a1-%d8%a7%d9%84%d8%b3%d8%b9%d9%88%d8%af%d9%8a-2026,https://www.bionixus.com/ar/blog/%d8%b3%d9%88%d9%82-%d8%a7%d9%84%d8%af%d9%88%d8%a7%d8%a1-%d8%a7%d9%84%d8%b3%d8%b9%d9%88%d8%af%d9%8a-2026,200,13,true,سوق الدواء السعودي 2026: رؤى واتجاهات | BioNixus,سوق الدواء السعودي 2026 — BioNixus
/ar/blog/saudi-pharma-market-2026,https://www.bionixus.com/ar/blog/saudi-pharma-market-2026,200,13,true,Saudi Pharma Market 2026 | مدونة BioNixus,Saudi Pharma Market 2026 — BioNixus
/ar/blog/pharmaceutical-market-research-middle-east-gcc,https://www.bionixus.com/ar/blog/pharmaceutical-market-research-middle-east-gcc,200,15,true,Pharmaceutical Market Research Middle East GCC | مدونة BioNixus,Pharmaceutical Market Research Middle East GCC — BioNixus
/ar/blog/%d8%a3%d8%a8%d8%ad%d8%a7%d8%ab-%d8%a7%d9%84%d8%b3%d9%88%d9%82-%d8%a7%d9%84%d8%af%d9%88%d8%a7%d8%a6%d9%8a%d8%a9-%d9%81%d9%8a-%d8%a7%d9%84%d8%b4%d8%b1%d9%82-%d8%a7%d9%84%d8%a3%d9%88%d8%b3%d8%b7-%d9%88-%d8%af%d9%88%d9%84-%d8%a7%d9%84%d8%ae%d9%84%d9%8a%d8%ac-%d8%a7%d9%84%d8%b9%d8%b1%d8%a8%d9%8a,https://www.bionixus.com/ar/blog/%d8%a3%d8%a8%d8%ad%d8%a7%d8%ab-%d8%a7%d9%84%d8%b3%d9%88%d9%82-%d8%a7%d9%84%d8%af%d9%88%d8%a7%d8%a6%d9%8a%d8%a9-%d9%81%d9%8a-%d8%a7%d9%84%d8%b4%d8%b1%d9%82-%d8%a7%d9%84%d8%a3%d9%88%d8%b3%d8%b7-%d9%88-%d8%af%d9%88%d9%84-%d8%a7%d9%84%d8%ae%d9%84%d9%8a%d8%ac-%d8%a7%d9%84%d8%b9%d8%b1%d8%a8%d9%8a,200,19,true,أبحاث السوق الصيدلانية الشرق الأوسط والخليج 2026 | BioNixus,أبحاث السوق الدوائية في الشرق الأوسط و دول الخليج العربي — BioNixus
/zh/insights,https://www.bionixus.com/zh/insights,200,24,true,Insights | BioNixus,BioNixus 洞察为何对医药与医疗健康至关重要
/de/blog/gesundheitsmarkt-deutschland-2026,https://www.bionixus.com/de/blog/gesundheitsmarkt-deutschland-2026,200,108,true,Blog Gesundheitsmarkt Deutschland 2026 | BioNixus,
/de/blog/pharmamarktforschung-deutschland-2026,https://www.bionixus.com/de/blog/pharmamarktforschung-deutschland-2026,200,108,true,Blog Pharmamarktforschung Deutschland 2026 | BioNixus,
/de/blog/amnog-frueher-nutzen-marktzugang-2026,https://www.bionixus.com/de/blog/amnog-frueher-nutzen-marktzugang-2026,200,110,true,Blog Amnog Frueher Nutzen Marktzugang 2026 | BioNixus,
/de/blog/deutsche-pharmaunternehmen-2026-pipeline-updates,https://www.bionixus.com/de/blog/deutsche-pharmaunternehmen-2026-pipeline-updates,200,110,true,Blog Deutsche Pharmaunternehmen 2026 Pipeline Upd | BioNixus,
/media,https://www.bionixus.com/media,200,132,true,Media Kit & Press Contact | BioNixus,Media kit
/zh/market-research-healthcare,https://www.bionixus.com/zh/market-research-healthcare,200,134,true,Healthcare Market Research | 欧洲与中东医药Healthcare市场研究,服务欧洲与中东制药决策的healthcare market research
/clinical-diagnostics-proposal-request,https://www.bionixus.com/clinical-diagnostics-proposal-request,200,140,true,Register for Clinical Diagnostics Proposal | BioNixus,Receive the full market assessment proposal
/videos,https://www.bionixus.com/videos,200,142,true,Market Research Videos | BioNixus,Market research videos
/fr/blog/etudes-marche-pharmaceutique-france-2026,https://www.bionixus.com/fr/blog/etudes-marche-pharmaceutique-france-2026,200,145,true,Blog Etudes Marche Pharmaceutique France 2026 | BioNixus,
/fr/blog/evaluation-economique-has-france-2026,https://www.bionixus.com/fr/blog/evaluation-economique-has-france-2026,200,145,true,Blog Evaluation Economique Has France 2026 | BioNixus,
/videos/consumer-b2b-market-research,https://www.bionixus.com/videos/consumer-b2b-market-research,200,146,true,BioNixus Consumer & B2B Market Research | BioNixus,BioNixus Consumer &amp; B2B Market Research
/videos/healthcare-market-research-overview,https://www.bionixus.com/videos/healthcare-market-research-overview,200,158,true,BioNixus Healthcare Market Research Overview | BioNixus,BioNixus Healthcare Market Research Overview
/templates/country-research-brief,https://www.bionixus.com/templates/country-research-brief,200,174,true,Country Research Brief Template | BioNixus,Country research brief template
/templates/mystery-shop-retail-brief,https://www.bionixus.com/templates/mystery-shop-retail-brief,200,188,true,Mystery Shop Retail Brief (GCC) | BioNixus,Mystery-shop retail brief (GCC)
/news,https://www.bionixus.com/news,200,192,true,News & Press Releases | BioNixus,News
/de/insights,https://www.bionixus.com/de/insights,200,205,true,BioNixus Insights für Pharma- und Gesundheitsstrategie,Warum BioNixus Insights in Pharma und Gesundheitswesen zählen
/tools/syndicated-data-gap,https://www.bionixus.com/tools/syndicated-data-gap,200,210,true,Syndicated Data Gap Diagnostic | BioNixus,Syndicated data gap diagnostic
/ar/insights,https://www.bionixus.com/ar/insights,200,222,true,رؤى بيونكسس لاستراتيجيات الرعاية الصحية والأدوية,لماذا تُحدث رؤى بيونكسس فرقاً في الرعاية الصحية والأدوية
/ru/insights,https://www.bionixus.com/ru/insights,200,232,true,Аналитика BioNixus для фармацевтической стратегии,Почему аналитика BioNixus важна в здравоохранении и фармацевтике
/zh/methodology,https://www.bionixus.com/zh/methodology,200,244,true,Healthcare Research Methodology & Process | BioNixus,医疗健康市场研究方法
/zh/about,https://www.bionixus.com/zh/about,200,263,true,关于 BioNixus | 基于受监管医药的全球市场研究 | BioNixus,全球市场研究——建立在医药这一我们服务的最受监管行业之上，并扩展至跨行业信赖
/ar/arabic-blog-alsawdyh,https://www.bionixus.com/ar/arabic-blog-alsawdyh,200,282,true,المدونة العربية: أبحاث السوق الدوائي في السعودية | BioNixus,دليل أبحاث السوق الدوائي في السعودية
/bionixus-ai-chatbots-increase-sales-and-lead-generation,https://www.bionixus.com/bionixus-ai-chatbots-increase-sales-and-lead-generation,200,289,true,AI Chatbots in Pharmaceutical Market Research | BioNixus,AI Chatbots for Healthcare Market Research and Lead Generation
/es/insights,https://www.bionixus.com/es/insights,200,293,true,Insights de BioNixus para estrategia sanitaria y farmacéuti,Por qué los insights de BioNixus importan en salud y farmacia
/pt/insights,https://www.bionixus.com/pt/insights,200,295,true,Insights BioNixus para estratégia em saúde e farmacêutica,Por que os insights da BioNixus são decisivos em saúde e farmacêutica
/fr/insights,https://www.bionixus.com/fr/insights,200,297,true,Insights BioNixus pour la stratégie santé et pharma,Pourquoi les insights BioNixus comptent en santé et pharmacie
/ar/market-research-healthcare,https://www.bionixus.com/ar/market-research-healthcare,200,314,true,Healthcare Market Research | ابحاث healthcare ودوائية لاوروبا...,Healthcare market research لقرارات دوائية في اوروبا والشرق الاوسط
/zh/strategic-portfolio,https://www.bionixus.com/zh/strategic-portfolio,200,322,true,BioNixus 战略产品组合 | EMEA 与 MENA 制药研究能力,战略产品组合：贯穿 EMEA 与 MENA 的制药研究与市场准入能力
/de/market-research-healthcare,https://www.bionixus.com/de/market-research-healthcare,200,330,true,Healthcare Market Research | Pharma Healthcare Market...,Healthcare market research fuer pharmazeutische Entscheidungen in Europa und Nahost
/es/market-research-healthcare,https://www.bionixus.com/es/market-research-healthcare,200,341,true,Healthcare Market Research | Investigacion healthcare y...,Healthcare market research para decisiones farmaceuticas en Europa y Oriente Medio
/zh/bionixus-market-research-middle-east,https://www.bionixus.com/zh/bionixus-market-research-middle-east,200,351,true,中东制药市场研究 | 海湾国家证据项目 | BioNixus,加速海湾国家上市决策的中东制药市场研究
/fr/market-research-healthcare,https://www.bionixus.com/fr/market-research-healthcare,200,354,true,Healthcare Market Research | Recherche healthcare et...,Healthcare market research pour decisions pharmaceutiques en Europe et Moyen-Orient
/zh/insights/top-market-research-companies-egypt-2026,https://www.bionixus.com/zh/insights/top-market-research-companies-egypt-2026,200,362,true,埃及最佳市场研究公司 5 强（2026）| 买家指南 | BioNixus,埃及最佳市场研究公司 5 强（2026）
/qualitative-market-research,https://www.bionixus.com/qualitative-market-research,200,409,true,Qualitative Market Research for Healthcare and Ph | BioNixus,Qualitative Market Research for Pharmaceutical Strategy
/insights,https://www.bionixus.com/insights,200,412,true,BioNixus Insights for Healthcare & Pharma Strateg | BioNixus,Why BioNixus Insights Matter in Healthcare and Pharmaceuticals
/zh/bionixus-industries,https://www.bionixus.com/zh/bionixus-industries,200,420,true,Bionixus Industries | BioNixus,一家研究机构，<em>服务我们所覆盖的每一个行业</em>
/case-studies,https://www.bionixus.com/case-studies,200,429,true,Healthcare & Pharmaceutical Case Studies | BioNixus,"Real-World Research.<br class=""hidden md:block""/> Measurable Results."
/insights/saudi-arabia-biosimilar-market-size-methodology-2026,https://www.bionixus.com/insights/saudi-arabia-biosimilar-market-size-methodology-2026,200,434,true,Saudi Arabia Biosimilar Market Size: Why Figures | BioNixus,Why Saudi Arabia biosimilar market figures disagree (USD 382M vs USD 664M)
/faq,https://www.bionixus.com/faq,200,465,true,FAQ | Healthcare & Pharma Market Research | BioNixus,Frequently Asked Questions
/insights/saudi-arabia-cancer-diagnostics-market-size-methodology-2026,https://www.bionixus.com/insights/saudi-arabia-cancer-diagnostics-market-size-methodology-2026,200,472,true,Saudi Arabia Cancer Diagnostics Market Size: Why | BioNixus,Why Saudi Arabia cancer diagnostics market figures disagree (USD ~0.9B–2.1B)
/insights/saudi-arabia-vaccine-market-size-methodology-2026,https://www.bionixus.com/insights/saudi-arabia-vaccine-market-size-methodology-2026,200,507,true,Saudi Arabia Vaccine Market Size: Why Figures Dif | BioNixus,Why Saudi Arabia vaccine market figures disagree (USD 248M vs USD 536M+)
/zh,https://www.bionixus.com/zh,200,518,true,EMEA Healthcare Market Research (Chinese) | BioNixus,"以研究塑造<!-- --> <em class=""font-medium not-italic text-transparent bg-clip-text bg-gradient-to-br from-[#C9A84C] to-[#E4CC7A]"">您的战略</em>"
/ar/pharmaceutical-companies-oman,https://www.bionixus.com/ar/pharmaceutical-companies-oman,200,520,true,شركات الأدوية في عُمان 2026 | دليل الشركات,شركات الأدوية في عُمان
/ar/pharmaceutical-companies-qatar,https://www.bionixus.com/ar/pharmaceutical-companies-qatar,200,533,true,شركات الأدوية في قطر 2026 | دليل الشركات,شركات الأدوية في قطر
/febrile-neutropenia-market,https://www.bionixus.com/febrile-neutropenia-market,200,543,true,"Febrile Neutropenia Market 2026: Size, G-CSF & Forecast",Febrile Neutropenia Market: Supportive-Care &amp; Protocol Intelligence
/ar/pharmaceutical-companies-saudi-arabia,https://www.bionixus.com/ar/pharmaceutical-companies-saudi-arabia,200,544,true,شركات الأدوية في السعودية 2026 | دليل الشركات,شركات الأدوية في السعودية
/japan-neurology-devices-market,https://www.bionixus.com/japan-neurology-devices-market,200,544,true,Japan Neurology Devices Market Research | BioNixus,Japan Neurology Devices Market: Clinical &amp; Access Intelligence
/japan-medical-disposables-market,https://www.bionixus.com/japan-medical-disposables-market,200,546,true,Japan Medical Disposables Market Research | BioNixus,Japan Medical Disposables Market: Procurement &amp; Adoption Intelligence
/ar/pharmaceutical-companies-kuwait,https://www.bionixus.com/ar/pharmaceutical-companies-kuwait,200,547,true,شركات الأدوية في الكويت 2026 | دليل الشركات,شركات الأدوية في الكويت
/ar/pharmaceutical-companies-uae,https://www.bionixus.com/ar/pharmaceutical-companies-uae,200,558,true,شركات الأدوية في الإمارات 2026 | دليل الشركات,شركات الأدوية في الإمارات
/mek-inhibitors-market,https://www.bionixus.com/mek-inhibitors-market,200,564,true,MEK Inhibitors Market Access Research | BioNixus,MEK Inhibitors Market Access: Oncology Evidence &amp; Commercial Intelligence
/italy-clinical-trials-market,https://www.bionixus.com/italy-clinical-trials-market,200,567,true,Italy Clinical Trials Market Research | BioNixus,"Italy Clinical Trials Market: Site, Feasibility &amp; Sponsor Intelligence"
/doxorubicin-market,https://www.bionixus.com/doxorubicin-market,200,572,true,Doxorubicin Market Access Research | BioNixus,"Doxorubicin Market Access: Protocol, Tender &amp; Formulation Intelligence"
/consumer-market-research,https://www.bionixus.com/consumer-market-research,200,581,true,Consumer & Business Market Research Company — FMC | BioNixus,Consumer &amp; Business Market Research — Global Coverage
/japan-medical-device-market-access,https://www.bionixus.com/japan-medical-device-market-access,200,583,true,Japan Medical Device Market Access & Automation | BioNixus,Japan Medical Device Market Access &amp; Medical Automation Intelligence
/bionixus-industries/insights,https://www.bionixus.com/bionixus-industries/insights,200,598,true,Industry Insights Blog | B2B & B2C Market Researc | BioNixus,B2B &amp; B2C Market Research Insights
/italy-medical-device-connectivity-market,https://www.bionixus.com/italy-medical-device-connectivity-market,200,599,true,Italy Medical Device Connectivity & Digital Healt | BioNixus,Italy Medical Device Connectivity &amp; Digital Health Market Intelligence
/ar/pharmaceutical-companies-egypt,https://www.bionixus.com/ar/pharmaceutical-companies-egypt,200,608,true,شركات الأدوية في مصر 2026 | دليل الشركات,شركات الأدوية في مصر
/italy-portable-diagnostic-devices-market,https://www.bionixus.com/italy-portable-diagnostic-devices-market,200,612,true,Italy Portable Diagnostic Devices Market Research | BioNixus,Italy Portable Diagnostic Devices Market: POCT &amp; Adoption Intelligence
/singapore-ivd-market-access,https://www.bionixus.com/singapore-ivd-market-access,200,612,true,Singapore IVD Market Access Research | BioNixus,"Singapore IVD Market Access: Lab, Hospital &amp; Regulatory Intelligence"
/zh/contact,https://www.bionixus.com/zh/contact,200,618,true,联系 BioNixus | 医疗与制药市场研究咨询,Connect with a global market research team.
/italy-oncology-antiinfective-market-access,https://www.bionixus.com/italy-oncology-antiinfective-market-access,200,627,true,Italy Oncology & Anti-infective Market Access Res | BioNixus,"Italy Oncology &amp; Anti-infective Market Access: AIFA, Hospital &amp; Regional Intelligence"
/gcc-medication-management-market,https://www.bionixus.com/gcc-medication-management-market,200,648,true,GCC Medication Management Market Research | BioNixus,"GCC Medication Management Market: Pharmacy, Automation &amp; Adherence Intelligence"
/insights/top-education-market-research-companies-bahrain-2026,https://www.bionixus.com/insights/top-education-market-research-companies-bahrain-2026,200,669,true,Top 4 Education Market Research Firms in Bahrain (2026),4 Best Education Market Research Firms in Bahrain (2026 Rankings)
/insights/top-education-market-research-companies-kuwait-2026,https://www.bionixus.com/insights/top-education-market-research-companies-kuwait-2026,200,669,true,Top 4 Education Market Research Firms in Kuwait (2026),4 Best Education Market Research Firms in Kuwait (2026 Rankings)
/insights/top-education-market-research-companies-oman-2026,https://www.bionixus.com/insights/top-education-market-research-companies-oman-2026,200,669,true,Top 4 Education Market Research Firms in Oman (2026),4 Best Education Market Research Firms in Oman (2026 Rankings)
/insights/top-education-market-research-companies-qatar-2026,https://www.bionixus.com/insights/top-education-market-research-companies-qatar-2026,200,669,true,Top 4 Education Market Research Firms in Qatar (2026),4 Best Education Market Research Firms in Qatar (2026 Rankings)
/insights/top-media-market-research-companies-bahrain-2026,https://www.bionixus.com/insights/top-media-market-research-companies-bahrain-2026,200,670,true,Top 4 Media Market Research Firms in Bahrain (2026),4 Best Media &amp; Entertainment Market Research Firms in Bahrain (2026 Rankings)
/insights/top-media-market-research-companies-kuwait-2026,https://www.bionixus.com/insights/top-media-market-research-companies-kuwait-2026,200,670,true,Top 4 Media Market Research Firms in Kuwait (2026),4 Best Media &amp; Entertainment Market Research Firms in Kuwait (2026 Rankings)
/insights/top-media-market-research-companies-oman-2026,https://www.bionixus.com/insights/top-media-market-research-companies-oman-2026,200,670,true,Top 4 Media Market Research Firms in Oman (2026),4 Best Media &amp; Entertainment Market Research Firms in Oman (2026 Rankings)
/insights/top-media-market-research-companies-qatar-2026,https://www.bionixus.com/insights/top-media-market-research-companies-qatar-2026,200,670,true,Top 4 Media Market Research Firms in Qatar (2026),4 Best Media &amp; Entertainment Market Research Firms in Qatar (2026 Rankings)
/insights/top-telecom-market-research-companies-bahrain-2026,https://www.bionixus.com/insights/top-telecom-market-research-companies-bahrain-2026,200,670,true,Top 4 Telecom Market Research Firms in Bahrain (2026),4 Best Telecom &amp; Connectivity Market Research Firms in Bahrain (2026 Rankings)
/insights/top-telecom-market-research-companies-kuwait-2026,https://www.bionixus.com/insights/top-telecom-market-research-companies-kuwait-2026,200,670,true,Top 4 Telecom Market Research Firms in Kuwait (2026),4 Best Telecom &amp; Connectivity Market Research Firms in Kuwait (2026 Rankings)
/insights/top-telecom-market-research-companies-oman-2026,https://www.bionixus.com/insights/top-telecom-market-research-companies-oman-2026,200,670,true,Top 4 Telecom Market Research Firms in Oman (2026),4 Best Telecom &amp; Connectivity Market Research Firms in Oman (2026 Rankings)
/insights/top-telecom-market-research-companies-qatar-2026,https://www.bionixus.com/insights/top-telecom-market-research-companies-qatar-2026,200,670,true,Top 4 Telecom Market Research Firms in Qatar (2026),4 Best Telecom &amp; Connectivity Market Research Firms in Qatar (2026 Rankings)
/insights/top-biotech-market-research-companies-bahrain-2026,https://www.bionixus.com/insights/top-biotech-market-research-companies-bahrain-2026,200,671,true,Top 4 Biotech Market Research Firms in Bahrain (2026),4 Best Biotech &amp; Life Sciences Market Research Firms in Bahrain (2026 Rankings)
/insights/top-biotech-market-research-companies-kuwait-2026,https://www.bionixus.com/insights/top-biotech-market-research-companies-kuwait-2026,200,671,true,Top 4 Biotech Market Research Firms in Kuwait (2026),4 Best Biotech &amp; Life Sciences Market Research Firms in Kuwait (2026 Rankings)
/insights/top-biotech-market-research-companies-oman-2026,https://www.bionixus.com/insights/top-biotech-market-research-companies-oman-2026,200,671,true,Top 4 Biotech Market Research Firms in Oman (2026),4 Best Biotech &amp; Life Sciences Market Research Firms in Oman (2026 Rankings)
/insights/top-biotech-market-research-companies-qatar-2026,https://www.bionixus.com/insights/top-biotech-market-research-companies-qatar-2026,200,671,true,Top 4 Biotech Market Research Firms in Qatar (2026),4 Best Biotech &amp; Life Sciences Market Research Firms in Qatar (2026 Rankings)
/insights/top-healthcare-market-research-companies-bahrain-2026,https://www.bionixus.com/insights/top-healthcare-market-research-companies-bahrain-2026,200,671,true,Top 4 Healthcare Market Research Firms in Bahrain (2026),4 Best Healthcare Providers &amp; Hospitals Market Research Firms in Bahrain (2026 Rankings)
/insights/top-healthcare-market-research-companies-oman-2026,https://www.bionixus.com/insights/top-healthcare-market-research-companies-oman-2026,200,671,true,Top 4 Healthcare Market Research Firms in Oman (2026),4 Best Healthcare Providers &amp; Hospitals Market Research Firms in Oman (2026 Rankings)
/insights/top-healthcare-market-research-companies-qatar-2026,https://www.bionixus.com/insights/top-healthcare-market-research-companies-qatar-2026,200,671,true,Top 4 Healthcare Market Research Firms in Qatar (2026),4 Best Healthcare Providers &amp; Hospitals Market Research Firms in Qatar (2026 Rankings)
/insights/top-medtech-market-research-companies-bahrain-2026,https://www.bionixus.com/insights/top-medtech-market-research-companies-bahrain-2026,200,671,true,Top 4 MedTech Market Research Firms in Bahrain (2026),4 Best MedTech &amp; Medical Devices Market Research Firms in Bahrain (2026 Rankings)
/insights/top-medtech-market-research-companies-kuwait-2026,https://www.bionixus.com/insights/top-medtech-market-research-companies-kuwait-2026,200,671,true,Top 4 MedTech Market Research Firms in Kuwait (2026),4 Best MedTech &amp; Medical Devices Market Research Firms in Kuwait (2026 Rankings)
/insights/top-medtech-market-research-companies-oman-2026,https://www.bionixus.com/insights/top-medtech-market-research-companies-oman-2026,200,671,true,Top 4 MedTech Market Research Firms in Oman (2026),4 Best MedTech &amp; Medical Devices Market Research Firms in Oman (2026 Rankings)
/insights/top-medtech-market-research-companies-qatar-2026,https://www.bionixus.com/insights/top-medtech-market-research-companies-qatar-2026,200,671,true,Top 4 MedTech Market Research Firms in Qatar (2026),4 Best MedTech &amp; Medical Devices Market Research Firms in Qatar (2026 Rankings)
/insights/top-healthcare-market-research-companies-egypt-2026,https://www.bionixus.com/insights/top-healthcare-market-research-companies-egypt-2026,200,676,true,Top 4 Healthcare Market Research Firms in Egypt (2026),4 Best Healthcare Providers &amp; Hospitals Market Research Firms in Egypt (2026 Rankings)
/insights/top-education-market-research-companies-egypt-2026,https://www.bionixus.com/insights/top-education-market-research-companies-egypt-2026,200,682,true,Top 4 Education Market Research Firms in Egypt (2026),4 Best Education Market Research Firms in Egypt (2026 Rankings)
/insights/top-education-market-research-companies-uae-2026,https://www.bionixus.com/insights/top-education-market-research-companies-uae-2026,200,683,true,Top 4 Education Market Research Firms in UAE (2026),4 Best Education Market Research Firms in UAE (2026 Rankings)
/insights/top-media-market-research-companies-egypt-2026,https://www.bionixus.com/insights/top-media-market-research-companies-egypt-2026,200,683,true,Top 4 Media Market Research Firms in Egypt (2026),4 Best Media &amp; Entertainment Market Research Firms in Egypt (2026 Rankings)
/insights/top-telecom-market-research-companies-egypt-2026,https://www.bionixus.com/insights/top-telecom-market-research-companies-egypt-2026,200,683,true,Top 4 Telecom Market Research Firms in Egypt (2026),4 Best Telecom &amp; Connectivity Market Research Firms in Egypt (2026 Rankings)
/real-world-evidence-italy,https://www.bionixus.com/real-world-evidence-italy,200,683,true,Real-World Evidence (RWE) in Italy | BioNixus,Real-World Evidence in Italy: Practice-Pattern Insight for Access &amp; Medical Teams
/insights/top-media-market-research-companies-uae-2026,https://www.bionixus.com/insights/top-media-market-research-companies-uae-2026,200,684,true,Top 4 Media Market Research Firms in UAE (2026),4 Best Media &amp; Entertainment Market Research Firms in UAE (2026 Rankings)
/insights/top-telecom-market-research-companies-uae-2026,https://www.bionixus.com/insights/top-telecom-market-research-companies-uae-2026,200,684,true,Top 4 Telecom Market Research Firms in UAE (2026),4 Best Telecom &amp; Connectivity Market Research Firms in UAE (2026 Rankings)
/real-world-evidence-spain,https://www.bionixus.com/real-world-evidence-spain,200,685,true,Real-World Evidence (RWE) in Spain | BioNixus,Real-World Evidence in Spain: Practice-Pattern Insight for Access &amp; Medical Teams
/resources,https://www.bionixus.com/resources,200,686,true,Resources | BioNixus — Market Research Guides & Whitepapers,"Guides, Whitepapers &amp; Market Intelligence"
/real-world-evidence-turkey,https://www.bionixus.com/real-world-evidence-turkey,200,689,true,Real-World Evidence (RWE) in Turkey | BioNixus,Real-World Evidence in Turkey: Practice-Pattern Insight for Access &amp; Medical Teams
/insights/top-biotech-market-research-companies-egypt-2026,https://www.bionixus.com/insights/top-biotech-market-research-companies-egypt-2026,200,691,true,Top 4 Biotech Market Research Firms in Egypt (2026),4 Best Biotech &amp; Life Sciences Market Research Firms in Egypt (2026 Rankings)
/insights/top-biotech-market-research-companies-uae-2026,https://www.bionixus.com/insights/top-biotech-market-research-companies-uae-2026,200,691,true,Top 4 Biotech Market Research Firms in UAE (2026),4 Best Biotech &amp; Life Sciences Market Research Firms in UAE (2026 Rankings)
/insights/top-medtech-market-research-companies-egypt-2026,https://www.bionixus.com/insights/top-medtech-market-research-companies-egypt-2026,200,691,true,Top 4 MedTech Market Research Firms in Egypt (2026),4 Best MedTech &amp; Medical Devices Market Research Firms in Egypt (2026 Rankings)
/insights/top-medtech-market-research-companies-uae-2026,https://www.bionixus.com/insights/top-medtech-market-research-companies-uae-2026,200,691,true,Top 4 MedTech Market Research Firms in UAE (2026),4 Best MedTech &amp; Medical Devices Market Research Firms in UAE (2026 Rankings)
/real-world-evidence-france,https://www.bionixus.com/real-world-evidence-france,200,692,true,Real-World Evidence (RWE) in France | BioNixus,Real-World Evidence in France: Practice-Pattern Insight for Access &amp; Medical Teams
/real-world-evidence-germany,https://www.bionixus.com/real-world-evidence-germany,200,693,true,Real-World Evidence (RWE) in Germany | BioNixus,Real-World Evidence in Germany: Practice-Pattern Insight for Access &amp; Medical Teams
/real-world-evidence-europe,https://www.bionixus.com/real-world-evidence-europe,200,696,true,Real-World Evidence (RWE) in Europe | BioNixus,Real-World Evidence in Europe: Practice-Pattern Insight for Access &amp; Medical Teams
/insights/top-consumer-health-market-research-companies-bahrain-2026,https://www.bionixus.com/insights/top-consumer-health-market-research-companies-bahrain-2026,200,697,true,Top 4 Consumer Health Market Research Firms Bahrain 2026,4 Best Consumer Health &amp; OTC Market Research Firms in Bahrain (2026 Rankings)
/insights/top-consumer-health-market-research-companies-kuwait-2026,https://www.bionixus.com/insights/top-consumer-health-market-research-companies-kuwait-2026,200,697,true,Top 4 Consumer Health Market Research Firms in Kuwait (2026),4 Best Consumer Health &amp; OTC Market Research Firms in Kuwait (2026 Rankings)
/insights/top-consumer-health-market-research-companies-oman-2026,https://www.bionixus.com/insights/top-consumer-health-market-research-companies-oman-2026,200,697,true,Top 4 Consumer Health Market Research Firms in Oman (2026),4 Best Consumer Health &amp; OTC Market Research Firms in Oman (2026 Rankings)
/insights/top-consumer-health-market-research-companies-qatar-2026,https://www.bionixus.com/insights/top-consumer-health-market-research-companies-qatar-2026,200,697,true,Top 4 Consumer Health Market Research Firms in Qatar (2026),4 Best Consumer Health &amp; OTC Market Research Firms in Qatar (2026 Rankings)
/insights/top-public-sector-market-research-companies-bahrain-2026,https://www.bionixus.com/insights/top-public-sector-market-research-companies-bahrain-2026,200,697,true,Top 4 Public Sector Market Research Firms in Bahrain (2026),4 Best Public Sector &amp; Government Market Research Firms in Bahrain (2026 Rankings)
/insights/top-public-sector-market-research-companies-kuwait-2026,https://www.bionixus.com/insights/top-public-sector-market-research-companies-kuwait-2026,200,697,true,Top 4 Public Sector Market Research Firms in Kuwait (2026),4 Best Public Sector &amp; Government Market Research Firms in Kuwait (2026 Rankings)
/insights/top-public-sector-market-research-companies-oman-2026,https://www.bionixus.com/insights/top-public-sector-market-research-companies-oman-2026,200,697,true,Top 4 Public Sector Market Research Firms in Oman (2026),4 Best Public Sector &amp; Government Market Research Firms in Oman (2026 Rankings)
/insights/top-public-sector-market-research-companies-qatar-2026,https://www.bionixus.com/insights/top-public-sector-market-research-companies-qatar-2026,200,697,true,Top 4 Public Sector Market Research Firms in Qatar (2026),4 Best Public Sector &amp; Government Market Research Firms in Qatar (2026 Rankings)
/mea-clinical-trial-imaging-market,https://www.bionixus.com/mea-clinical-trial-imaging-market,200,697,true,Middle East & Africa Clinical Trial Imaging Marke | BioNixus,Middle East &amp; Africa Clinical Trial Imaging Market Intelligence
/real-world-evidence-canada,https://www.bionixus.com/real-world-evidence-canada,200,697,true,Real-World Evidence (RWE) in Canada | BioNixus,Real-World Evidence in Canada: Practice-Pattern Insight for Access &amp; Medical Teams
/real-world-evidence-oman,https://www.bionixus.com/real-world-evidence-oman,200,697,true,Real-World Evidence (RWE) in Oman | BioNixus,Real-World Evidence in Oman: Practice-Pattern Insight for Access &amp; Medical Teams
/real-world-evidence-bahrain,https://www.bionixus.com/real-world-evidence-bahrain,200,699,true,Real-World Evidence (RWE) in Bahrain | BioNixus,Real-World Evidence in Bahrain: Practice-Pattern Insight for Access &amp; Medical Teams
/real-world-evidence-kuwait,https://www.bionixus.com/real-world-evidence-kuwait,200,702,true,Real-World Evidence (RWE) in Kuwait | BioNixus,Real-World Evidence in Kuwait: Practice-Pattern Insight for Access &amp; Medical Teams
/real-world-evidence-egypt,https://www.bionixus.com/real-world-evidence-egypt,200,704,true,Real-World Evidence (RWE) in Egypt | BioNixus,Real-World Evidence in Egypt: Practice-Pattern Insight for Access &amp; Medical Teams
/pharma-insights-italy,https://www.bionixus.com/pharma-insights-italy,200,707,true,Pharma Insights Italy | Market Research | BioNixus,Pharma Insights in Italy: Evidence for Launch &amp; Access Decisions
/real-world-evidence-qatar,https://www.bionixus.com/real-world-evidence-qatar,200,707,true,Real-World Evidence (RWE) in Qatar | BioNixus,Real-World Evidence in Qatar: Practice-Pattern Insight for Access &amp; Medical Teams
/pharma-insights-spain,https://www.bionixus.com/pharma-insights-spain,200,709,true,Pharma Insights Spain | Market Research | BioNixus,Pharma Insights in Spain: Evidence for Launch &amp; Access Decisions
/pharma-insights-turkey,https://www.bionixus.com/pharma-insights-turkey,200,709,true,Pharma Insights Turkey | Market Research | BioNixus,Pharma Insights in Turkey: Evidence for Launch &amp; Access Decisions
/insights/top-education-market-research-companies-saudi-arabia-2026,https://www.bionixus.com/insights/top-education-market-research-companies-saudi-arabia-2026,200,710,true,Top 4 Education Market Research Firms in Saudi Arabia (2026),4 Best Education Market Research Firms in Saudi Arabia (2026 Rankings)
/insights/top-public-sector-market-research-companies-egypt-2026,https://www.bionixus.com/insights/top-public-sector-market-research-companies-egypt-2026,200,710,true,Top 4 Public Sector Market Research Firms in Egypt (2026),4 Best Public Sector &amp; Government Market Research Firms in Egypt (2026 Rankings)
/real-world-evidence-uk,https://www.bionixus.com/real-world-evidence-uk,200,710,true,Real-World Evidence (RWE) in United Kingdom | BioNixus,Real-World Evidence in United Kingdom: Practice-Pattern Insight for Access &amp; Medical Teams
/insights/top-media-market-research-companies-saudi-arabia-2026,https://www.bionixus.com/insights/top-media-market-research-companies-saudi-arabia-2026,200,711,true,Top 4 Media Market Research Firms in Saudi Arabia (2026),4 Best Media &amp; Entertainment Market Research Firms in Saudi Arabia (2026 Rankings)
/insights/top-public-sector-market-research-companies-uae-2026,https://www.bionixus.com/insights/top-public-sector-market-research-companies-uae-2026,200,711,true,Top 4 Public Sector Market Research Firms in UAE (2026),4 Best Public Sector &amp; Government Market Research Firms in UAE (2026 Rankings)
/insights/top-telecom-market-research-companies-saudi-arabia-2026,https://www.bionixus.com/insights/top-telecom-market-research-companies-saudi-arabia-2026,200,711,true,Top 4 Telecom Market Research Firms in Saudi Arabia (2026),4 Best Telecom &amp; Connectivity Market Research Firms in Saudi Arabia (2026 Rankings)
/gcc-functional-service-providers-market,https://www.bionixus.com/gcc-functional-service-providers-market,200,712,true,GCC Functional Service Providers (FSP) Market 2026 | Size,GCC Functional Service Providers (FSP) Market: Sponsor &amp; Delivery Intelligence
/pharma-insights-france,https://www.bionixus.com/pharma-insights-france,200,716,true,Pharma Insights France | Market Research | BioNixus,Pharma Insights in France: Evidence for Launch &amp; Access Decisions
/insights/top-consumer-health-market-research-companies-egypt-2026,https://www.bionixus.com/insights/top-consumer-health-market-research-companies-egypt-2026,200,717,true,Top 4 Consumer Health Market Research Firms in Egypt (2026),4 Best Consumer Health &amp; OTC Market Research Firms in Egypt (2026 Rankings)
/insights/top-consumer-health-market-research-companies-uae-2026,https://www.bionixus.com/insights/top-consumer-health-market-research-companies-uae-2026,200,717,true,Top 4 Consumer Health Market Research Firms in UAE (2026),4 Best Consumer Health &amp; OTC Market Research Firms in UAE (2026 Rankings)
/pharma-insights-germany,https://www.bionixus.com/pharma-insights-germany,200,717,true,Pharma Insights Germany | Market Research | BioNixus,Pharma Insights in Germany: Evidence for Launch &amp; Access Decisions
/pharma-insights-oman,https://www.bionixus.com/pharma-insights-oman,200,717,true,Pharma Insights Oman | Market Research | BioNixus,Pharma Insights in Oman: Evidence for Launch &amp; Access Decisions
/insights/top-biotech-market-research-companies-saudi-arabia-2026,https://www.bionixus.com/insights/top-biotech-market-research-companies-saudi-arabia-2026,200,719,true,Top 4 Biotech Market Research Firms in Saudi Arabia (2026),4 Best Biotech &amp; Life Sciences Market Research Firms in Saudi Arabia (2026 Rankings)
/insights/top-medtech-market-research-companies-saudi-arabia-2026,https://www.bionixus.com/insights/top-medtech-market-research-companies-saudi-arabia-2026,200,719,true,Top 4 MedTech Market Research Firms in Saudi Arabia (2026),4 Best MedTech &amp; Medical Devices Market Research Firms in Saudi Arabia (2026 Rankings)
/pharma-insights-bahrain,https://www.bionixus.com/pharma-insights-bahrain,200,719,true,Pharma Insights Bahrain | Market Research | BioNixus,Pharma Insights in Bahrain: Evidence for Launch &amp; Access Decisions
/real-world-evidence-united-states,https://www.bionixus.com/real-world-evidence-united-states,200,719,true,Real-World Evidence (RWE) in United States | BioNixus,Real-World Evidence in United States: Practice-Pattern Insight for Access &amp; Medical Teams
/pharma-insights-europe,https://www.bionixus.com/pharma-insights-europe,200,720,true,Pharma Insights Europe | Market Research | BioNixus,Pharma Insights in Europe: Evidence for Launch &amp; Access Decisions
/pharma-insights-canada,https://www.bionixus.com/pharma-insights-canada,200,721,true,Pharma Insights Canada | Market Research | BioNixus,Pharma Insights in Canada: Evidence for Launch &amp; Access Decisions
/real-world-evidence-saudi-arabia,https://www.bionixus.com/real-world-evidence-saudi-arabia,200,721,true,Real-World Evidence (RWE) in Saudi Arabia | BioNixus,Real-World Evidence in Saudi Arabia: Practice-Pattern Insight for Access &amp; Medical Teams
/pharma-insights-kuwait,https://www.bionixus.com/pharma-insights-kuwait,200,722,true,Pharma Insights Kuwait | Market Research | BioNixus,Pharma Insights in Kuwait: Evidence for Launch &amp; Access Decisions
/pharma-insights-egypt,https://www.bionixus.com/pharma-insights-egypt,200,724,true,Pharma Insights Egypt | Market Research | BioNixus,Pharma Insights in Egypt: Evidence for Launch &amp; Access Decisions
/real-world-evidence-uae,https://www.bionixus.com/real-world-evidence-uae,200,724,true,Real-World Evidence (RWE) in United Arab Emirates | BioNixus,Real-World Evidence in United Arab Emirates: Practice-Pattern Insight for Access &amp; Medical Teams
/pharma-insights-qatar,https://www.bionixus.com/pharma-insights-qatar,200,727,true,Pharma Insights Qatar | Market Research | BioNixus,Pharma Insights in Qatar: Evidence for Launch &amp; Access Decisions
/market-research/fmcg,https://www.bionixus.com/market-research/fmcg,200,729,true,FMCG & Consumer Goods Market Research Company | BioNixus,FMCG &amp; Consumer Goods Market Research Company (2026)
/fr/healthcare-market-research/france,https://www.bionixus.com/fr/healthcare-market-research/france,200,735,true,Études de marché pharmaceutique France | HAS et A | BioNixus,Études de marché pharmaceutique en France
/pharma-insights-uk,https://www.bionixus.com/pharma-insights-uk,200,735,true,Pharma Insights United Kingdom | Market Research | BioNixus,Pharma Insights in United Kingdom: Evidence for Launch &amp; Access Decisions
/insights/top-public-sector-market-research-companies-saudi-arabia-2026,https://www.bionixus.com/insights/top-public-sector-market-research-companies-saudi-arabia-2026,200,738,true,Top 4 Public Sector Market Research Firms Saudi Arabia 2026,4 Best Public Sector &amp; Government Market Research Firms in Saudi Arabia (2026 Rankings)
/zh/services,https://www.bionixus.com/zh/services,200,739,true,Services | BioNixus,面向中国与亚太市场的医药及医疗健康市场研究
/pharma-insights-saudi-arabia,https://www.bionixus.com/pharma-insights-saudi-arabia,200,742,true,Pharma Insights Saudi Arabia | Market Research | BioNixus,Pharma Insights in Saudi Arabia: Evidence for Launch &amp; Access Decisions
/market-research-healthcare,https://www.bionixus.com/market-research-healthcare,200,743,true,Healthcare Market Research Services | Pharma Evid | BioNixus,Healthcare market research for pharmaceutical decisions in Europe and the Middle East
/pharma-insights-united-states,https://www.bionixus.com/pharma-insights-united-states,200,744,true,Pharma Insights United States | Market Research | BioNixus,Pharma Insights in United States: Evidence for Launch &amp; Access Decisions
/insights/top-consumer-health-market-research-companies-saudi-arabia-2026,https://www.bionixus.com/insights/top-consumer-health-market-research-companies-saudi-arabia-2026,200,745,true,Top Consumer Health Market Research Saudi Arabia 2026,4 Best Consumer Health &amp; OTC Market Research Firms in Saudi Arabia (2026 Rankings)
/pharma-insights-uae,https://www.bionixus.com/pharma-insights-uae,200,746,true,Pharma Insights United Arab Emirates | Market Res | BioNixus,Pharma Insights in United Arab Emirates: Evidence for Launch &amp; Access Decisions
/market-research/financial-services,https://www.bionixus.com/market-research/financial-services,200,747,true,Financial Services Market Research Company | BioNixus,Financial Services Market Research Company (2026)
/market-research/telecom,https://www.bionixus.com/market-research/telecom,200,760,true,Telecom Market Research Company | BioNixus,Telecom Market Research Company (2026)
/insights/top-retail-market-research-companies-bahrain-2026,https://www.bionixus.com/insights/top-retail-market-research-companies-bahrain-2026,200,770,true,Top 4 Retail Market Research Firms in Bahrain (2026),4 Best Retail &amp; Shopper Market Research Firms in Bahrain (2026 Rankings)
/insights/top-fmcg-market-research-companies-bahrain-2026,https://www.bionixus.com/insights/top-fmcg-market-research-companies-bahrain-2026,200,771,true,Top 4 FMCG Market Research Firms in Bahrain (2026),4 Best FMCG &amp; Consumer Goods Market Research Firms in Bahrain (2026 Rankings)
/insights/top-automotive-market-research-companies-bahrain-2026,https://www.bionixus.com/insights/top-automotive-market-research-companies-bahrain-2026,200,774,true,Top 4 Automotive Market Research Firms in Bahrain (2026),4 Best Automotive Market Research Firms in Bahrain (2026 Rankings)
/insights/top-automotive-market-research-companies-kuwait-2026,https://www.bionixus.com/insights/top-automotive-market-research-companies-kuwait-2026,200,774,true,Top 4 Automotive Market Research Firms in Kuwait (2026),4 Best Automotive Market Research Firms in Kuwait (2026 Rankings)
/insights/top-automotive-market-research-companies-oman-2026,https://www.bionixus.com/insights/top-automotive-market-research-companies-oman-2026,200,774,true,Top 4 Automotive Market Research Firms in Oman (2026),4 Best Automotive Market Research Firms in Oman (2026 Rankings)
/insights/top-automotive-market-research-companies-qatar-2026,https://www.bionixus.com/insights/top-automotive-market-research-companies-qatar-2026,200,774,true,Top 4 Automotive Market Research Firms in Qatar (2026),4 Best Automotive Market Research Firms in Qatar (2026 Rankings)
/market-research/public-sector,https://www.bionixus.com/market-research/public-sector,200,774,true,Public Sector & Government Market Research Compan | BioNixus,Public Sector &amp; Government Market Research Company (2026)
/insights/top-energy-market-research-companies-bahrain-2026,https://www.bionixus.com/insights/top-energy-market-research-companies-bahrain-2026,200,775,true,Top 4 Energy Market Research Firms in Bahrain (2026),4 Best Energy &amp; Industrials Market Research Firms in Bahrain (2026 Rankings)
/insights/top-energy-market-research-companies-kuwait-2026,https://www.bionixus.com/insights/top-energy-market-research-companies-kuwait-2026,200,775,true,Top 4 Energy Market Research Firms in Kuwait (2026),4 Best Energy &amp; Industrials Market Research Firms in Kuwait (2026 Rankings)
/insights/top-energy-market-research-companies-oman-2026,https://www.bionixus.com/insights/top-energy-market-research-companies-oman-2026,200,775,true,Top 4 Energy Market Research Firms in Oman (2026),4 Best Energy &amp; Industrials Market Research Firms in Oman (2026 Rankings)
/insights/top-energy-market-research-companies-qatar-2026,https://www.bionixus.com/insights/top-energy-market-research-companies-qatar-2026,200,775,true,Top 4 Energy Market Research Firms in Qatar (2026),4 Best Energy &amp; Industrials Market Research Firms in Qatar (2026 Rankings)
/insights/top-hospitality-market-research-companies-bahrain-2026,https://www.bionixus.com/insights/top-hospitality-market-research-companies-bahrain-2026,200,775,true,Top 4 Hospitality Market Research Firms in Bahrain (2026),4 Best Hospitality &amp; Tourism Market Research Firms in Bahrain (2026 Rankings)
/insights/top-hospitality-market-research-companies-kuwait-2026,https://www.bionixus.com/insights/top-hospitality-market-research-companies-kuwait-2026,200,775,true,Top 4 Hospitality Market Research Firms in Kuwait (2026),4 Best Hospitality &amp; Tourism Market Research Firms in Kuwait (2026 Rankings)
/insights/top-hospitality-market-research-companies-oman-2026,https://www.bionixus.com/insights/top-hospitality-market-research-companies-oman-2026,200,775,true,Top 4 Hospitality Market Research Firms in Oman (2026),4 Best Hospitality &amp; Tourism Market Research Firms in Oman (2026 Rankings)
/insights/top-hospitality-market-research-companies-qatar-2026,https://www.bionixus.com/insights/top-hospitality-market-research-companies-qatar-2026,200,775,true,Top 4 Hospitality Market Research Firms in Qatar (2026),4 Best Hospitality &amp; Tourism Market Research Firms in Qatar (2026 Rankings)
/market-research/media,https://www.bionixus.com/market-research/media,200,775,true,Media & Entertainment Market Research Company | BioNixus,Media &amp; Entertainment Market Research Company (2026)
/insights/top-technology-market-research-companies-bahrain-2026,https://www.bionixus.com/insights/top-technology-market-research-companies-bahrain-2026,200,776,true,Top 4 Technology Market Research Firms in Bahrain (2026),4 Best Technology &amp; B2B Software Market Research Firms in Bahrain (2026 Rankings)
/insights/top-technology-market-research-companies-kuwait-2026,https://www.bionixus.com/insights/top-technology-market-research-companies-kuwait-2026,200,776,true,Top 4 Technology Market Research Firms in Kuwait (2026),4 Best Technology &amp; B2B Software Market Research Firms in Kuwait (2026 Rankings)
/insights/top-technology-market-research-companies-oman-2026,https://www.bionixus.com/insights/top-technology-market-research-companies-oman-2026,200,776,true,Top 4 Technology Market Research Firms in Oman (2026),4 Best Technology &amp; B2B Software Market Research Firms in Oman (2026 Rankings)
/insights/top-technology-market-research-companies-qatar-2026,https://www.bionixus.com/insights/top-technology-market-research-companies-qatar-2026,200,776,true,Top 4 Technology Market Research Firms in Qatar (2026),4 Best Technology &amp; B2B Software Market Research Firms in Qatar (2026 Rankings)
/market-research/retail,https://www.bionixus.com/market-research/retail,200,776,true,Retail & Shopper Market Research Company | BioNixus,Retail &amp; Shopper Market Research Company (2026)
/pharmaceutical-competitor-intelligence,https://www.bionixus.com/pharmaceutical-competitor-intelligence,200,777,true,Pharma Competitor Intelligence | BioNixus,Pharmaceutical competitor intelligence — brand vs competitors in-market
/market-research/education,https://www.bionixus.com/market-research/education,200,780,true,Education Market Research Company | BioNixus,Education Market Research Company (2026)
/market-research/technology,https://www.bionixus.com/market-research/technology,200,782,true,Technology Market Research Company | BioNixus,Technology Market Research Company (2026)
/market-research/automotive,https://www.bionixus.com/market-research/automotive,200,784,true,Automotive Market Research Company | BioNixus,Automotive Market Research Company (2026)
/market-research/hospitality,https://www.bionixus.com/market-research/hospitality,200,785,true,Hospitality & Tourism Market Research Company | BioNixus,Hospitality &amp; Tourism Market Research Company (2026)
/pharmacy-mystery-shopper,https://www.bionixus.com/pharmacy-mystery-shopper,200,785,true,Pharmacy Mystery Shopper | Availability | BioNixus,"Pharmacy mystery shopper — availability, facing, and price in trade"
/insights/top-retail-market-research-companies-kuwait-2026,https://www.bionixus.com/insights/top-retail-market-research-companies-kuwait-2026,200,786,true,Top 4 Retail Market Research Firms in Kuwait (2026),4 Best Retail &amp; Shopper Market Research Firms in Kuwait (2026 Rankings)
/insights/top-retail-market-research-companies-oman-2026,https://www.bionixus.com/insights/top-retail-market-research-companies-oman-2026,200,786,true,Top 4 Retail Market Research Firms in Oman (2026),4 Best Retail &amp; Shopper Market Research Firms in Oman (2026 Rankings)
/insights/top-retail-market-research-companies-qatar-2026,https://www.bionixus.com/insights/top-retail-market-research-companies-qatar-2026,200,786,true,Top 4 Retail Market Research Firms in Qatar (2026),4 Best Retail &amp; Shopper Market Research Firms in Qatar (2026 Rankings)
/uae-media-market-research,https://www.bionixus.com/uae-media-market-research,200,786,true,Media Market Research in UAE 2026 | BioNixus,<em>Media &amp; Entertainment</em> market research company in <!-- -->UAE
/egypt-education-market-research,https://www.bionixus.com/egypt-education-market-research,200,787,true,Education Market Research in Egypt 2026 | BioNixus,<em>Education</em> market research company in <!-- -->Egypt
/insights/top-automotive-market-research-companies-egypt-2026,https://www.bionixus.com/insights/top-automotive-market-research-companies-egypt-2026,200,787,true,Top 4 Automotive Market Research Firms in Egypt (2026),4 Best Automotive Market Research Firms in Egypt (2026 Rankings)
/insights/top-fmcg-market-research-companies-kuwait-2026,https://www.bionixus.com/insights/top-fmcg-market-research-companies-kuwait-2026,200,787,true,FMCG Market Research Firms Kuwait 2026 | Ranked,4 Best FMCG &amp; Consumer Goods Market Research Firms in Kuwait (2026 Rankings)
/insights/top-fmcg-market-research-companies-oman-2026,https://www.bionixus.com/insights/top-fmcg-market-research-companies-oman-2026,200,787,true,FMCG Market Research Firms Oman 2026 | Ranked,4 Best FMCG &amp; Consumer Goods Market Research Firms in Oman (2026 Rankings)
/insights/top-fmcg-market-research-companies-qatar-2026,https://www.bionixus.com/insights/top-fmcg-market-research-companies-qatar-2026,200,787,true,Top 4 FMCG Market Research Firms in Qatar (2026),4 Best FMCG &amp; Consumer Goods Market Research Firms in Qatar (2026 Rankings)
/egypt-automotive-market-research,https://www.bionixus.com/egypt-automotive-market-research,200,788,true,Automotive Market Research in Egypt 2026 | BioNixus,<em>Automotive</em> market research company in <!-- -->Egypt
/egypt-media-market-research,https://www.bionixus.com/egypt-media-market-research,200,788,true,Media Market Research in Egypt 2026 | BioNixus,<em>Media &amp; Entertainment</em> market research company in <!-- -->Egypt
/insights/top-automotive-market-research-companies-uae-2026,https://www.bionixus.com/insights/top-automotive-market-research-companies-uae-2026,200,788,true,Top 4 Automotive Market Research Firms in UAE (2026),4 Best Automotive Market Research Firms in UAE (2026 Rankings)
/insights/top-energy-market-research-companies-egypt-2026,https://www.bionixus.com/insights/top-energy-market-research-companies-egypt-2026,200,788,true,Top 4 Energy Market Research Firms in Egypt (2026),4 Best Energy &amp; Industrials Market Research Firms in Egypt (2026 Rankings)
/insights/top-hospitality-market-research-companies-egypt-2026,https://www.bionixus.com/insights/top-hospitality-market-research-companies-egypt-2026,200,788,true,Top 4 Hospitality Market Research Firms in Egypt (2026),4 Best Hospitality &amp; Tourism Market Research Firms in Egypt (2026 Rankings)
/insights/top-energy-market-research-companies-uae-2026,https://www.bionixus.com/insights/top-energy-market-research-companies-uae-2026,200,789,true,Top 4 Energy Market Research Firms in UAE (2026),4 Best Energy &amp; Industrials Market Research Firms in UAE (2026 Rankings)
/insights/top-hospitality-market-research-companies-uae-2026,https://www.bionixus.com/insights/top-hospitality-market-research-companies-uae-2026,200,789,true,Top 4 Hospitality Market Research Firms in UAE (2026),4 Best Hospitality &amp; Tourism Market Research Firms in UAE (2026 Rankings)
/insights/top-technology-market-research-companies-egypt-2026,https://www.bionixus.com/insights/top-technology-market-research-companies-egypt-2026,200,789,true,Top 4 Technology Market Research Firms in Egypt (2026),4 Best Technology &amp; B2B Software Market Research Firms in Egypt (2026 Rankings)
/egypt-energy-market-research,https://www.bionixus.com/egypt-energy-market-research,200,790,true,Energy Market Research in Egypt 2026 | BioNixus,<em>Energy &amp; Industrials</em> market research company in <!-- -->Egypt
/insights/top-technology-market-research-companies-uae-2026,https://www.bionixus.com/insights/top-technology-market-research-companies-uae-2026,200,790,true,Top 4 Technology Market Research Firms in UAE (2026),4 Best Technology &amp; B2B Software Market Research Firms in UAE (2026 Rankings)
/uae-education-market-research,https://www.bionixus.com/uae-education-market-research,200,791,true,Education Market Research in UAE 2026 | BioNixus,<em>Education</em> market research company in <!-- -->UAE
/uae-hospitality-market-research,https://www.bionixus.com/uae-hospitality-market-research,200,791,true,Hospitality Market Research in UAE 2026 | BioNixus,<em>Hospitality &amp; Tourism</em> market research company in <!-- -->UAE
/uae-automotive-market-research,https://www.bionixus.com/uae-automotive-market-research,200,794,true,Automotive Market Research in UAE 2026 | BioNixus,<em>Automotive</em> market research company in <!-- -->UAE
/egypt-telecom-market-research,https://www.bionixus.com/egypt-telecom-market-research,200,795,true,Telecom Market Research in Egypt 2026 | BioNixus,<em>Telecom &amp; Connectivity</em> market research company in <!-- -->Egypt
/uae-telecom-market-research,https://www.bionixus.com/uae-telecom-market-research,200,797,true,Telecom Market Research in UAE 2026 | BioNixus,<em>Telecom &amp; Connectivity</em> market research company in <!-- -->UAE
/market-research/energy,https://www.bionixus.com/market-research/energy,200,798,true,Energy & Industrials Market Research Company | BioNixus,Energy &amp; Industrials Market Research Company (2026)
/egypt-hospitality-market-research,https://www.bionixus.com/egypt-hospitality-market-research,200,799,true,Hospitality Market Research in Egypt 2026 | BioNixus,<em>Hospitality &amp; Tourism</em> market research company in <!-- -->Egypt
/insights/top-retail-market-research-companies-egypt-2026,https://www.bionixus.com/insights/top-retail-market-research-companies-egypt-2026,200,799,true,Top 4 Retail Market Research Firms in Egypt (2026),4 Best Retail &amp; Shopper Market Research Firms in Egypt (2026 Rankings)
/egypt-retail-market-research,https://www.bionixus.com/egypt-retail-market-research,200,800,true,Retail Market Research in Egypt 2026 | BioNixus,<em>Retail &amp; Shopper</em> market research company in <!-- -->Egypt
/insights/top-fmcg-market-research-companies-egypt-2026,https://www.bionixus.com/insights/top-fmcg-market-research-companies-egypt-2026,200,800,true,FMCG Market Research Firms Egypt 2026 | Ranked,4 Best FMCG &amp; Consumer Goods Market Research Firms in Egypt (2026 Rankings)
/insights/top-retail-market-research-companies-uae-2026,https://www.bionixus.com/insights/top-retail-market-research-companies-uae-2026,200,800,true,Top 4 Retail Market Research Firms in UAE (2026),4 Best Retail &amp; Shopper Market Research Firms in UAE (2026 Rankings)
/insights/top-fmcg-market-research-companies-uae-2026,https://www.bionixus.com/insights/top-fmcg-market-research-companies-uae-2026,200,801,true,Top 4 FMCG Market Research Firms in UAE (2026),4 Best FMCG &amp; Consumer Goods Market Research Firms in UAE (2026 Rankings)
/uae-energy-market-research,https://www.bionixus.com/uae-energy-market-research,200,801,true,Energy Market Research in UAE 2026 | BioNixus,<em>Energy &amp; Industrials</em> market research company in <!-- -->UAE
/insights/top-financial-services-market-research-companies-bahrain-2026,https://www.bionixus.com/insights/top-financial-services-market-research-companies-bahrain-2026,200,802,true,Top 4 Financial Services Market Research Firms Bahrain 2026,4 Best Financial Services &amp; Banking Market Research Firms in Bahrain (2026 Rankings)
/insights/top-financial-services-market-research-companies-kuwait-2026,https://www.bionixus.com/insights/top-financial-services-market-research-companies-kuwait-2026,200,802,true,Top 4 Financial Services Market Research Firms Kuwait 2026,4 Best Financial Services &amp; Banking Market Research Firms in Kuwait (2026 Rankings)
/insights/top-financial-services-market-research-companies-oman-2026,https://www.bionixus.com/insights/top-financial-services-market-research-companies-oman-2026,200,802,true,Top 4 Financial Services Market Research Firms Oman 2026,4 Best Financial Services &amp; Banking Market Research Firms in Oman (2026 Rankings)
/insights/top-financial-services-market-research-companies-qatar-2026,https://www.bionixus.com/insights/top-financial-services-market-research-companies-qatar-2026,200,802,true,Top 4 Financial Services Market Research Firms Qatar 2026,4 Best Financial Services &amp; Banking Market Research Firms in Qatar (2026 Rankings)
/insights/top-real-estate-market-research-companies-bahrain-2026,https://www.bionixus.com/insights/top-real-estate-market-research-companies-bahrain-2026,200,802,true,Top 4 Real Estate Market Research Firms in Bahrain (2026),4 Best Real Estate &amp; Construction Market Research Firms in Bahrain (2026 Rankings)
/uae-retail-market-research,https://www.bionixus.com/uae-retail-market-research,200,802,true,Retail Market Research in UAE 2026 | BioNixus,<em>Retail &amp; Shopper</em> market research company in <!-- -->UAE
/uae-technology-market-research,https://www.bionixus.com/uae-technology-market-research,200,802,true,Technology Market Research in UAE 2026 | BioNixus,<em>Technology &amp; B2B Software</em> market research company in <!-- -->UAE
/uae-fmcg-market-research,https://www.bionixus.com/uae-fmcg-market-research,200,804,true,FMCG Market Research in UAE 2026 | BioNixus,<em>FMCG &amp; Consumer Goods</em> market research company in <!-- -->UAE
/egypt-fmcg-market-research,https://www.bionixus.com/egypt-fmcg-market-research,200,806,true,FMCG Market Research in Egypt 2026 | BioNixus,<em>FMCG &amp; Consumer Goods</em> market research company in <!-- -->Egypt
/egypt-technology-market-research,https://www.bionixus.com/egypt-technology-market-research,200,806,true,Technology Market Research in Egypt 2026 | BioNixus,<em>Technology &amp; B2B Software</em> market research company in <!-- -->Egypt
/bionixus-vs-kantar,https://www.bionixus.com/bionixus-vs-kantar,200,807,true,BioNixus vs Kantar (2026) | Brand-Test vs Accounts,BioNixus vs Kantar — the brand-test objection
/market-research/real-estate,https://www.bionixus.com/market-research/real-estate,200,807,true,Real Estate Market Research Company | BioNixus,Real Estate Market Research Company (2026)
/de/contact,https://www.bionixus.com/de/contact,200,808,true,BioNixus kontaktieren | Angebot für Gesundheitsmarktforschu,Connect with a global market research team.
/insights/top-financial-services-market-research-companies-egypt-2026,https://www.bionixus.com/insights/top-financial-services-market-research-companies-egypt-2026,200,815,true,Banking Market Research Firms Egypt 2026 | Ranked,4 Best Financial Services &amp; Banking Market Research Firms in Egypt (2026 Rankings)
/insights/top-automotive-market-research-companies-saudi-arabia-2026,https://www.bionixus.com/insights/top-automotive-market-research-companies-saudi-arabia-2026,200,816,true,Top 4 Automotive Market Research Firms Saudi Arabia 2026,4 Best Automotive Market Research Firms in Saudi Arabia (2026 Rankings)
/insights/top-financial-services-market-research-companies-uae-2026,https://www.bionixus.com/insights/top-financial-services-market-research-companies-uae-2026,200,816,true,Banking Market Research Firms UAE 2026 | Ranked,4 Best Financial Services &amp; Banking Market Research Firms in UAE (2026 Rankings)
/egypt-public-sector-market-research,https://www.bionixus.com/egypt-public-sector-market-research,200,817,true,Public Sector Market Research in Egypt 2026 | BioNixus,<em>Public Sector &amp; Government</em> market research company in <!-- -->Egypt
/insights/top-energy-market-research-companies-saudi-arabia-2026,https://www.bionixus.com/insights/top-energy-market-research-companies-saudi-arabia-2026,200,817,true,Top 4 Energy Market Research Firms in Saudi Arabia (2026),4 Best Energy &amp; Industrials Market Research Firms in Saudi Arabia (2026 Rankings)
/insights/top-hospitality-market-research-companies-saudi-arabia-2026,https://www.bionixus.com/insights/top-hospitality-market-research-companies-saudi-arabia-2026,200,817,true,Top 4 Hospitality Market Research Firms Saudi Arabia 2026,4 Best Hospitality &amp; Tourism Market Research Firms in Saudi Arabia (2026 Rankings)
/insights/top-technology-market-research-companies-saudi-arabia-2026,https://www.bionixus.com/insights/top-technology-market-research-companies-saudi-arabia-2026,200,818,true,Top 4 Technology Market Research Firms Saudi Arabia 2026,4 Best Technology &amp; B2B Software Market Research Firms in Saudi Arabia (2026 Rankings)
/egypt-real-estate-market-research,https://www.bionixus.com/egypt-real-estate-market-research,200,819,true,Real Estate Market Research in Egypt 2026 | BioNixus,<em>Real Estate &amp; Construction</em> market research company in <!-- -->Egypt
/insights/top-real-estate-market-research-companies-kuwait-2026,https://www.bionixus.com/insights/top-real-estate-market-research-companies-kuwait-2026,200,819,true,Top 4 Real Estate Market Research Firms in Kuwait (2026),4 Best Real Estate &amp; Construction Market Research Firms in Kuwait (2026 Rankings)
/insights/top-real-estate-market-research-companies-oman-2026,https://www.bionixus.com/insights/top-real-estate-market-research-companies-oman-2026,200,819,true,Top 4 Real Estate Market Research Firms in Oman (2026),4 Best Real Estate &amp; Construction Market Research Firms in Oman (2026 Rankings)
/insights/top-real-estate-market-research-companies-qatar-2026,https://www.bionixus.com/insights/top-real-estate-market-research-companies-qatar-2026,200,819,true,Top 4 Real Estate Market Research Firms in Qatar (2026),4 Best Real Estate &amp; Construction Market Research Firms in Qatar (2026 Rankings)
/uae-public-sector-market-research,https://www.bionixus.com/uae-public-sector-market-research,200,820,true,Public Sector Market Research in UAE 2026 | BioNixus,<em>Public Sector &amp; Government</em> market research company in <!-- -->UAE
/saudi-arabia-education-market-research,https://www.bionixus.com/saudi-arabia-education-market-research,200,822,true,Education Market Research in Saudi Arabia 2026 | BioNixus,<em>Education</em> market research company in <!-- -->Saudi Arabia
/uae-real-estate-market-research,https://www.bionixus.com/uae-real-estate-market-research,200,823,true,Real Estate Market Research in UAE 2026 | BioNixus,<em>Real Estate &amp; Construction</em> market research company in <!-- -->UAE
/gfk-alternative,https://www.bionixus.com/gfk-alternative,200,824,true,GfK Alternative for Account-Level Research (2026),GfK alternative for account-level retail research
/saudi-arabia-hospitality-market-research,https://www.bionixus.com/saudi-arabia-hospitality-market-research,200,825,true,Hospitality Market Research in Saudi Arabia 2026 | BioNixus,<em>Hospitality &amp; Tourism</em> market research company in <!-- -->Saudi Arabia
/saudi-arabia-media-market-research,https://www.bionixus.com/saudi-arabia-media-market-research,200,827,true,Media Market Research in Saudi Arabia 2026 | BioNixus,<em>Media &amp; Entertainment</em> market research company in <!-- -->Saudi Arabia
/bahrain-automotive-market-research,https://www.bionixus.com/bahrain-automotive-market-research,200,828,true,Automotive Market Research in Bahrain 2026 | BioNixus,<em>Automotive</em> market research company in <!-- -->Bahrain
/bahrain-education-market-research,https://www.bionixus.com/bahrain-education-market-research,200,828,true,Education Market Research in Bahrain 2026 | BioNixus,<em>Education</em> market research company in <!-- -->Bahrain
/saudi-arabia-automotive-market-research,https://www.bionixus.com/saudi-arabia-automotive-market-research,200,828,true,Automotive Market Research in Saudi Arabia 2026 | BioNixus,<em>Automotive</em> market research company in <!-- -->Saudi Arabia
/insights/top-retail-market-research-companies-saudi-arabia-2026,https://www.bionixus.com/insights/top-retail-market-research-companies-saudi-arabia-2026,200,829,true,Top 4 Retail Market Research Firms in Saudi Arabia (2026),4 Best Retail &amp; Shopper Market Research Firms in Saudi Arabia (2026 Rankings)
/saudi-arabia-energy-market-research,https://www.bionixus.com/saudi-arabia-energy-market-research,200,829,true,Energy Market Research in Saudi Arabia 2026 | BioNixus,<em>Energy &amp; Industrials</em> market research company in <!-- -->Saudi Arabia
/saudi-arabia-retail-market-research,https://www.bionixus.com/saudi-arabia-retail-market-research,200,829,true,Retail Market Research in Saudi Arabia 2026 | BioNixus,<em>Retail &amp; Shopper</em> market research company in <!-- -->Saudi Arabia
/insights/top-fmcg-market-research-companies-saudi-arabia-2026,https://www.bionixus.com/insights/top-fmcg-market-research-companies-saudi-arabia-2026,200,830,true,FMCG Market Research Companies Saudi Arabia 2026 | Ranked,4 Best FMCG &amp; Consumer Goods Market Research Firms in Saudi Arabia (2026 Rankings)
/uae-financial-services-market-research,https://www.bionixus.com/uae-financial-services-market-research,200,830,true,Financial Services Market Research in UAE 2026 | BioNixus,<em>Financial Services &amp; Banking</em> market research company in <!-- -->UAE
/hcp-atu-study,https://www.bionixus.com/hcp-atu-study,200,831,true,HCP ATU Study | Pharma Brand Tracking | BioNixus,HCP ATU study — pharmaceutical brand tracking and launch tracking
/bahrain-energy-market-research,https://www.bionixus.com/bahrain-energy-market-research,200,832,true,Energy Market Research in Bahrain 2026 | BioNixus,<em>Energy &amp; Industrials</em> market research company in <!-- -->Bahrain
/bahrain-hospitality-market-research,https://www.bionixus.com/bahrain-hospitality-market-research,200,832,true,Hospitality Market Research in Bahrain 2026 | BioNixus,<em>Hospitality &amp; Tourism</em> market research company in <!-- -->Bahrain
/bahrain-media-market-research,https://www.bionixus.com/bahrain-media-market-research,200,832,true,Media Market Research in Bahrain 2026 | BioNixus,<em>Media &amp; Entertainment</em> market research company in <!-- -->Bahrain
/bahrain-retail-market-research,https://www.bionixus.com/bahrain-retail-market-research,200,832,true,Retail Market Research in Bahrain 2026 | BioNixus,<em>Retail &amp; Shopper</em> market research company in <!-- -->Bahrain
/bahrain-telecom-market-research,https://www.bionixus.com/bahrain-telecom-market-research,200,832,true,Telecom Market Research in Bahrain 2026 | BioNixus,<em>Telecom &amp; Connectivity</em> market research company in <!-- -->Bahrain
/insights/top-medtech-market-research-companies-australia-2026,https://www.bionixus.com/insights/top-medtech-market-research-companies-australia-2026,200,832,true,5 Best MedTech Market Research Firms in Australia (2026...,5 Best MedTech Market Research Firms in Australia (2026 Rankings)
/insights/top-medtech-market-research-companies-malaysia-2026,https://www.bionixus.com/insights/top-medtech-market-research-companies-malaysia-2026,200,832,true,5 Best MedTech Market Research Firms in Malaysia (2026...,5 Best MedTech Market Research Firms in Malaysia (2026 Rankings)
/insights/top-medtech-market-research-companies-poland-2026,https://www.bionixus.com/insights/top-medtech-market-research-companies-poland-2026,200,832,true,5 Best MedTech Market Research Firms in Poland (2026...,5 Best MedTech Market Research Firms in Poland (2026 Rankings)
/insights/top-real-estate-market-research-companies-egypt-2026,https://www.bionixus.com/insights/top-real-estate-market-research-companies-egypt-2026,200,832,true,Real Estate Market Research Egypt 2026 | Ranked,4 Best Real Estate &amp; Construction Market Research Firms in Egypt (2026 Rankings)
/insights/top-medtech-market-research-companies-spain-2026,https://www.bionixus.com/insights/top-medtech-market-research-companies-spain-2026,200,833,true,5 Best MedTech Market Research Firms in Spain (2026 Ranking,5 Best MedTech Market Research Firms in Spain (2026 Rankings)
/insights/top-real-estate-market-research-companies-uae-2026,https://www.bionixus.com/insights/top-real-estate-market-research-companies-uae-2026,200,833,true,Top 4 Real Estate Market Research Firms in UAE (2026),4 Best Real Estate &amp; Construction Market Research Firms in UAE (2026 Rankings)
/insights/top-medtech-market-research-companies-brazil-2026,https://www.bionixus.com/insights/top-medtech-market-research-companies-brazil-2026,200,834,true,5 Best MedTech Market Research Firms in Brazil (2026...,5 Best MedTech Market Research Firms in Brazil (2026 Rankings)
/insights/top-medtech-market-research-companies-switzerland-2026,https://www.bionixus.com/insights/top-medtech-market-research-companies-switzerland-2026,200,834,true,5 Best MedTech Market Research Firms in Switzerland (2026...,5 Best MedTech Market Research Firms in Switzerland (2026 Rankings)
/bahrain-fmcg-market-research,https://www.bionixus.com/bahrain-fmcg-market-research,200,836,true,FMCG Market Research in Bahrain 2026 | BioNixus,<em>FMCG &amp; Consumer Goods</em> market research company in <!-- -->Bahrain
/bahrain-technology-market-research,https://www.bionixus.com/bahrain-technology-market-research,200,836,true,Technology Market Research in Bahrain 2026 | BioNixus,<em>Technology &amp; B2B Software</em> market research company in <!-- -->Bahrain
/insights/top-medtech-market-research-companies-france-2026,https://www.bionixus.com/insights/top-medtech-market-research-companies-france-2026,200,836,true,5 Best MedTech Market Research Firms in France (2026...,5 Best MedTech Market Research Firms in France (2026 Rankings)
/insights/top-medtech-market-research-companies-japan-2026,https://www.bionixus.com/insights/top-medtech-market-research-companies-japan-2026,200,836,true,5 Best MedTech Market Research Firms in Japan (2026 Ranking,5 Best MedTech Market Research Firms in Japan (2026 Rankings)
/saudi-arabia-telecom-market-research,https://www.bionixus.com/saudi-arabia-telecom-market-research,200,836,true,Telecom Market Research in Saudi Arabia 2026 | BioNixus,<em>Telecom &amp; Connectivity</em> market research company in <!-- -->Saudi Arabia
/insights/top-medtech-market-research-companies-singapore-2026,https://www.bionixus.com/insights/top-medtech-market-research-companies-singapore-2026,200,837,true,5 Best MedTech Market Research Firms in Singapore (2026...,5 Best MedTech Market Research Firms in Singapore (2026 Rankings)
/saudi-arabia-technology-market-research,https://www.bionixus.com/saudi-arabia-technology-market-research,200,837,true,Technology Market Research in Saudi Arabia 2026 | BioNixus,<em>Technology &amp; B2B Software</em> market research company in <!-- -->Saudi Arabia
/insights/top-medtech-market-research-companies-china-2026,https://www.bionixus.com/insights/top-medtech-market-research-companies-china-2026,200,840,true,5 Best MedTech Market Research Firms in China (2026 Ranking,5 Best MedTech Market Research Firms in China (2026 Rankings)
/saudi-arabia-fmcg-market-research,https://www.bionixus.com/saudi-arabia-fmcg-market-research,200,840,true,FMCG Market Research in Saudi Arabia 2026 | BioNixus,<em>FMCG &amp; Consumer Goods</em> market research company in <!-- -->Saudi Arabia
/insights/top-medtech-market-research-companies-canada-2026,https://www.bionixus.com/insights/top-medtech-market-research-companies-canada-2026,200,842,true,5 Best MedTech Market Research Firms in Canada (2026...,5 Best MedTech Market Research Firms in Canada (2026 Rankings)
/insights/top-financial-services-market-research-companies-saudi-arabia-2026,https://www.bionixus.com/insights/top-financial-services-market-research-companies-saudi-arabia-2026,200,844,true,Top Financial Services Market Research Saudi Arabia 2026,4 Best Financial Services &amp; Banking Market Research Firms in Saudi Arabia (2026 Rankings)
/insights/top-medtech-market-research-companies-italy-2026,https://www.bionixus.com/insights/top-medtech-market-research-companies-italy-2026,200,846,true,5 Best MedTech Market Research Firms in Italy (2026 Ranking,5 Best MedTech Market Research Firms in Italy (2026 Rankings)
/insights/top-medtech-market-research-companies-denmark-2026,https://www.bionixus.com/insights/top-medtech-market-research-companies-denmark-2026,200,850,true,5 Best MedTech Market Research Firms in Denmark (2026...,5 Best MedTech Market Research Firms in Denmark (2026 Rankings)
/saudi-arabia-real-estate-market-research,https://www.bionixus.com/saudi-arabia-real-estate-market-research,200,851,true,Real Estate Market Research in Saudi Arabia 2026 | BioNixus,<em>Real Estate &amp; Construction</em> market research company in <!-- -->Saudi Arabia
/desmoid-tumor-pharma-market-research,https://www.bionixus.com/desmoid-tumor-pharma-market-research,200,852,true,Desmoid Tumour Pharma Market Research Services | BioNixus,Desmoid Tumour Pharma Market Research &amp; Competitive Intelligence Services
/pricing,https://www.bionixus.com/pricing,200,855,true,"Custom Research from $10,000 to $60,000 | BioNixus","<span class=""h1-kicker"">Market research pricing 2026</span>Priced by project,<br/>not by <em>seat.</em>"
/insights/top-medtech-market-research-companies-germany-2026,https://www.bionixus.com/insights/top-medtech-market-research-companies-germany-2026,200,856,true,5 Best MedTech Market Research Firms in Germany (2026...,5 Best MedTech Market Research Firms in Germany (2026 Rankings)
/saudi-arabia-public-sector-market-research,https://www.bionixus.com/saudi-arabia-public-sector-market-research,200,857,true,Public Sector Market Research in Saudi Arabia 202 | BioNixus,<em>Public Sector &amp; Government</em> market research company in <!-- -->Saudi Arabia
/ar/contact,https://www.bionixus.com/ar/contact,200,859,true,تواصل مع بيونكسس | عرض أبحاث سوق الرعاية الصحية,Connect with a global market research team.
/bahrain-financial-services-market-research,https://www.bionixus.com/bahrain-financial-services-market-research,200,859,true,Financial Services Market Research in Bahrain 202 | BioNixus,<em>Financial Services &amp; Banking</em> market research company in <!-- -->Bahrain
/bahrain-public-sector-market-research,https://www.bionixus.com/bahrain-public-sector-market-research,200,859,true,Public Sector Market Research in Bahrain 2026 | BioNixus,<em>Public Sector &amp; Government</em> market research company in <!-- -->Bahrain
/bahrain-real-estate-market-research,https://www.bionixus.com/bahrain-real-estate-market-research,200,859,true,Real Estate Market Research in Bahrain 2026 | BioNixus,<em>Real Estate &amp; Construction</em> market research company in <!-- -->Bahrain
/saudi-arabia-financial-services-market-research,https://www.bionixus.com/saudi-arabia-financial-services-market-research,200,859,true,Financial Services Market Research in Saudi Arabia 2026 |...,<em>Financial Services &amp; Banking</em> market research company in <!-- -->Saudi Arabia
/kuwait-retail-market-research,https://www.bionixus.com/kuwait-retail-market-research,200,861,true,Retail Market Research in Kuwait 2026 | BioNixus,<em>Retail &amp; Shopper</em> market research company in <!-- -->Kuwait
/insights/top-real-estate-market-research-companies-saudi-arabia-2026,https://www.bionixus.com/insights/top-real-estate-market-research-companies-saudi-arabia-2026,200,862,true,Real Estate Market Research KSA 2026 | Ranked,4 Best Real Estate &amp; Construction Market Research Firms in Saudi Arabia (2026 Rankings)
/insights/top-medtech-market-research-companies-uk-2026,https://www.bionixus.com/insights/top-medtech-market-research-companies-uk-2026,200,863,true,5 Best MedTech Market Research Firms in United Kingdom (202,5 Best MedTech Market Research Firms in United Kingdom (2026 Rankings)
/mena-pharma-market-data,https://www.bionixus.com/mena-pharma-market-data,200,863,true,MENA Pharmaceutical Market Data 2026 | BioNixus,MENA Pharmaceutical Market Data 2026
/healthcare-bioconvergence-market,https://www.bionixus.com/healthcare-bioconvergence-market,200,864,true,Healthcare Bioconvergence Market Research | BioNixus,Healthcare Bioconvergence Market: Research for Converging Life-Science Platforms
/insights/top-medtech-market-research-companies-south-korea-2026,https://www.bionixus.com/insights/top-medtech-market-research-companies-south-korea-2026,200,868,true,5 Best MedTech Market Research Firms in South Korea (2026...,5 Best MedTech Market Research Firms in South Korea (2026 Rankings)
/insights/top-medtech-market-research-companies-new-zealand-2026,https://www.bionixus.com/insights/top-medtech-market-research-companies-new-zealand-2026,200,869,true,5 Best MedTech Market Research Firms in New Zealand (2026...,5 Best MedTech Market Research Firms in New Zealand (2026 Rankings)
/kuwait-fmcg-market-research,https://www.bionixus.com/kuwait-fmcg-market-research,200,872,true,FMCG Market Research in Kuwait 2026 | BioNixus,<em>FMCG &amp; Consumer Goods</em> market research company in <!-- -->Kuwait
/kuwait-energy-market-research,https://www.bionixus.com/kuwait-energy-market-research,200,874,true,Energy Market Research in Kuwait 2026 | BioNixus,<em>Energy &amp; Industrials</em> market research company in <!-- -->Kuwait
/qatar-education-market-research,https://www.bionixus.com/qatar-education-market-research,200,875,true,Education Market Research in Qatar 2026 | BioNixus,<em>Education</em> market research company in <!-- -->Qatar
/b2b-industries,https://www.bionixus.com/b2b-industries,200,876,true,"B2B Market Research | Technology, Energy, Real Estate & Mor",B2B Industries Market Research
/insights/top-medtech-market-research-companies-usa-2026,https://www.bionixus.com/insights/top-medtech-market-research-companies-usa-2026,200,878,true,5 Best MedTech Market Research Firms in United States (2026,5 Best MedTech Market Research Firms in United States (2026 Rankings)
/ru/contact,https://www.bionixus.com/ru/contact,200,878,true,Связаться с BioNixus | Предложение по исследованию рынка,Один разговор может изменить ваш запуск.
/qatar-retail-market-research,https://www.bionixus.com/qatar-retail-market-research,200,879,true,Retail Market Research in Qatar 2026 | BioNixus,<em>Retail &amp; Shopper</em> market research company in <!-- -->Qatar
/kuwait-automotive-market-research,https://www.bionixus.com/kuwait-automotive-market-research,200,880,true,Automotive Market Research in Kuwait 2026 | BioNixus,<em>Automotive</em> market research company in <!-- -->Kuwait
/kuwait-education-market-research,https://www.bionixus.com/kuwait-education-market-research,200,880,true,Education Market Research in Kuwait 2026 | BioNixus,<em>Education</em> market research company in <!-- -->Kuwait
/oman-telecom-market-research,https://www.bionixus.com/oman-telecom-market-research,200,880,true,Telecom Market Research in Oman 2026 | BioNixus,<em>Telecom &amp; Connectivity</em> market research company in <!-- -->Oman
/qatar-energy-market-research,https://www.bionixus.com/qatar-energy-market-research,200,880,true,Energy Market Research in Qatar 2026 | BioNixus,<em>Energy &amp; Industrials</em> market research company in <!-- -->Qatar
/es/contact,https://www.bionixus.com/es/contact,200,881,true,Contactar con BioNixus | Propuesta de investigación sanitar,Connect with a global market research team.
/kuwait-media-market-research,https://www.bionixus.com/kuwait-media-market-research,200,883,true,Media Market Research in Kuwait 2026 | BioNixus,<em>Media &amp; Entertainment</em> market research company in <!-- -->Kuwait
/oman-energy-market-research,https://www.bionixus.com/oman-energy-market-research,200,883,true,Energy Market Research in Oman 2026 | BioNixus,<em>Energy &amp; Industrials</em> market research company in <!-- -->Oman
/kuwait-hospitality-market-research,https://www.bionixus.com/kuwait-hospitality-market-research,200,884,true,Hospitality Market Research in Kuwait 2026 | BioNixus,<em>Hospitality &amp; Tourism</em> market research company in <!-- -->Kuwait
/oman-hospitality-market-research,https://www.bionixus.com/oman-hospitality-market-research,200,884,true,Hospitality Market Research in Oman 2026 | BioNixus,<em>Hospitality &amp; Tourism</em> market research company in <!-- -->Oman
/oman-technology-market-research,https://www.bionixus.com/oman-technology-market-research,200,884,true,Technology Market Research in Oman 2026 | BioNixus,<em>Technology &amp; B2B Software</em> market research company in <!-- -->Oman
/qatar-automotive-market-research,https://www.bionixus.com/qatar-automotive-market-research,200,884,true,Automotive Market Research in Qatar 2026 | BioNixus,<em>Automotive</em> market research company in <!-- -->Qatar
/kuwait-technology-market-research,https://www.bionixus.com/kuwait-technology-market-research,200,885,true,Technology Market Research in Kuwait 2026 | BioNixus,<em>Technology &amp; B2B Software</em> market research company in <!-- -->Kuwait
/japan-general-surgical-devices-market,https://www.bionixus.com/japan-general-surgical-devices-market,200,886,true,Japan General Surgical Devices Market Research | BioNixus,Japan General Surgical Devices Market: Research &amp; Commercial Intelligence
/kuwait-telecom-market-research,https://www.bionixus.com/kuwait-telecom-market-research,200,886,true,Telecom Market Research in Kuwait 2026 | BioNixus,<em>Telecom &amp; Connectivity</em> market research company in <!-- -->Kuwait
/qatar-hospitality-market-research,https://www.bionixus.com/qatar-hospitality-market-research,200,886,true,Hospitality Market Research in Qatar 2026 | BioNixus,<em>Hospitality &amp; Tourism</em> market research company in <!-- -->Qatar
/oman-education-market-research,https://www.bionixus.com/oman-education-market-research,200,889,true,Education Market Research in Oman 2026 | BioNixus,<em>Education</em> market research company in <!-- -->Oman
/qatar-telecom-market-research,https://www.bionixus.com/qatar-telecom-market-research,200,889,true,Telecom Market Research in Qatar 2026 | BioNixus,<em>Telecom &amp; Connectivity</em> market research company in <!-- -->Qatar
/kuwait-public-sector-market-research,https://www.bionixus.com/kuwait-public-sector-market-research,200,890,true,Public Sector Market Research in Kuwait 2026 | BioNixus,<em>Public Sector &amp; Government</em> market research company in <!-- -->Kuwait
/oman-retail-market-research,https://www.bionixus.com/oman-retail-market-research,200,890,true,Retail Market Research in Oman 2026 | BioNixus,<em>Retail &amp; Shopper</em> market research company in <!-- -->Oman
/qatar-technology-market-research,https://www.bionixus.com/qatar-technology-market-research,200,891,true,Technology Market Research in Qatar 2026 | BioNixus,<em>Technology &amp; B2B Software</em> market research company in <!-- -->Qatar
/qatar-media-market-research,https://www.bionixus.com/qatar-media-market-research,200,892,true,Media Market Research in Qatar 2026 | BioNixus,<em>Media &amp; Entertainment</em> market research company in <!-- -->Qatar
/oman-automotive-market-research,https://www.bionixus.com/oman-automotive-market-research,200,893,true,Automotive Market Research in Oman 2026 | BioNixus,<em>Automotive</em> market research company in <!-- -->Oman
/oman-media-market-research,https://www.bionixus.com/oman-media-market-research,200,893,true,Media Market Research in Oman 2026 | BioNixus,<em>Media &amp; Entertainment</em> market research company in <!-- -->Oman
/qatar-fmcg-market-research,https://www.bionixus.com/qatar-fmcg-market-research,200,894,true,FMCG Market Research in Qatar 2026 | BioNixus,<em>FMCG &amp; Consumer Goods</em> market research company in <!-- -->Qatar
/kuwait-financial-services-market-research,https://www.bionixus.com/kuwait-financial-services-market-research,200,895,true,Financial Services Market Research in Kuwait 2026 | BioNixus,<em>Financial Services &amp; Banking</em> market research company in <!-- -->Kuwait
/fr/contact,https://www.bionixus.com/fr/contact,200,897,true,Contacter BioNixus | Proposition d’études de marché santé,Connect with a global market research team.
/qatar-public-sector-market-research,https://www.bionixus.com/qatar-public-sector-market-research,200,898,true,Public Sector Market Research in Qatar 2026 | BioNixus,<em>Public Sector &amp; Government</em> market research company in <!-- -->Qatar
/oman-fmcg-market-research,https://www.bionixus.com/oman-fmcg-market-research,200,899,true,FMCG Market Research in Oman 2026 | BioNixus,<em>FMCG &amp; Consumer Goods</em> market research company in <!-- -->Oman
/kantar-alternative,https://www.bionixus.com/kantar-alternative,200,901,true,Kantar Alternative for Primary Research (2026),Kantar alternative for commercial primary research
/kuwait-real-estate-market-research,https://www.bionixus.com/kuwait-real-estate-market-research,200,902,true,Real Estate Market Research in Kuwait 2026 | BioNixus,<em>Real Estate &amp; Construction</em> market research company in <!-- -->Kuwait
/gcc-generic-pharmaceuticals-market,https://www.bionixus.com/gcc-generic-pharmaceuticals-market,200,907,true,GCC Generic Pharmaceuticals Market Research | BioNixus,GCC Generic Pharmaceuticals Market: Research &amp; Commercial Intelligence
/qatar-real-estate-market-research,https://www.bionixus.com/qatar-real-estate-market-research,200,907,true,Real Estate Market Research in Qatar 2026 | BioNixus,<em>Real Estate &amp; Construction</em> market research company in <!-- -->Qatar
/qatar-financial-services-market-research,https://www.bionixus.com/qatar-financial-services-market-research,200,908,true,Financial Services Market Research in Qatar 2026 | BioNixus,<em>Financial Services &amp; Banking</em> market research company in <!-- -->Qatar
/oman-public-sector-market-research,https://www.bionixus.com/oman-public-sector-market-research,200,913,true,Public Sector Market Research in Oman 2026 | BioNixus,<em>Public Sector &amp; Government</em> market research company in <!-- -->Oman
/oman-real-estate-market-research,https://www.bionixus.com/oman-real-estate-market-research,200,914,true,Real Estate Market Research in Oman 2026 | BioNixus,<em>Real Estate &amp; Construction</em> market research company in <!-- -->Oman
/case-studies/uae-influenza-vaccines-report-2025-2026,https://www.bionixus.com/case-studies/uae-influenza-vaccines-report-2025-2026,200,916,true,UAE Influenza Vaccines Report 2025-2 | BioNixus Case Studies,UAE Influenza Vaccines Report 2025-2026
/oman-financial-services-market-research,https://www.bionixus.com/oman-financial-services-market-research,200,917,true,Financial Services Market Research in Oman 2026 | BioNixus,<em>Financial Services &amp; Banking</em> market research company in <!-- -->Oman
/nupco-tender-calendar-events-2026,https://www.bionixus.com/nupco-tender-calendar-events-2026,200,951,true,NUPCO Tender Calendar & Events 2026 | BioNixus,NUPCO Tender Calendar &amp; Events 2026: Planning Intelligence for Saudi Access Teams
/pt/contact,https://www.bionixus.com/pt/contact,200,952,true,Contactar a BioNixus | Proposta de pesquisa em saúde,Fale com uma equipa global de pesquisa de mercado.
/ims-health-alternative,https://www.bionixus.com/ims-health-alternative,200,960,true,IMS Health Alternative — Pharma Primary Research,IMS Health alternative for pharmaceutical audits
/physician-survey-saudi-arabia,https://www.bionixus.com/physician-survey-saudi-arabia,200,964,true,Saudi Physician Surveys (2026) | BioNixus,How to Conduct Physician Surveys in Saudi Arabia: A Complete Guide for Pharma Teams
/singapore-pharmaceutical-market,https://www.bionixus.com/singapore-pharmaceutical-market,200,973,true,Singapore Pharmaceutical Market Intelligence 2026 | BioNixus,"Singapore Pharmaceutical Market: Structure, Access &amp; Commercial Intelligence"
/fr/healthcare-market-research,https://www.bionixus.com/fr/healthcare-market-research,200,987,true,Recherche de marché santé et pharma | Europe et M | BioNixus,Recherche de marché santé et pharmaceutique pour l&#x27;Europe et le Moyen-Orient
/case-studies/cns-case-study,https://www.bionixus.com/case-studies/cns-case-study,200,993,true,CNS Case Study: 6 Brain Health Takea | BioNixus Case Studies,CNS Case Study: 6 Surprising Takeaways Redefining the Future of Brain Health
/b2c-industries,https://www.bionixus.com/b2c-industries,200,999,true,"B2C Market Research | FMCG, Retail, Telecom, Finance & More",B2C Industries Market Research
/ru/about,https://www.bionixus.com/ru/about,200,1021,true,About | BioNixus,"Глобальные исследования рынка — построенные на pharma, наиболее регулируемой отрасли, которую мы обслуживаем, и расширенные на доверие во всех индустриях"
/ar/bionixus-industries,https://www.bionixus.com/ar/bionixus-industries,200,1032,true,أبحاث السوق عبر الصناعات | BioNixus,شركة أبحاث واحدة <em>ترافق كل صناعة نخدمها</em>
/de/bionixus-industries,https://www.bionixus.com/de/bionixus-industries,200,1043,true,Marktforschung über Branchen hinweg | BioNixus,"Ein Forschungsunternehmen, <em>das jede Branche, die wir bedienen, begleitet</em>"
/real-world-evidence,https://www.bionixus.com/real-world-evidence,200,1051,true,Real World Evidence (RWE) for Pharma | BioNixus EMEA & MENA,Real World Evidence (RWE) for Pharmaceutical and Biotech Teams
/retail-companies-kuwait,https://www.bionixus.com/retail-companies-kuwait,200,1056,true,Top Retail Companies in Kuwait (2026) | Banners,Retail Companies in Kuwait
/retail-companies-oman,https://www.bionixus.com/retail-companies-oman,200,1082,true,Top Retail Companies in Oman (2026) | Banners,Retail Companies in Oman
/sfda-market-access-strategy-saudi-arabia,https://www.bionixus.com/sfda-market-access-strategy-saudi-arabia,200,1083,true,SFDA Market Access Strategy KSA | BioNixus,SFDA Market Access Strategy in Saudi Arabia: 2026 Complete Guide
/real-estate-companies-oman,https://www.bionixus.com/real-estate-companies-oman,200,1088,true,Top Real Estate Companies in Oman (2026),Real Estate Companies in Oman
/ar/abhath-suq-adwiyah-saudi-arabia,https://www.bionixus.com/ar/abhath-suq-adwiyah-saudi-arabia,200,1089,true,أبحاث سوق الأدوية في المملكة العربية السعودية | بيونيكسس,أبحاث سوق الأدوية في المملكة العربية السعودية
/pharma-healthcare-industries,https://www.bionixus.com/pharma-healthcare-industries,200,1095,true,Pharma & Healthcare Market Research | BioNixus Industries,Pharma &amp; Healthcare Market Research
/account-level-market-research,https://www.bionixus.com/account-level-market-research,200,1099,true,What Is Account-Level Market Research Data?,What is account-level (and SKU-level) market research data?
/retail-companies-qatar,https://www.bionixus.com/retail-companies-qatar,200,1105,true,Top Retail Companies in Qatar (2026) | Banners,Retail Companies in Qatar
/kol-mapping-saudi-arabia-oncology,https://www.bionixus.com/kol-mapping-saudi-arabia-oncology,200,1106,true,KOL Mapping for Oncology in Saudi Arabia | BioNixus MENA Research,"KOL Mapping for Oncology in Saudi Arabia: Methodology, Data, and Engagement Strategy"
/real-estate-companies-qatar,https://www.bionixus.com/real-estate-companies-qatar,200,1107,true,Top Real Estate Companies in Qatar (2026),Real Estate Companies in Qatar
/real-estate-companies-kuwait,https://www.bionixus.com/real-estate-companies-kuwait,200,1109,true,Top Real Estate Companies in Kuwait (2026),Real Estate Companies in Kuwait
/singapore-medtech-manufacturing-market,https://www.bionixus.com/singapore-medtech-manufacturing-market,200,1121,true,Singapore MedTech Manufacturing Market Research | BioNixus,Singapore MedTech Manufacturing Market: Research &amp; Commercial Intelligence
/ru/bionixus-industries,https://www.bionixus.com/ru/bionixus-industries,200,1144,true,Исследования рынка во всех отраслях | BioNixus,"Одна исследовательская компания, <em>сопровождающая каждую отрасль, которую мы обслуживаем</em>"
/de/about,https://www.bionixus.com/de/about,200,1154,true,About | BioNixus,"Globale Marktforschung — auf pharmazeutischer Forschung aufgebaut, der am stärksten regulierten Branche, die wir bedienen, und über Branchen hinweg ausgeweitet"
/ar/about,https://www.bionixus.com/ar/about,200,1162,true,About | BioNixus,أبحاث سوق عالمية — مبنية على قطاع الأدوية، أكثر القطاعات تنظيمًا الذي نخدمه، وتوسّعت لتُوثَق عبر الصناعات
/case-studies/biologics-market-analysis-uae,https://www.bionixus.com/case-studies/biologics-market-analysis-uae,200,1165,true,Biologics Market Analysis in UAE | BioNixus Case Studies,Biologics Market Analysis in UAE
/pt/about,https://www.bionixus.com/pt/about,200,1168,true,About | BioNixus,"Pesquisa de mercado global — construída sobre pharma, a indústria mais regulada que servimos, e expandida para ser confiável em todas as indústrias"
/bionixus-industries,https://www.bionixus.com/bionixus-industries,200,1175,true,Market Research Across Industries | BioNixus,One research firm <em>guiding every industry we serve</em>
/retail-companies-saudi-arabia,https://www.bionixus.com/retail-companies-saudi-arabia,200,1175,true,Top Retail Companies in Saudi Arabia (2026),Retail Companies in Saudi Arabia
/es/about,https://www.bionixus.com/es/about,200,1183,true,About | BioNixus,"Investigación de mercado global — construida sobre pharma, la industria más regulada que servimos, y ampliada para ser de confianza en todas las industrias"
/market-research-home,https://www.bionixus.com/market-research-home,200,1185,true,Market research data insights | BioNixus Consultancy,Market Research Precise Accurate Data
/fr/about,https://www.bionixus.com/fr/about,200,1197,true,À propos de BioNixus | BioNixus,"Recherche marché mondiale — fondée sur le pharma, l’industrie la plus réglementée que nous servons, et étendue à l’ensemble des secteurs"
/case-studies/gcc-oncology-market,https://www.bionixus.com/case-studies/gcc-oncology-market,200,1199,true,GCC oncology market intelligence case study | BioNixus Case,GCC Oncology Market Review
/fr/bionixus-industries,https://www.bionixus.com/fr/bionixus-industries,200,1203,true,Recherche marché tous secteurs | BioNixus,Un cabinet de recherche <em>qui accompagne chaque industrie que nous servons</em>
/pharmaceutical-therapy-areas,https://www.bionixus.com/pharmaceutical-therapy-areas,200,1207,true,Pharmaceutical Therapy Areas Market Research | BioNixus,"Pharmaceutical Therapy Areas Market Research Across MENA, UK, and Europe"
/retail-companies-egypt,https://www.bionixus.com/retail-companies-egypt,200,1212,true,Top Retail Companies in Egypt (2026) | Banners + Trade,Retail Companies in Egypt
/retail-companies-uae,https://www.bionixus.com/retail-companies-uae,200,1224,true,Top Retail Companies in UAE (2026) | Banners + Trade,Retail Companies in the UAE
/es/bionixus-industries,https://www.bionixus.com/es/bionixus-industries,200,1225,true,Investigación de mercado en todas las industrias | BioNixus,Una firma de investigación <em>que guía cada industria que servimos</em>
/strategic-portfolio,https://www.bionixus.com/strategic-portfolio,200,1233,true,BioNixus Strategic Portfolio | Market Research &amp; Consulting,Market research &amp; <em>strategic consulting</em> portfolio
/pt/bionixus-industries,https://www.bionixus.com/pt/bionixus-industries,200,1244,true,Pesquisa de mercado em todas as indústrias | BioNixus,Uma firma de pesquisa <em>a orientar cada indústria que servimos</em>
/fmcg-companies-qatar,https://www.bionixus.com/fmcg-companies-qatar,200,1257,true,Top FMCG Companies in Qatar (2026) | Trade Mix,FMCG Companies in Qatar
/fmcg-companies-kuwait,https://www.bionixus.com/fmcg-companies-kuwait,200,1260,true,Top FMCG Companies in Kuwait (2026) | Trade Mix,FMCG Companies in Kuwait
/fmcg-companies-oman,https://www.bionixus.com/fmcg-companies-oman,200,1262,true,Top FMCG Companies in Oman (2026) | Trade Mix,FMCG Companies in Oman
/pt/pesquisa-mercado-saude-brasil,https://www.bionixus.com/pt/pesquisa-mercado-saude-brasil,200,1285,true,Empresa de Pesquisa de Mercado de Saúde no Brasil | BioNixus,Empresa de Pesquisa de Mercado de Saúde no Brasil
/pt/pesquisa-mercado-farmaceutico-brasil,https://www.bionixus.com/pt/pesquisa-mercado-farmaceutico-brasil,200,1289,true,Empresa de Pesquisa de Mercado Farmacêutico no Br | BioNixus,Empresa de Pesquisa de Mercado Farmacêutico no Brasil
/nf1-pharma-market-research,https://www.bionixus.com/nf1-pharma-market-research,200,1294,true,NF1 Pharma Market Research Services | BioNixus,NF1 Pharma Market Research &amp; Competitive Intelligence Services
/ar/insights/top-market-research-companies-egypt-2026,https://www.bionixus.com/ar/insights/top-market-research-companies-egypt-2026,200,1317,true,5 أفضل شركات أبحاث السوق في مصر (2026) | دليل المشترين | BioNixus,5 أفضل شركات أبحاث السوق في مصر (2026)
/ar/blog,https://www.bionixus.com/ar/blog,200,1319,true,المدونة العربية: أبحاث السوق الصحي والدوائي | BioNixus,تحديثات عربية لأبحاث الرعاية الصحية والدواء
/ar/strategic-portfolio,https://www.bionixus.com/ar/strategic-portfolio,200,1334,true,محفظة BioNixus الاستراتيجية | أبحاث السوق والاستشارات,أبحاث السوق و<em>الاستشارات الاستراتيجية</em>
/fmcg-companies-saudi-arabia,https://www.bionixus.com/fmcg-companies-saudi-arabia,200,1350,true,Top FMCG Companies in Saudi Arabia (2026) | Trade Mix,FMCG Companies in Saudi Arabia
/fmcg-companies-uae,https://www.bionixus.com/fmcg-companies-uae,200,1392,true,Top FMCG Companies in UAE (2026) | Traditional Trade,FMCG Companies in the UAE
/about,https://www.bionixus.com/about,200,1395,true,About | BioNixus,"Global market research — <em class=""font-medium not-italic !text-[#C9A84C]"">built on pharma, the most regulated industry we serve,</em> and expanded to be trusted across industries"
/fmcg-companies-egypt,https://www.bionixus.com/fmcg-companies-egypt,200,1397,true,Top FMCG Companies in Egypt (2026) | Traditional Trade,FMCG Companies in Egypt
/fr/blog,https://www.bionixus.com/fr/blog,200,1439,true,Blog Insights Marché Santé | BioNixus,Insights marché santé pour la France &amp; l’EMEA
/de/blog,https://www.bionixus.com/de/blog,200,1450,true,Healthcare Markt-Insights Blog | BioNixus,Healthcare Markt-Insights für DACH &amp; EMEA
/insights/top-consumer-insights-companies-ksa-2026,https://www.bionixus.com/insights/top-consumer-insights-companies-ksa-2026,200,1487,true,Top Consumer Insights Companies in KSA (2026 Ranking),Top Consumer Insights Companies in KSA (2026 Ranking)
/de/services,https://www.bionixus.com/de/services,200,1507,true,Pharmazeutische Marktforschung Deutschland & Euro | BioNixus,Pharmazeutische und Gesundheitsmarktforschung für Deutschland und Europa
/ar/insights/top-sharaket-abhath-alsuq-alimarat-2026,https://www.bionixus.com/ar/insights/top-sharaket-abhath-alsuq-alimarat-2026,200,1510,true,شركات أبحاث السوق في الإمارات 2026 | بيونيكسس,شركات أبحاث السوق في الإمارات — تصنيف 2026
/egypt-healthcare-market-research,https://www.bionixus.com/egypt-healthcare-market-research,200,1510,true,Healthcare Market Research Company in Egypt | BioNixus,Healthcare Market Research Company in Egypt
/spain-medical-devices-market-report,https://www.bionixus.com/spain-medical-devices-market-report,200,1522,true,Spain Medical Devices Market Report 2026 | BioNixus,"Spain Medical Devices Market Report 2026: AEMPS Regulation, SNS Reimbursement, and Regional Procurement Intelligence"
/healthcare-market-research-netherlands,https://www.bionixus.com/healthcare-market-research-netherlands,200,1535,true,Healthcare Market Research Company in the Netherl | BioNixus,Healthcare &amp; Pharmaceutical Market Research in the Netherlands
/uae-pharmaceutical-market-research,https://www.bionixus.com/uae-pharmaceutical-market-research,200,1545,true,Healthcare Market Research Company UAE | BioNixus Dubai,"Healthcare Market Research Company UAE: BioNixus, Dubai"
/healthcare-market-research-spain,https://www.bionixus.com/healthcare-market-research-spain,200,1551,true,Healthcare Market Research Company in Spain | BioNixus,Healthcare Market Research Company in Spain
/de/methodology,https://www.bionixus.com/de/methodology,200,1567,true,Methodik der Gesundheitsmarktforschung | BioNixus,Methodik der Gesundheitsmarktforschung
/client-reviews,https://www.bionixus.com/client-reviews,200,1571,true,Client Reviews | BioNixus Pharmaceutical Market Research,Recommended by more than <!-- -->118<!-- --> happy clients
/egypt-pharmaceutical-market-research,https://www.bionixus.com/egypt-pharmaceutical-market-research,200,1575,true,Pharmaceutical Market Research in Egypt | EDA & U | BioNixus,Healthcare &amp; Pharmaceutical Market Research Company in Egypt
/healthcare-market-research-canada,https://www.bionixus.com/healthcare-market-research-canada,200,1577,true,Healthcare Market Research Company in Canada | BioNixus,Healthcare &amp; Pharmaceutical Market Research in Canada
/ar/insights/top-sharaket-abhath-sihha-alsaudia-2026,https://www.bionixus.com/ar/insights/top-sharaket-abhath-sihha-alsaudia-2026,200,1585,true,أفضل شركات أبحاث سوق الرعاية الصحية في السعودية (2026) | بيونيكسس,أفضل شركات أبحاث سوق الرعاية الصحية في المملكة العربية السعودية (دليل 2026)
/south-korea-medical-devices-market-report,https://www.bionixus.com/south-korea-medical-devices-market-report,200,1589,true,South Korea Medical Devices Market Report 2026 | BioNixus,"South Korea Medical Devices Market Report 2026: MFDS Regulation, NHIS Reimbursement, and Export Market Intelligence"
/healthcare-market-research-sweden,https://www.bionixus.com/healthcare-market-research-sweden,200,1590,true,Healthcare Market Research Company in Sweden | BioNixus,Healthcare &amp; Pharmaceutical Market Research in Sweden
/healthcare-market-research-turkey,https://www.bionixus.com/healthcare-market-research-turkey,200,1620,true,Healthcare Market Research Company in Turkey | BioNixus,Healthcare &amp; Pharmaceutical Market Research in Turkey
/healthcare-market-research-poland,https://www.bionixus.com/healthcare-market-research-poland,200,1624,true,Healthcare Market Research Company in Poland | BioNixus,Healthcare &amp; Pharmaceutical Market Research in Poland
/ar/methodology,https://www.bionixus.com/ar/methodology,200,1627,true,منهجية أبحاث السوق الصحي | BioNixus,منهجية أبحاث السوق الصحي والدوائي
/kuwait-medical-devices-market-report,https://www.bionixus.com/kuwait-medical-devices-market-report,200,1627,true,Kuwait Medical Devices Market Report 2026 | BioNixus,"Kuwait Medical Devices Market Report 2026: CMS Procurement, MOPH Registration, and Hospital Intelligence"
/insights/top-consumer-healthcare-market-research-firms-2026,https://www.bionixus.com/insights/top-consumer-healthcare-market-research-firms-2026,200,1630,true,Top Consumer Healthcare Market Research Firms 202 | BioNixus,Top Consumer Healthcare Market Research Firms (2026 Guide)
/singapore-medical-devices-market-report,https://www.bionixus.com/singapore-medical-devices-market-report,200,1641,true,Singapore Medical Devices Market Report 2026 | BioNixus,"Singapore Medical Devices Market Report 2026: HSA Regulation, ASEAN Distribution Hub, and Medical Tourism Intelligence"
/healthcare-market-statistics,https://www.bionixus.com/healthcare-market-statistics,200,1647,true,"Healthcare & Pharma Market Statistics 2026 (MENA, Asia &...","Healthcare &amp; Pharma Market Statistics 2026 (MENA, Asia &amp; Global)"
/turkey-medical-devices-market-report,https://www.bionixus.com/turkey-medical-devices-market-report,200,1649,true,Turkey Medical Devices Market Report 2026 | BioNixus,"Turkey Medical Devices Market Report 2026: TİTCK Regulation, SGK SUT Reimbursement, and Medical Tourism Intelligence"
/healthcare-market-research-ireland,https://www.bionixus.com/healthcare-market-research-ireland,200,1650,true,Healthcare Market Research Company in Ireland | BioNixus,Healthcare &amp; Pharmaceutical Market Research in Ireland
/india-medical-devices-market-report,https://www.bionixus.com/india-medical-devices-market-report,200,1654,true,India Medical Devices Market Report 2026 | BioNixus,"India Medical Devices Market Report 2026: CDSCO MDR 2017, PLI Manufacturing, and Commercial Intelligence"
/healthcare-market-research-australia,https://www.bionixus.com/healthcare-market-research-australia,200,1656,true,Healthcare Market Research Company in Australia | BioNixus,Healthcare &amp; Pharmaceutical Market Research in Australia
/healthcare-market-research/therapy/dermatology,https://www.bionixus.com/healthcare-market-research/therapy/dermatology,200,1656,true,Dermatology Market Research | BioNixus,Dermatology market research
/healthcare-market-research-norway,https://www.bionixus.com/healthcare-market-research-norway,200,1658,true,Healthcare Market Research Company in Norway | BioNixus,Healthcare &amp; Pharmaceutical Market Research in Norway
/healthcare-market-research-malaysia,https://www.bionixus.com/healthcare-market-research-malaysia,200,1660,true,Healthcare Market Research Company in Malaysia | BioNixus,Healthcare &amp; Pharmaceutical Market Research in Malaysia
/ru/methodology,https://www.bionixus.com/ru/methodology,200,1660,true,Методология исследований рынка здравоохранения | BioNixus,Методология исследований рынка здравоохранения
/healthcare-market-research-uk,https://www.bionixus.com/healthcare-market-research-uk,200,1661,true,Healthcare Market Research Company in the UK | BioNixus,Healthcare &amp; Pharmaceutical Market Research in the UK
/healthcare-market-research-denmark,https://www.bionixus.com/healthcare-market-research-denmark,200,1667,true,Healthcare Market Research Company in Denmark | BioNixus,Healthcare &amp; Pharmaceutical Market Research in Denmark
/pharmacies-saudi-arabia-marketing,https://www.bionixus.com/pharmacies-saudi-arabia-marketing,200,1676,true,Pharmacy Market Research Saudi Arabia: Boost Reta | BioNixus,Market Research &amp; Marketing Automation for Pharmacies in Saudi Arabia
/clinical-diagnostics-market-research,https://www.bionixus.com/clinical-diagnostics-market-research,200,1684,true,Clinical Diagnostics Market Research | QC & Immunohematolog,Clinical Diagnostics Market Assessment
/healthcare-market-research-singapore,https://www.bionixus.com/healthcare-market-research-singapore,200,1685,true,Healthcare Market Research Company in Singapore | BioNixus,Healthcare &amp; Pharmaceutical Market Research in Singapore
/egypt-medical-devices-market-report,https://www.bionixus.com/egypt-medical-devices-market-report,200,1700,true,"Egypt Medical Devices Market 2026: Size, EDA & Forecast","Egypt Medical Devices Market Report 2026: Market Size, UHI Program, and Cairo Hospital Intelligence"
/healthcare-market-research-india,https://www.bionixus.com/healthcare-market-research-india,200,1710,true,Healthcare Market Research Company in India | BioNixus,Healthcare &amp; Pharmaceutical Market Research in India
/healthcare-market-research-argentina,https://www.bionixus.com/healthcare-market-research-argentina,200,1720,true,Healthcare Market Research Company in Argentina | BioNixus,Healthcare &amp; Pharmaceutical Market Research in Argentina
/insights/top-market-research-companies-argentina-2026,https://www.bionixus.com/insights/top-market-research-companies-argentina-2026,200,1736,true,5 Best Market Research Companies in Argentina (20 | BioNixus,5 Best Market Research Companies in Argentina (2026)
/insights/top-healthcare-market-research-companies-argentina-2026,https://www.bionixus.com/insights/top-healthcare-market-research-companies-argentina-2026,200,1737,true,Argentina Healthcare Market Research Firms 2026 | BioNixus,5 Best Healthcare Market Research Firms in Argentina (2026)
/market-research-gcc,https://www.bionixus.com/market-research-gcc,200,1752,true,Market Research GCC: Pharma & Healthcare in 6 Gulf States,Market Research in the GCC (Gulf Cooperation Council)
/healthcare-market-research/therapy/neurology-cns,https://www.bionixus.com/healthcare-market-research/therapy/neurology-cns,200,1756,true,Neurology & CNS Market Research | BioNixus,Neurology &amp; CNS market research
/pharmaceutical-market-research-usa,https://www.bionixus.com/pharmaceutical-market-research-usa,200,1758,true,Pharmaceutical Market Research Company in USA | BioNixus,Pharmaceutical Market Research Company in USA
/healthcare-market-research-switzerland,https://www.bionixus.com/healthcare-market-research-switzerland,200,1761,true,Healthcare Market Research Switzerland | BioNixus,Healthcare Market Research Company in Switzerland
/healthcare-market-research-usa,https://www.bionixus.com/healthcare-market-research-usa,200,1762,true,Healthcare Market Research Company in USA | BioNixus,Healthcare &amp; Pharmaceutical Market Research in the USA
/uk-medical-devices-market-report,https://www.bionixus.com/uk-medical-devices-market-report,200,1797,true,UK Medical Devices Market Report 2026 | BioNixus,"UK Medical Devices Market Report 2026: UKCA Marking, NHS Supply Chain, and MHRA Regulatory Intelligence"
/healthcare-market-research-japan,https://www.bionixus.com/healthcare-market-research-japan,200,1808,true,Healthcare Market Research Company in Japan | BioNixus,Healthcare &amp; Pharmaceutical Market Research in Japan
/healthcare-market-research/therapy/digital-health,https://www.bionixus.com/healthcare-market-research/therapy/digital-health,200,1826,true,Digital Health Market Research | BioNixus,Digital health market research
/ar/insights/top-market-research-companies-kuwait-2026,https://www.bionixus.com/ar/insights/top-market-research-companies-kuwait-2026,200,1827,true,أفضل شركات أبحاث السوق في الكويت (دليل 2026) | BioNixus,أفضل شركات أبحاث السوق في الكويت (دليل 2026)
/healthcare-market-research-south-korea,https://www.bionixus.com/healthcare-market-research-south-korea,200,1840,true,Healthcare Market Research Company in South Korea | BioNixus,Healthcare &amp; Pharmaceutical Market Research in South Korea
/pharmaceutical-companies-singapore,https://www.bionixus.com/pharmaceutical-companies-singapore,200,1849,true,Top Pharmaceutical Companies in Singapore (2026 Ranked),Pharmaceutical Companies in Singapore
/healthcare-market-research/therapy/cardiovascular,https://www.bionixus.com/healthcare-market-research/therapy/cardiovascular,200,1851,true,Cardiovascular Market Research | BioNixus,Cardiovascular market research
/brazil-healthcare-market-research,https://www.bionixus.com/brazil-healthcare-market-research,200,1854,true,Healthcare Market Research Company in Brazil | BioNixus,Healthcare Market Research Company in Brazil
/ar/insights/top-sharaket-abhath-alsuq-alsaudia-2026,https://www.bionixus.com/ar/insights/top-sharaket-abhath-alsuq-alsaudia-2026,200,1869,true,شركات أبحاث السوق في السعودية 2026 | بيونيكسس,شركات أبحاث السوق في السعودية (KSA) — تصنيف 2026
/healthcare-market-research-bahrain,https://www.bionixus.com/healthcare-market-research-bahrain,200,1884,true,Healthcare Market Research Bahrain | NHRA-Aligned | BioNixus,Healthcare &amp; Pharmaceutical Market Research in Bahrain
/india-healthcare-market-report,https://www.bionixus.com/india-healthcare-market-report,200,1884,true,India Healthcare Market Report 2026 | BioNixus,"India Healthcare Market Report 2026: CDSCO, Ayushman Bharat, and Pharmaceutical Market Intelligence"
/germany-medical-devices-market-report,https://www.bionixus.com/germany-medical-devices-market-report,200,1892,true,Germany Medical Devices Market Report 2026 | BioNixus,"Germany Medical Devices Market Report 2026: EU MDR Compliance, DRG Reimbursement, and Hospital Procurement Intelligence"
/pharmaceutical-market-research-qatar,https://www.bionixus.com/pharmaceutical-market-research-qatar,200,1898,true,Healthcare Market Research Company in Qatar | BioNixus,Healthcare &amp; Pharmaceutical Market Research Company in Qatar
/medical-device-companies-usa,https://www.bionixus.com/medical-device-companies-usa,200,1901,true,Top 20 Medical Device Companies in USA (2026 Ranked List),Medical Device Companies in USA
/healthcare-market-research-china,https://www.bionixus.com/healthcare-market-research-china,200,1903,true,Healthcare Market Research Company in China | BioNixus,Healthcare &amp; Pharmaceutical Market Research in China
/pharmaceutical-companies-malaysia,https://www.bionixus.com/pharmaceutical-companies-malaysia,200,1915,true,Top Pharmaceutical Companies in Malaysia (2026 Ranked),Pharmaceutical Companies in Malaysia
/pharmaceutical-companies-morocco,https://www.bionixus.com/pharmaceutical-companies-morocco,200,1915,true,Top Pharmaceutical Companies in Morocco (2026 Ranked List),Pharmaceutical Companies in Morocco
/pharmaceutical-companies-brazil,https://www.bionixus.com/pharmaceutical-companies-brazil,200,1916,true,Top Pharmaceutical Companies in Brazil (2026 Ranked List),Pharmaceutical Companies in Brazil
/insights/top-global-healthcare-market-research-companies-2026,https://www.bionixus.com/insights/top-global-healthcare-market-research-companies-2026,200,1920,true,Top 10 Healthcare Market Research Companies (2026) | Global,Top Global Healthcare Market Research Companies (2026 Guide)
/brazil-healthcare-market-report,https://www.bionixus.com/brazil-healthcare-market-report,200,1926,true,"Brazil Healthcare & Pharma Market 2026: Size, ANVISA & Outlook","Brazil Healthcare Market Report 2026: ANVISA, SUS, CONITEC, and Pharmaceutical Market Intelligence"
/healthcare-market-research-new-zealand,https://www.bionixus.com/healthcare-market-research-new-zealand,200,1929,true,Healthcare Market Research Company in New Zealand | BioNixus,Healthcare &amp; Pharmaceutical Market Research in New Zealand
/turkey-healthcare-market-report,https://www.bionixus.com/turkey-healthcare-market-report,200,1930,true,"Turkey Healthcare Market 2026: Size, TITCK & SGK Outlook","Turkey Healthcare Market Report 2026: TİTCK, SGK Reimbursement, and Europe-MENA Crossroads Market Intelligence"
/pharmaceutical-companies-germany,https://www.bionixus.com/pharmaceutical-companies-germany,200,1931,true,Top Pharmaceutical Companies in Germany (2026 Ranked List),Pharmaceutical Companies in Germany
/insights/top-market-research-companies-qatar-2026,https://www.bionixus.com/insights/top-market-research-companies-qatar-2026,200,1932,true,5 Best Market Research Companies in Qatar (2026) | Ranked Guide,Best Market Research Companies in Qatar (2026 Guide)
/es/insights/top-empresas-investigacion-mercado-argentina-2026,https://www.bionixus.com/es/insights/top-empresas-investigacion-mercado-argentina-2026,200,1935,true,Argentina: Empresas de Investigación de Mercado 2 | BioNixus,5 Mejores Empresas de Investigación de Mercado en Argentina (2026)
/insights/top-pharmaceutical-analytics-companies-worldwide-2026,https://www.bionixus.com/insights/top-pharmaceutical-analytics-companies-worldwide-2026,200,1937,true,Top Pharmaceutical Analytics Companies Worldwide 2026 | Ranked,Top Pharmaceutical Analytics Companies Worldwide (2026 Guide)
/pharmaceutical-companies-canada,https://www.bionixus.com/pharmaceutical-companies-canada,200,1937,true,Top Pharmaceutical Companies in Canada (2026 Ranked List),Pharmaceutical Companies in Canada
/medical-device-companies-japan,https://www.bionixus.com/medical-device-companies-japan,200,1940,true,Top 18 Medical Device Companies in Japan (2026 Ranked),Medical Device Companies in Japan
/healthcare-market-research-italy,https://www.bionixus.com/healthcare-market-research-italy,200,1947,true,Healthcare Market Research Company in Italy | BioNixus,Healthcare &amp; Pharmaceutical Market Research in Italy
/pharmaceutical-companies-switzerland,https://www.bionixus.com/pharmaceutical-companies-switzerland,200,1959,true,Top Pharmaceutical Companies in Switzerland (2026 Ranked),Pharmaceutical Companies in Switzerland
/ar/insights/top-market-research-companies-qatar-2026,https://www.bionixus.com/ar/insights/top-market-research-companies-qatar-2026,200,1966,true,أفضل شركات أبحاث السوق في قطر (دليل 2026) | بيونيكسوس | BioNixus,أفضل شركات أبحاث السوق في قطر (دليل 2026)
/brazil-pharmaceutical-market-research,https://www.bionixus.com/brazil-pharmaceutical-market-research,200,1969,true,Pharmaceutical Market Research Company in Brazil | BioNixus,Pharmaceutical Market Research Company in Brazil
/ru/services,https://www.bionixus.com/ru/services,200,1969,true,Фармацевтические исследования рынка: Россия и ЕАЭ | BioNixus,Фармацевтические и медицинские исследования рынка для России и ЕАЭС
/bionixus-middle-east-africa,https://www.bionixus.com/bionixus-middle-east-africa,200,1972,true,"BioNixus Middle East &amp; Africa | Pharma Insights, RWE &amp; Market Research","BioNixus Middle East &amp; Africa — pharmaceutical insights, real-world evidence, and commercial research"
/medical-device-companies-uae,https://www.bionixus.com/medical-device-companies-uae,200,1982,true,Top Medical Device Companies in UAE (2026 Ranked List),Medical Device Companies in UAE
/insights/top-market-research-companies-brazil-2026,https://www.bionixus.com/insights/top-market-research-companies-brazil-2026,200,1987,true,5 Best Market Research Companies in Brazil (2026) | BioNixus,5 Best Market Research Companies in Brazil (2026)
/de/healthcare-market-research/germany,https://www.bionixus.com/de/healthcare-market-research/germany,200,1991,true,Healthcare-Marktforschung Deutschland | BioNixus,Healthcare-Marktforschung in Deutschland
/bahrain-healthcare-market-research,https://www.bionixus.com/bahrain-healthcare-market-research,200,1994,true,Healthcare Market Research in Bahrain 2026 | BioNixus,<em>Healthcare Providers &amp; Hospitals</em> market research company in <!-- -->Bahrain
/pharmaceutical-companies-south-korea,https://www.bionixus.com/pharmaceutical-companies-south-korea,200,1995,true,Top Pharmaceutical Companies in South Korea (2026 Ranked),Pharmaceutical Companies in South Korea
/insights/top-market-research-companies-denmark-2026,https://www.bionixus.com/insights/top-market-research-companies-denmark-2026,200,1998,true,Top Market Research Companies in Denmark 2026 | BioNixus,Top Market Research Companies in Denmark (2026 Guide)
/es/methodology,https://www.bionixus.com/es/methodology,200,2000,false,Metodología de investigación de mercado sanitario | BioNixus,Metodología de investigación de mercado sanitario
/market-research-in-egypt,https://www.bionixus.com/market-research-in-egypt,200,2001,false,Market Research Companies in Egypt | BioNixus,Market Research Company in Egypt
/bahrain-biotech-market-research,https://www.bionixus.com/bahrain-biotech-market-research,200,2009,false,Biotech Market Research in Bahrain 2026 | BioNixus,<em>Biotech &amp; Life Sciences</em> market research company in <!-- -->Bahrain
/insights/best-global-market-research-companies-pharma-2026,https://www.bionixus.com/insights/best-global-market-research-companies-pharma-2026,200,2011,false,Best Global Market Research Companies for Pharma | BioNixus,Best Global Market Research Companies for Pharma (2026 Guide)
/kantar-health-alternative-gcc,https://www.bionixus.com/kantar-health-alternative-gcc,200,2017,false,Kantar Health Alternative in GCC & Middle East | BioNixus,Kantar Health Alternative for GCC and Middle East — BioNixus
/pharmaceutical-market-research-bahrain,https://www.bionixus.com/pharmaceutical-market-research-bahrain,200,2018,false,Healthcare Market Research Company in Bahrain | BioNixus,Healthcare &amp; Pharmaceutical Market Research Company in Bahrain
/bahrain-medtech-market-research,https://www.bionixus.com/bahrain-medtech-market-research,200,2019,false,MedTech Market Research in Bahrain 2026 | BioNixus,<em>MedTech &amp; Medical Devices</em> market research company in <!-- -->Bahrain
/pharmaceutical-companies-turkey,https://www.bionixus.com/pharmaceutical-companies-turkey,200,2019,false,Top 20 Pharmaceutical Companies in Turkey (2026 Ranked List),Pharmaceutical Companies in Turkey
/gcc-pharmaceutical-market-research,https://www.bionixus.com/gcc-pharmaceutical-market-research,200,2021,false,GCC Biologics & Generic Injectables Market 2026 | BioNixus,GCC Biologics &amp; Generic Injectables Market Research 2026 — Precision Medicine &amp; Drug Repurposing
/insights/top-market-research-companies-iran-2026,https://www.bionixus.com/insights/top-market-research-companies-iran-2026,200,2021,false,5 Best Market Research Companies in Iran (2026) | Ranked,Best Market Research Companies in Iran (2026 Guide)
/poland-medtech-market-research,https://www.bionixus.com/poland-medtech-market-research,200,2023,false,MedTech Market Research Company in Poland (2026) | URPL...,MedTech &amp; Medical Devices Market Research Company in Poland
/fr/methodology,https://www.bionixus.com/fr/methodology,200,2024,false,Méthodologie des études de marché santé | BioNixus,Méthodologie des études de marché santé
/egypt-biotech-market-research,https://www.bionixus.com/egypt-biotech-market-research,200,2025,false,Biotech Market Research in Egypt 2026 | BioNixus,<em>Biotech &amp; Life Sciences</em> market research company in <!-- -->Egypt
/pharmaceutical-companies-china,https://www.bionixus.com/pharmaceutical-companies-china,200,2026,false,Top 20 Pharmaceutical Companies in China (2026 Ranked List),Pharmaceutical Companies in China
/pharmaceutical-companies-iraq,https://www.bionixus.com/pharmaceutical-companies-iraq,200,2029,false,Top Pharmaceutical Companies in Iraq (2026 KIMADIA Guide),Pharmaceutical Companies in Iraq
/egypt-obesity-market,https://www.bionixus.com/egypt-obesity-market,200,2031,false,Obesity & GLP-1 Market Research Egypt | BioNixus,Obesity &amp; GLP-1 Market Research in Egypt
/pharmaceutical-companies-japan,https://www.bionixus.com/pharmaceutical-companies-japan,200,2031,false,Top 20 Pharmaceutical Companies in Japan (2026 Ranked List),Pharmaceutical Companies in Japan
/iqvia-alternative-saudi-arabia,https://www.bionixus.com/iqvia-alternative-saudi-arabia,200,2033,false,IQVIA Alternative Saudi Arabia (2026) | Competitors,IQVIA alternative for pharmaceutical research in Saudi Arabia
/gfk-alternative-egypt,https://www.bionixus.com/gfk-alternative-egypt,200,2034,false,GfK Alternative in Egypt — International Market Research | BioNixus,GfK Alternative in Egypt — International Market Research by BioNixus
/services/kol-stakeholder-mapping,https://www.bionixus.com/services/kol-stakeholder-mapping,200,2034,false,KOL Mapping & Stakeholder Engagement | EMEA — BioNixus,KOL &amp; Stakeholder Mapping
/de,https://www.bionixus.com/de,200,2035,false,BioNixus | Pharma- & Gesundheitsmarktforschung Global,"Forschung, die<!-- --> <em class=""font-medium not-italic text-transparent bg-clip-text bg-gradient-to-br from-[#C9A84C] to-[#E4CC7A]"">Pharmazeutische Strategie prägt</em>"
/pharmaceutical-companies-jordan,https://www.bionixus.com/pharmaceutical-companies-jordan,200,2035,false,Top Pharmaceutical Companies in Jordan (2026 Ranked List),Pharmaceutical Companies in Jordan
/pharmaceutical-companies-india,https://www.bionixus.com/pharmaceutical-companies-india,200,2039,false,Top 20 Pharmaceutical Companies in India (2026 Ranked List),Pharmaceutical Companies in India
/pt/methodology,https://www.bionixus.com/pt/methodology,200,2039,false,Metodologia de pesquisa de mercado em saúde | BioNixus,Metodologia de pesquisa de mercado em saúde
/uae-biotech-market-research,https://www.bionixus.com/uae-biotech-market-research,200,2039,false,Biotech Market Research in UAE 2026 | BioNixus,<em>Biotech &amp; Life Sciences</em> market research company in <!-- -->UAE
/malaysia-medtech-market-research,https://www.bionixus.com/malaysia-medtech-market-research,200,2041,false,MedTech Market Research Company in Malaysia (2026) | MDA...,MedTech &amp; Medical Devices Market Research Company in Malaysia
/pharmaceutical-market-research-jordan,https://www.bionixus.com/pharmaceutical-market-research-jordan,200,2041,false,Pharmaceutical Market Research Company in Jordan | BioNixus,Pharmaceutical Market Research Company in Jordan
/qatar-healthcare-market-research,https://www.bionixus.com/qatar-healthcare-market-research,200,2042,false,Healthcare Market Research in Qatar 2026 | BioNixus,<em>Healthcare Providers &amp; Hospitals</em> market research company in <!-- -->Qatar
/medical-device-companies-saudi-arabia,https://www.bionixus.com/medical-device-companies-saudi-arabia,200,2044,false,Top Medical Device Companies in Saudi Arabia (2026 Ranked),Medical Device Companies in Saudi Arabia
/oman-healthcare-market-research,https://www.bionixus.com/oman-healthcare-market-research,200,2044,false,Healthcare Market Research in Oman 2026 | BioNixus,<em>Healthcare Providers &amp; Hospitals</em> market research company in <!-- -->Oman
/kuwait-healthcare-market-research,https://www.bionixus.com/kuwait-healthcare-market-research,200,2045,false,Healthcare Market Research in Kuwait 2026 | BioNixus,<em>Healthcare Providers &amp; Hospitals</em> market research company in <!-- -->Kuwait
/saudi-arabia-biologics-market,https://www.bionixus.com/saudi-arabia-biologics-market,200,2047,false,"Saudi Arabia Biologics Market 2026: Size, SFDA, Biosimilars","Saudi Arabia Biologics Market: Size, SFDA Access, NUPCO Tenders &amp; Biosimilar Uptake"
/ar/market-research-egypt,https://www.bionixus.com/ar/market-research-egypt,200,2049,false,Market Research Egypt | BioNixus,أبحاث السوق في مصر
/denmark-medtech-market-research,https://www.bionixus.com/denmark-medtech-market-research,200,2050,false,MedTech Market Research Company in Denmark (2026) | Danish.,MedTech &amp; Medical Devices Market Research Company in Denmark
/pharmaceutical-companies-uk,https://www.bionixus.com/pharmaceutical-companies-uk,200,2052,false,Top Pharmaceutical Companies in UK (2026 Ranked List),Pharmaceutical Companies in the UK
/spain-medtech-market-research,https://www.bionixus.com/spain-medtech-market-research,200,2052,false,MedTech Market Research Company in Spain (2026) | AEMPS...,MedTech &amp; Medical Devices Market Research Company in Spain
/pharmaceutical-companies-iran,https://www.bionixus.com/pharmaceutical-companies-iran,200,2053,false,Top 18 Pharmaceutical Companies in Iran (2026 Ranked List),Pharmaceutical Companies in Iran
/switzerland-medtech-market-research,https://www.bionixus.com/switzerland-medtech-market-research,200,2054,false,MedTech Market Research Company in Switzerland (2026) |...,MedTech &amp; Medical Devices Market Research Company in Switzerland
/ar/market-research-kuwait,https://www.bionixus.com/ar/market-research-kuwait,200,2055,false,أبحاث السوق في الكويت | BioNixus,أبحاث السوق في الكويت
/brazil-medtech-market-research,https://www.bionixus.com/brazil-medtech-market-research,200,2055,false,MedTech Market Research Company in Brazil (2026) | ANVISA...,MedTech &amp; Medical Devices Market Research Company in Brazil
/bahrain-consumer-health-market-research,https://www.bionixus.com/bahrain-consumer-health-market-research,200,2057,false,Consumer Health Market Research in Bahrain 2026 | BioNixus,<em>Consumer Health &amp; OTC</em> market research company in <!-- -->Bahrain
/egypt-consumer-health-market-research,https://www.bionixus.com/egypt-consumer-health-market-research,200,2058,false,Consumer Health Market Research in Egypt 2026 | BioNixus,<em>Consumer Health &amp; OTC</em> market research company in <!-- -->Egypt
/methodology,https://www.bionixus.com/methodology,200,2059,false,Market Research Methodology | Healthcare & Consumer,Market research methodology for healthcare and consumer industries
/healthcare-market-research/singapore,https://www.bionixus.com/healthcare-market-research/singapore,200,2060,false,Healthcare Market Research Singapore | HSA Fieldw | BioNixus,Healthcare Market Research in Singapore
/kuwait-biotech-market-research,https://www.bionixus.com/kuwait-biotech-market-research,200,2061,false,Biotech Market Research in Kuwait 2026 | BioNixus,<em>Biotech &amp; Life Sciences</em> market research company in <!-- -->Kuwait
/egypt-medtech-market-research,https://www.bionixus.com/egypt-medtech-market-research,200,2063,false,MedTech Market Research in Egypt 2026 | BioNixus,<em>MedTech &amp; Medical Devices</em> market research company in <!-- -->Egypt
/healthcare-market-research/norway,https://www.bionixus.com/healthcare-market-research/norway,200,2063,false,Healthcare Market Research Norway | NoMA & HTA | BioNixus,Pharmaceutical Market Research in Norway
/healthcare-market-research/services/qualitative-research,https://www.bionixus.com/healthcare-market-research/services/qualitative-research,200,2063,false,qualitative research Healthcare Research Service | BioNixus,Qualitative research research service
/uae-consumer-health-market-research,https://www.bionixus.com/uae-consumer-health-market-research,200,2064,false,Consumer Health Market Research in UAE 2026 | BioNixus,<em>Consumer Health &amp; OTC</em> market research company in <!-- -->UAE
/healthcare-market-research/japan,https://www.bionixus.com/healthcare-market-research/japan,200,2067,false,Healthcare Market Research Japan | PMDA Fieldwork | BioNixus,Pharmaceutical Market Research in Japan
/uae-medtech-market-research,https://www.bionixus.com/uae-medtech-market-research,200,2067,false,MedTech Market Research in UAE 2026 | BioNixus,<em>MedTech &amp; Medical Devices</em> market research company in <!-- -->UAE
/qatar-biotech-market-research,https://www.bionixus.com/qatar-biotech-market-research,200,2068,false,Biotech Market Research in Qatar 2026 | BioNixus,<em>Biotech &amp; Life Sciences</em> market research company in <!-- -->Qatar
/healthcare-market-research/services/kol-mapping,https://www.bionixus.com/healthcare-market-research/services/kol-mapping,200,2069,false,kol mapping Healthcare Research Service | BioNixus,Kol mapping research service
/healthcare-market-research/therapy/cardiology,https://www.bionixus.com/healthcare-market-research/therapy/cardiology,200,2069,false,Cardiology Market Research | BioNixus,Cardiology market research
/kuwait-medtech-market-research,https://www.bionixus.com/kuwait-medtech-market-research,200,2069,false,MedTech Market Research in Kuwait 2026 | BioNixus,<em>MedTech &amp; Medical Devices</em> market research company in <!-- -->Kuwait
/market-research-saudi-arabia-pharmaceutical,https://www.bionixus.com/market-research-saudi-arabia-pharmaceutical,200,2069,false,Pharma Market Research Company Saudi Arabia | BioNixus,Pharma Market Research Company in Saudi Arabia
/insights/top-market-research-companies-ghana-2026,https://www.bionixus.com/insights/top-market-research-companies-ghana-2026,200,2072,false,Top Market Research Companies in Ghana 2026 | BioNixus,Best Market Research Companies in Ghana (2026 Guide)
/saudi-arabia-next-generation-sequencing-market,https://www.bionixus.com/saudi-arabia-next-generation-sequencing-market,200,2072,false,Saudi Arabia Next Generation Sequencing Market | BioNixus,"Saudi Arabia Next Generation Sequencing Market: Capability, Adoption and Access Research"
/healthcare-market-research/services/quantitative-research,https://www.bionixus.com/healthcare-market-research/services/quantitative-research,200,2073,false,quantitative research Healthcare Research Service | BioNixus,Quantitative research research service
/healthcare-market-research/therapy/aesthetic-medicine,https://www.bionixus.com/healthcare-market-research/therapy/aesthetic-medicine,200,2076,false,Aesthetic Medicine Market Research | BioNixus,Aesthetic medicine market research
/oman-biotech-market-research,https://www.bionixus.com/oman-biotech-market-research,200,2077,false,Biotech Market Research in Oman 2026 | BioNixus,<em>Biotech &amp; Life Sciences</em> market research company in <!-- -->Oman
/saudi-arabia-biomarkers-market,https://www.bionixus.com/saudi-arabia-biomarkers-market,200,2077,false,Saudi Arabia Biomarkers Market Research Services | BioNixus,"Saudi Arabia Biomarkers Market: Adoption, Infrastructure and Evidence Research"
/healthcare-market-research/therapy/respiratory,https://www.bionixus.com/healthcare-market-research/therapy/respiratory,200,2078,false,Respiratory Market Research | BioNixus,Respiratory market research
/qatar-personalized-medicine-market,https://www.bionixus.com/qatar-personalized-medicine-market,200,2079,false,Qatar Personalized Medicine Market: Genomics & Access,"Qatar Personalized Medicine Market: Genomics, Precision Oncology &amp; Access Intelligence"
/saudi-arabia-plasma-fractionation-market,https://www.bionixus.com/saudi-arabia-plasma-fractionation-market,200,2080,false,Saudi Arabia Plasma Fractionation Market Research | BioNixus,Saudi Arabia Plasma Fractionation Market: Demand and Supply Research
/healthcare-market-research/spain,https://www.bionixus.com/healthcare-market-research/spain,200,2082,false,Healthcare Market Research Spain | AEMPS Fieldwor | BioNixus,Pharmaceutical Market Research in Spain
/insights/top-market-research-companies-south-korea-2026,https://www.bionixus.com/insights/top-market-research-companies-south-korea-2026,200,2082,false,Top Market Research Companies in South Korea 2026 | BioNixus,Top Market Research Companies in South Korea (2026 Guide)
/healthcare-market-research/france,https://www.bionixus.com/healthcare-market-research/france,200,2083,false,Healthcare Market Research France | HAS & ANSM | BioNixus,Pharmaceutical Market Research in France
/pharmaceutical-market-research-oman,https://www.bionixus.com/pharmaceutical-market-research-oman,200,2083,false,Pharmaceutical Market Research Company in Oman | BioNixus,Healthcare &amp; Pharmaceutical Market Research Company in Oman
/oman-medtech-market-research,https://www.bionixus.com/oman-medtech-market-research,200,2084,false,MedTech Market Research in Oman 2026 | BioNixus,<em>MedTech &amp; Medical Devices</em> market research company in <!-- -->Oman
/insights/top-market-research-companies-new-zealand-2026,https://www.bionixus.com/insights/top-market-research-companies-new-zealand-2026,200,2087,false,Top Market Research Companies in New Zealand 2026 | BioNixus,Top Market Research Companies in New Zealand (2026 Guide)
/egypt-healthcare-market-report,https://www.bionixus.com/egypt-healthcare-market-report,200,2091,false,"Egypt Healthcare Market 2026: Size, UHI Rollout & Forecast","Egypt Healthcare Market Report 2026: Pharmaceutical Intelligence, UHI Access, and EDA Registration"
/es/services,https://www.bionixus.com/es/services,200,2092,false,Investigación de mercado farmacéutico en España | BioNixus,Investigación de mercado farmacéutico y sanitario para España y Europa
/healthcare-market-research/germany,https://www.bionixus.com/healthcare-market-research/germany,200,2092,false,Healthcare Market Research Germany | AMNOG & G-BA | BioNixus,Pharmaceutical Market Research in Germany
/healthcare-market-research/services/physician-insights,https://www.bionixus.com/healthcare-market-research/services/physician-insights,200,2092,false,physician insights Healthcare Research Service | BioNixus,Physician insights research service
/saudi-arabia-genetic-testing-market,https://www.bionixus.com/saudi-arabia-genetic-testing-market,200,2093,false,Saudi Arabia Genetic Testing Market Research | BioNixus,"Saudi Arabia Genetic Testing Market: Screening, Rare Disease and Access Research"
/italy-medtech-market-research,https://www.bionixus.com/italy-medtech-market-research,200,2098,false,MedTech Market Research Company in Italy (2026) | AIFA / EU,MedTech &amp; Medical Devices Market Research Company in Italy
/qatar-medtech-market-research,https://www.bionixus.com/qatar-medtech-market-research,200,2098,false,MedTech Market Research in Qatar 2026 | BioNixus,<em>MedTech &amp; Medical Devices</em> market research company in <!-- -->Qatar
/saudi-arabia-cancer-immunotherapy-market,https://www.bionixus.com/saudi-arabia-cancer-immunotherapy-market,200,2103,false,Saudi Arabia Cancer Immunotherapy Market Research | BioNixus,Saudi Arabia Cancer Immunotherapy Market: Access and Prescribing Research
/insights/top-market-research-companies-ethiopia-2026,https://www.bionixus.com/insights/top-market-research-companies-ethiopia-2026,200,2106,false,Top Market Research Companies in Ethiopia 2026 | BioNixus,Best Market Research Companies in Ethiopia (2026 Guide)
/saudi-arabia-biocatalyst-market,https://www.bionixus.com/saudi-arabia-biocatalyst-market,200,2112,false,Saudi Arabia Biocatalyst Market Research | BioNixus,Saudi Arabia Biocatalyst Market: Enzyme Adoption and Process Research
/saudi-arabia-biotech-market-research,https://www.bionixus.com/saudi-arabia-biotech-market-research,200,2112,false,Biotech Market Research in Saudi Arabia 2026 | BioNixus,<em>Biotech &amp; Life Sciences</em> market research company in <!-- -->Saudi Arabia
/biosimilar-market-entry-saudi-arabia,https://www.bionixus.com/biosimilar-market-entry-saudi-arabia,200,2113,false,"Saudi Arabia Biosimilar Market 2026: Size, SFDA &amp; Entry","Saudi Arabia Biosimilar Market 2026: Size, SFDA Pathway and Entry Strategy"
/healthcare-market-research/algeria,https://www.bionixus.com/healthcare-market-research/algeria,200,2114,false,Healthcare Market Research in Algeria | BioNixus,Pharmaceutical Market Research in Algeria
/healthcare-market-research/iraq,https://www.bionixus.com/healthcare-market-research/iraq,200,2114,false,Healthcare Market Research in Iraq | BioNixus,Pharmaceutical Market Research in Iraq
/healthcare-market-research/jordan,https://www.bionixus.com/healthcare-market-research/jordan,200,2114,false,Healthcare Market Research in Jordan | BioNixus,Pharmaceutical Market Research in Jordan
/healthcare-market-research/lebanon,https://www.bionixus.com/healthcare-market-research/lebanon,200,2114,false,Healthcare Market Research in Lebanon | BioNixus,Pharmaceutical Market Research in Lebanon
/healthcare-market-research/morocco,https://www.bionixus.com/healthcare-market-research/morocco,200,2114,false,Healthcare Market Research in Morocco | BioNixus,Pharmaceutical Market Research in Morocco
/healthcare-market-research/tunisia,https://www.bionixus.com/healthcare-market-research/tunisia,200,2114,false,Healthcare Market Research in Tunisia | BioNixus,Pharmaceutical Market Research in Tunisia
/insights/best-rare-disease-market-research-companies-2026,https://www.bionixus.com/insights/best-rare-disease-market-research-companies-2026,200,2115,false,Best Rare Disease Market Research Companies 2026 | BioNixus,Best Rare Disease Market Research Companies (2026)
/new-zealand-medtech-market-research,https://www.bionixus.com/new-zealand-medtech-market-research,200,2115,false,MedTech Market Research Company in New Zealand (2026) |...,MedTech &amp; Medical Devices Market Research Company in New Zealand
/qatar-consumer-health-market-research,https://www.bionixus.com/qatar-consumer-health-market-research,200,2115,false,Consumer Health Market Research in Qatar 2026 | BioNixus,<em>Consumer Health &amp; OTC</em> market research company in <!-- -->Qatar
/healthcare-market-research/denmark,https://www.bionixus.com/healthcare-market-research/denmark,200,2116,false,Healthcare Market Research in Denmark | BioNixus,Pharmaceutical Market Research in Denmark
/healthcare-market-research/switzerland,https://www.bionixus.com/healthcare-market-research/switzerland,200,2116,false,Healthcare Market Research in Switzerland | BioNixus,Pharmaceutical Market Research in Switzerland
/healthcare-market-research/turkey,https://www.bionixus.com/healthcare-market-research/turkey,200,2116,false,Healthcare Market Research Turkey | TITCK Fieldwo | BioNixus,Healthcare Market Research in Turkey
/saudi-arabia-cancer-biomarkers-market,https://www.bionixus.com/saudi-arabia-cancer-biomarkers-market,200,2116,false,Saudi Arabia Cancer Biomarkers Market Research | BioNixus,Saudi Arabia Cancer Biomarkers Market: Testing Pathways and Launch Research
/healthcare-market-research/australia,https://www.bionixus.com/healthcare-market-research/australia,200,2117,false,Healthcare Market Research in Australia | BioNixus,Pharmaceutical Market Research in Australia
/healthcare-market-research/china,https://www.bionixus.com/healthcare-market-research/china,200,2117,false,Healthcare Market Research in China | BioNixus,Pharmaceutical Market Research in China
/healthcare-market-research/india,https://www.bionixus.com/healthcare-market-research/india,200,2117,false,Healthcare Market Research in India | BioNixus,Pharmaceutical Market Research in India
/insights/top-market-research-companies-tanzania-2026,https://www.bionixus.com/insights/top-market-research-companies-tanzania-2026,200,2117,false,Top Market Research Companies in Tanzania 2026 | BioNixus,Best Market Research Companies in Tanzania (2026 Guide)
/oman-consumer-health-market-research,https://www.bionixus.com/oman-consumer-health-market-research,200,2117,false,Consumer Health Market Research in Oman 2026 | BioNixus,<em>Consumer Health &amp; OTC</em> market research company in <!-- -->Oman
/healthcare-market-research/sweden,https://www.bionixus.com/healthcare-market-research/sweden,200,2118,false,Healthcare Market Research in Sweden | BioNixus,Pharmaceutical Market Research in Sweden
/kuwait-consumer-health-market-research,https://www.bionixus.com/kuwait-consumer-health-market-research,200,2118,false,Consumer Health Market Research in Kuwait 2026 | BioNixus,<em>Consumer Health &amp; OTC</em> market research company in <!-- -->Kuwait
/gcc-nutraceuticals-market,https://www.bionixus.com/gcc-nutraceuticals-market,200,2119,false,GCC Nutraceuticals Market Research & Insights | BioNixus,"GCC Nutraceuticals Market: Supplements, Claims &amp; Channel Intelligence"
/healthcare-market-research/kenya,https://www.bionixus.com/healthcare-market-research/kenya,200,2119,false,Healthcare Market Research in Kenya | BioNixus,Pharmaceutical Market Research in Kenya
/healthcare-market-research/libya,https://www.bionixus.com/healthcare-market-research/libya,200,2119,false,Healthcare Market Research in Libya | BioNixus,Pharmaceutical Market Research in Libya
/healthcare-market-research/mexico,https://www.bionixus.com/healthcare-market-research/mexico,200,2119,false,Healthcare Market Research in Mexico | BioNixus,Pharmaceutical Market Research in Mexico
/healthcare-market-research/nigeria,https://www.bionixus.com/healthcare-market-research/nigeria,200,2119,false,Healthcare Market Research in Nigeria | BioNixus,Pharmaceutical Market Research in Nigeria
/fr/services,https://www.bionixus.com/fr/services,200,2120,false,Études de marché pharmaceutiques France & Europe | BioNixus,Études de marché pharmaceutiques et santé pour la France et l&#x27;Europe
/south-korea-medtech-market-research,https://www.bionixus.com/south-korea-medtech-market-research,200,2120,false,MedTech Market Research Company in South Korea (2026) | MFD,MedTech &amp; Medical Devices Market Research Company in South Korea
/bionixus-market-research-middle-east,https://www.bionixus.com/bionixus-market-research-middle-east,200,2123,false,Middle East Pharmaceutical Market Research | BioNixus,Middle East Pharmaceutical Market Research That Moves GCC Launch Decisions Faster
/ar/market-research-saudi,https://www.bionixus.com/ar/market-research-saudi,200,2126,false,أبحاث السوق السعودية | BioNixus,أبحاث السوق في السعودية
/saudi-arabia-in-vitro-diagnostics-market,https://www.bionixus.com/saudi-arabia-in-vitro-diagnostics-market,200,2127,false,Saudi Arabia In-Vitro Diagnostics (IVD) Market | BioNixus,"Saudi Arabia In-Vitro Diagnostics (IVD) Market: Registration, Tender and Channel Research"
/middle-east-in-vitro-diagnostics-market,https://www.bionixus.com/middle-east-in-vitro-diagnostics-market,200,2129,false,Middle East In Vitro Diagnostics Market Research | BioNixus,Middle East In Vitro Diagnostics Market: Laboratory &amp; Tender Intelligence
/singapore-medtech-market-research,https://www.bionixus.com/singapore-medtech-market-research,200,2129,false,MedTech Market Research Company in Singapore (2026) | HSA...,MedTech &amp; Medical Devices Market Research Company in Singapore
/china-medtech-market-research,https://www.bionixus.com/china-medtech-market-research,200,2131,false,MedTech Market Research Company in China (2026) | NMPA...,MedTech &amp; Medical Devices Market Research Company in China
/middle-east-biologics-market,https://www.bionixus.com/middle-east-biologics-market,200,2132,false,Middle East Biologics Market Research & Access | BioNixus,"Middle East Biologics Market: Access, Biosimilars &amp; Prescriber Intelligence"
/saudi-arabia-medical-devices-market-report,https://www.bionixus.com/saudi-arabia-medical-devices-market-report,200,2135,false,Saudi Arabia Medical Devices Market 2026 | SFDA & Vision 2030,Saudi Arabia Medical Devices Market Report 2026: Hospital Consumption and Commercial Intelligence
/healthcare-market-research/therapy/oncology,https://www.bionixus.com/healthcare-market-research/therapy/oncology,200,2136,false,Oncology Market Research | BioNixus,Oncology market research
/healthcare-market-research/brazil,https://www.bionixus.com/healthcare-market-research/brazil,200,2138,false,Healthcare Market Research in Brazil | BioNixus,Pharmaceutical Market Research in Brazil
/healthcare-market-research/italy,https://www.bionixus.com/healthcare-market-research/italy,200,2139,false,Healthcare Market Research in Italy | BioNixus,Pharmaceutical Market Research in Italy
/pharmaceutical-market-research-kuwait,https://www.bionixus.com/pharmaceutical-market-research-kuwait,200,2139,false,Pharmaceutical Market Research Company in Kuwait | BioNixus,Pharmaceutical Market Research Company in Kuwait
/saudi-arabia-diagnostic-testing-market,https://www.bionixus.com/saudi-arabia-diagnostic-testing-market,200,2145,false,Saudi Arabia Diagnostic Testing Market Research | BioNixus,"Saudi Arabia Diagnostic Testing Market: Demand, Pathways and Payer Research"
/market-research-bahrain,https://www.bionixus.com/market-research-bahrain,200,2146,false,Market Research Bahrain | Pharma & Healthcare | BioNixus,Market Research in Bahrain
/es/insights/top-empresas-investigacion-mercado-salud-argentina-2026,https://www.bionixus.com/es/insights/top-empresas-investigacion-mercado-salud-argentina-2026,200,2147,false,Argentina: Investigación de Mercado en Salud 2026 | BioNixus,5 Mejores Empresas de Investigación de Mercado en Salud en Argentina (2026)
/saudi-arabia-api-market,https://www.bionixus.com/saudi-arabia-api-market,200,2147,false,Saudi Arabia API Market Research | BioNixus,Saudi Arabia API Market: Active Pharmaceutical Ingredient Research
/france-medtech-market-research,https://www.bionixus.com/france-medtech-market-research,200,2148,false,MedTech Market Research Company in France (2026) | ANSM...,MedTech &amp; Medical Devices Market Research Company in France
/gcc-obesity-market,https://www.bionixus.com/gcc-obesity-market,200,2151,false,GCC Obesity Market Research — GLP-1 & Bariatric | BioNixus,"GCC Obesity Market: GLP-1 Access, Bariatric Care &amp; Payer Intelligence"
/market-research-in-uae,https://www.bionixus.com/market-research-in-uae,200,2151,false,Research Companies in UAE | Market Research | BioNixus,Market Research Company in the UAE
/market-research-oman,https://www.bionixus.com/market-research-oman,200,2151,false,Market Research Oman | Pharma & Healthcare | BioNixus,Market Research in Oman
/pharmaceutical-market-research-dubai,https://www.bionixus.com/pharmaceutical-market-research-dubai,200,2151,false,Healthcare Market Research Dubai | Pharma Fieldwork UAE | BioNixus,Pharmaceutical Market Research Companies in Dubai — BioNixus UAE
/gcc-intravenous-solutions-market,https://www.bionixus.com/gcc-intravenous-solutions-market,200,2152,false,GCC Intravenous Solutions Market Research | BioNixus,"GCC Intravenous Solutions Market: Tender, Supply &amp; Manufacturing Intelligence"
/market-research-kuwait,https://www.bionixus.com/market-research-kuwait,200,2153,false,Market Research Kuwait | Pharma & Healthcare | BioNixus,Market Research Kuwait
/saudi-arabia-home-diagnostic-testing-market,https://www.bionixus.com/saudi-arabia-home-diagnostic-testing-market,200,2153,false,Saudi Arabia Home Diagnostic Testing Market | BioNixus,"Saudi Arabia Home Diagnostic Testing Market: Consumer, Channel and Regulatory Research"
/saudi-arabia-molecular-diagnostics-market,https://www.bionixus.com/saudi-arabia-molecular-diagnostics-market,200,2153,false,Saudi Arabia Molecular Diagnostics Market | BioNixus,Saudi Arabia Molecular Diagnostics Market: Assay Adoption and Commercial Research
/saudi-arabia-consumer-health-market-research,https://www.bionixus.com/saudi-arabia-consumer-health-market-research,200,2156,false,Consumer Health Market Research in Saudi Arabia 2 | BioNixus,<em>Consumer Health &amp; OTC</em> market research company in <!-- -->Saudi Arabia
/gcc-medical-tourism-market,https://www.bionixus.com/gcc-medical-tourism-market,200,2157,false,GCC Medical Tourism Market Research | BioNixus,GCC Medical Tourism Market: Inbound &amp; Outbound Patient Flow Intelligence
/healthcare-market-research/canada,https://www.bionixus.com/healthcare-market-research/canada,200,2157,false,Healthcare Market Research in Canada | BioNixus,Pharmaceutical Market Research in Canada
/market-research-qatar,https://www.bionixus.com/market-research-qatar,200,2157,false,Market Research Qatar | Pharma & Healthcare | BioNixus,Market Research in Qatar
/healthcare-market-research/south-korea,https://www.bionixus.com/healthcare-market-research/south-korea,200,2165,false,Healthcare Market Research in South Korea | BioNixus,Pharmaceutical Market Research in South Korea
/insights/top-market-research-companies-italy-2026,https://www.bionixus.com/insights/top-market-research-companies-italy-2026,200,2165,false,Top Market Research Companies in Italy 2026 | BioNixus Rank,Top Market Research Companies in Italy (2026 Guide)
/healthcare-market-research/south-africa,https://www.bionixus.com/healthcare-market-research/south-africa,200,2167,false,Healthcare Market Research in South Africa | BioNixus,Pharmaceutical Market Research in South Africa
/saudi-arabia-medtech-market-research,https://www.bionixus.com/saudi-arabia-medtech-market-research,200,2168,false,MedTech Market Research in Saudi Arabia 2026 | BioNixus,<em>MedTech &amp; Medical Devices</em> market research company in <!-- -->Saudi Arabia
/insights/top-healthcare-market-research-companies-colombia-2026,https://www.bionixus.com/insights/top-healthcare-market-research-companies-colombia-2026,200,2170,false,5 Best Healthcare Market Research Firms in Colombia (2026),Best Healthcare Market Research Companies in Colombia (2026 Guide)
/market-research-egypt,https://www.bionixus.com/market-research-egypt,200,2171,false,Market Research Egypt | Pharma & Healthcare | BioNixus,Market Research Egypt
/healthcare-market-research/bahrain,https://www.bionixus.com/healthcare-market-research/bahrain,200,2172,false,Healthcare Market Research Bahrain | NHRA Fieldwo | BioNixus,Healthcare Market Research in Bahrain
/saudi-arabia-cell-therapy-market,https://www.bionixus.com/saudi-arabia-cell-therapy-market,200,2173,false,Saudi Arabia Cell Therapy Market Research | BioNixus,"Saudi Arabia Cell Therapy Market: Capability, Access and Demand Research"
/ar/services,https://www.bionixus.com/ar/services,200,2174,false,أبحاث السوق الدوائية في السعودية والخليج | BioNixus,أبحاث السوق الدوائية والصحية للسعودية ودول الخليج
/insights/top-market-research-companies-angola-2026,https://www.bionixus.com/insights/top-market-research-companies-angola-2026,200,2174,false,5 Best Market Research Companies in Angola (2026 Ranked),Best Market Research Companies in Angola (2026 Guide)
/insights/top-market-research-companies-uganda-2026,https://www.bionixus.com/insights/top-market-research-companies-uganda-2026,200,2174,false,Top Market Research Companies in Uganda 2026 | BioNixus,Best Market Research Companies in Uganda (2026 Guide)
/middle-east-biomarkers-market,https://www.bionixus.com/middle-east-biomarkers-market,200,2174,false,Middle East Biomarkers Market Research & Insights | BioNixus,Middle East Biomarkers Market: Testing Adoption &amp; Access Intelligence
/ar/market-research-ksa,https://www.bionixus.com/ar/market-research-ksa,200,2177,false,أبحاث السوق في المملكة العربية السعودية (KSA) | BioNixus,أبحاث السوق في السعودية (KSA)
/insights/top-healthcare-market-research-companies-mexico-2026,https://www.bionixus.com/insights/top-healthcare-market-research-companies-mexico-2026,200,2179,false,Top Healthcare Market Research Companies in Mexic | BioNixus,Best Healthcare Market Research Companies in Mexico (2026 Guide)
/nielsen-alternative,https://www.bionixus.com/nielsen-alternative,200,2180,false,Nielsen Competitors: NielsenIQ Alternatives Compared (2026),Nielsen Alternatives &amp; Competitors Built for How Brands Really Sell
/services/qualitative-research,https://www.bionixus.com/services/qualitative-research,200,2182,false,Qualitative Pharma Research | KOL Interviews EMEA — BioNixus,Qualitative Pharmaceutical Research &amp; Expert Insights
/services,https://www.bionixus.com/services,200,2183,false,"Market Research Services | Pharma, Healthcare & B | BioNixus","Market research services for pharma, healthcare, and commercial industries"
/insights/top-healthcare-market-research-companies-brazil-2026,https://www.bionixus.com/insights/top-healthcare-market-research-companies-brazil-2026,200,2188,false,Healthcare Market Research Companies Brazil 2026 | BioNixus,Healthcare Market Research Companies Brazil (2026)
/ru,https://www.bionixus.com/ru,200,2189,false,BioNixus | Маркетинговые исследования Pharma и Healthcare,"Исследования, формирующие<!-- --> <em class=""font-medium not-italic text-transparent bg-clip-text bg-gradient-to-br from-[#C9A84C] to-[#E4CC7A]"">вашу стратегию</em>"
/services/clinical-trial-support,https://www.bionixus.com/services/clinical-trial-support,200,2190,false,Clinical Trial Support | Site Identification EMEA — BioNixus,Clinical Trial Support
/healthcare-market-research/oman,https://www.bionixus.com/healthcare-market-research/oman,200,2192,false,Healthcare Market Research Oman | MOH Fieldwork | BioNixus,Healthcare Market Research in Oman
/pt/services,https://www.bionixus.com/pt/services,200,2194,false,Pesquisa de Mercado Farmacêutico no Brasil e LATA | BioNixus,Pesquisa de mercado farmacêutico e de saúde para o Brasil e a América Latina
/insights/top-market-research-companies-riyadh-2026,https://www.bionixus.com/insights/top-market-research-companies-riyadh-2026,200,2195,false,6 Best Market Research Companies in Riyadh (2026) | BioNixus,6 Best Market Research Companies in Riyadh (2026 Rankings)
/insights/top-market-research-companies-dubai-2026,https://www.bionixus.com/insights/top-market-research-companies-dubai-2026,200,2196,false,6 Best Market Research Companies in Dubai (2026) | Ranked Guide,6 Best Market Research Companies in Dubai (2026 Rankings)
/saudi-arabia-precision-medicine-market,https://www.bionixus.com/saudi-arabia-precision-medicine-market,200,2196,false,Saudi Arabia Precision Medicine Market Research | BioNixus,"Saudi Arabia Precision Medicine Market: Testing, Access and Adoption Research"
/gcc-tablet-market,https://www.bionixus.com/gcc-tablet-market,200,2198,false,GCC Tablet Market Research — Oral Solid Dose | BioNixus,GCC Tablet Market: Oral Solid Dose Manufacturing &amp; Supply Intelligence
/saudi-arabia-regenerative-medicine-market,https://www.bionixus.com/saudi-arabia-regenerative-medicine-market,200,2198,false,Saudi Arabia Regenerative Medicine Market | BioNixus,Saudi Arabia Regenerative Medicine Market: Adoption and Access Research
/healthcare-market-research/dubai,https://www.bionixus.com/healthcare-market-research/dubai,200,2201,false,Healthcare Market Research Dubai | BioNixus,Pharmaceutical Market Research in Dubai
/insights/top-market-research-companies-south-africa-2026,https://www.bionixus.com/insights/top-market-research-companies-south-africa-2026,200,2202,false,Top Market Research Companies in South Africa 202 | BioNixus,Best Market Research Companies in South Africa (2026 Guide)
/services/competitive-intelligence,https://www.bionixus.com/services/competitive-intelligence,200,2202,false,Pharma Competitive Intelligence Services (2026) | BioNixus,Pharmaceutical Competitive Intelligence
/japan-medtech-market-research,https://www.bionixus.com/japan-medtech-market-research,200,2204,false,MedTech Market Research Company in Japan (2026) | PMDA...,MedTech &amp; Medical Devices Market Research Company in Japan
/saudi-arabia-pharmaceutical-packaging-market,https://www.bionixus.com/saudi-arabia-pharmaceutical-packaging-market,200,2204,false,Saudi Arabia Pharmaceutical Packaging Market | BioNixus,Saudi Arabia Pharmaceutical Packaging Market: Supply Chain and Compliance Research
/germany-medtech-market-research,https://www.bionixus.com/germany-medtech-market-research,200,2209,false,MedTech Market Research Company in Germany (2026) | BfArM /,MedTech &amp; Medical Devices Market Research Company in Germany
/healthcare-market-research/qatar,https://www.bionixus.com/healthcare-market-research/qatar,200,2212,false,Healthcare Market Research Qatar | MOPH Fieldwork | BioNixus,Healthcare Market Research in Qatar
/healthcare-market-research/jeddah,https://www.bionixus.com/healthcare-market-research/jeddah,200,2217,false,Healthcare Market Research in Jeddah | BioNixus,Pharmaceutical Market Research in Jeddah
/skyrizi-tops-julys-pharma-rankings-and-what-it-means-for-omnichannel-engagement,https://www.bionixus.com/skyrizi-tops-julys-pharma-rankings-and-what-it-means-for-omnichannel-engagement,200,2217,false,Skyrizi July Rankings: Omnichannel Lessons | BioNixus,Skyrizi Tops July&#x27;s Pharma Rankings — and What It Means for Omnichannel Engagement
/healthcare-market-research/therapy/rare-diseases,https://www.bionixus.com/healthcare-market-research/therapy/rare-diseases,200,2220,false,Rare Disease & Orphan Drug Market Research | BioNixus,Rare disease market research
/gcc-biopharmaceuticals-market,https://www.bionixus.com/gcc-biopharmaceuticals-market,200,2221,false,GCC Biopharmaceuticals Market — Biologics | BioNixus,GCC Biopharmaceuticals Market: Biologics &amp; Localization Intelligence
/market-research,https://www.bionixus.com/market-research,200,2222,false,Market Research Services Hub | BioNixus,"Market research for <em>healthcare, pharma &amp; industry</em>"
/insights/top-market-research-companies-abu-dhabi-2026,https://www.bionixus.com/insights/top-market-research-companies-abu-dhabi-2026,200,2230,false,6 Best Market Research Companies in Abu Dhabi (20 | BioNixus,6 Best Market Research Companies in Abu Dhabi (2026 Rankings)
/healthcare-market-research/riyadh,https://www.bionixus.com/healthcare-market-research/riyadh,200,2231,false,Healthcare Market Research in Riyadh | BioNixus,Pharmaceutical Market Research in Riyadh
/saudi-arabia-skincare-market,https://www.bionixus.com/saudi-arabia-skincare-market,200,2232,false,Saudi Arabia Skincare Market Research & Insights | BioNixus,"Saudi Arabia Skincare Market: Consumer, Shopper, and Dermocosmetic Research"
/usa-healthcare-market-report,https://www.bionixus.com/usa-healthcare-market-report,200,2232,false,USA Healthcare Market Research Report 2026 | BioNixus,"USA Healthcare Market Report 2026: FDA Approval, Medicare IRA Negotiations, and Commercial Market Intelligence"
/egypt-financial-services-market-research,https://www.bionixus.com/egypt-financial-services-market-research,200,2234,false,Financial Services Market Research in Egypt 2026 | BioNixus,<em>Financial Services &amp; Banking</em> market research company in <!-- -->Egypt
/gcc-pharmacy-market,https://www.bionixus.com/gcc-pharmacy-market,200,2237,false,"GCC Pharmacy Market Research — Retail, E-Pharmacy | BioNixus","GCC Pharmacy Market: Retail, E-Pharmacy &amp; Community Intelligence"
/insights/top-market-research-companies-nigeria-2026,https://www.bionixus.com/insights/top-market-research-companies-nigeria-2026,200,2239,false,Top Market Research Companies in Nigeria 2026 | BioNixus,Best Market Research Companies in Nigeria (2026 Guide)
/healthcare-market-research/abu-dhabi,https://www.bionixus.com/healthcare-market-research/abu-dhabi,200,2242,false,Healthcare Market Research in Abu Dhabi | BioNixus,Pharmaceutical Market Research in Abu Dhabi
/gcc-personalized-medicine-market,https://www.bionixus.com/gcc-personalized-medicine-market,200,2244,false,GCC Personalized Medicine Market — Genomics | BioNixus,GCC Personalized Medicine Market: Genomics &amp; Precision Intelligence
/gcc-clinical-trials-market,https://www.bionixus.com/gcc-clinical-trials-market,200,2246,false,GCC Clinical Trials Market — Site Feasibility | BioNixus,GCC Clinical Trials Market: Feasibility &amp; Landscape Intelligence
/market-research-saudi,https://www.bionixus.com/market-research-saudi,200,2247,false,Market Research Saudi | Pharma & Healthcare | BioNixus,Market Research Saudi
/insights/top-healthcare-market-research-companies-chile-2026,https://www.bionixus.com/insights/top-healthcare-market-research-companies-chile-2026,200,2257,false,Top Healthcare Market Research Companies in Chile | BioNixus,Best Healthcare Market Research Companies in Chile (2026 Guide)
/kuwait-obesity-market,https://www.bionixus.com/kuwait-obesity-market,200,2260,false,Kuwait Obesity Market Insights: Access & Demand | BioNixus,"Kuwait Obesity Market Insights: Access, Procurement, and Patient Pathways"
/gcc-generic-injectables-market,https://www.bionixus.com/gcc-generic-injectables-market,200,2263,false,GCC Generic Injectables Market Research & Intelli | BioNixus,GCC Generic Injectables Market: Research &amp; Commercial Intelligence
/saudi-arabia-plasma-fractional-laser-market,https://www.bionixus.com/saudi-arabia-plasma-fractional-laser-market,200,2263,false,Saudi Arabia Plasma Fractional Laser Market | BioNixus,Saudi Arabia Plasma Fractional Laser Market: Device Demand and Clinic Purchasing Research
/bionixus-uae-oncology-insights,https://www.bionixus.com/bionixus-uae-oncology-insights,200,2264,false,BioNixus UAE Oncology Insights & Research,"BioNixus UAE Oncology Insights: Programmes, Payer Pathways, and Evidence"
/insights/top-market-research-companies-france-2026,https://www.bionixus.com/insights/top-market-research-companies-france-2026,200,2272,false,Top Market Research Companies in France 2026 | BioNixus Ran,Top Market Research Companies in France (2026 Guide)
/saudi-arabia-home-infusion-therapy-market,https://www.bionixus.com/saudi-arabia-home-infusion-therapy-market,200,2273,false,Saudi Arabia Home Infusion Therapy Market | BioNixus,"Saudi Arabia Home Infusion Therapy Market: Provider, Payer, and Clinical Research"
/saudi-arabia-healthcare-market-research,https://www.bionixus.com/saudi-arabia-healthcare-market-research,200,2278,false,Healthcare Market Research in Saudi Arabia 2026 | BioNixus,<em>Healthcare Providers &amp; Hospitals</em> market research company in <!-- -->Saudi Arabia
/saudi-arabia-biotechnology-market,https://www.bionixus.com/saudi-arabia-biotechnology-market,200,2280,false,Saudi Arabia Biotechnology Market Research | BioNixus,Saudi Arabia Biotechnology Market: Primary Research and Entry Intelligence
/australia-medtech-market-research,https://www.bionixus.com/australia-medtech-market-research,200,2281,false,MedTech Market Research Company in Australia (2026) | TGA...,MedTech &amp; Medical Devices Market Research Company in Australia
/healthcare-market-research/therapy/biosimilars,https://www.bionixus.com/healthcare-market-research/therapy/biosimilars,200,2281,false,Biosimilars Market Research | BioNixus,Biosimilars market research
/saudi-arabia-aesthetics-market,https://www.bionixus.com/saudi-arabia-aesthetics-market,200,2281,false,Saudi Arabia Aesthetics Market Research Study | BioNixus,"Saudi Arabia Aesthetics Market: Clinic, Consumer, and Device Research"
/insights/top-pharma-market-research-companies-middle-east-2026,https://www.bionixus.com/insights/top-pharma-market-research-companies-middle-east-2026,200,2288,false,Top Pharma Market Research Companies Middle East 2026 | Ranked,Top Pharma Market Research Companies in the Middle East (2026 Guide)
/uae-healthcare-market-research,https://www.bionixus.com/uae-healthcare-market-research,200,2290,false,Healthcare Market Research in UAE 2026 | BioNixus,<em>Healthcare Providers &amp; Hospitals</em> market research company in <!-- -->UAE
/healthcare-market-research/therapy/biologics,https://www.bionixus.com/healthcare-market-research/therapy/biologics,200,2291,false,Biologics Market Research Services for Pharma | BioNixus,Biologics market research services
/turkey-medical-tourism-market,https://www.bionixus.com/turkey-medical-tourism-market,200,2291,false,Turkey Medical Tourism Market Research & Data | BioNixus,"Turkey Medical Tourism Market: Research, Demand, and Competitive Position"
/ar/market-research-uae,https://www.bionixus.com/ar/market-research-uae,200,2293,false,أبحاث السوق في الإمارات العربية المتحدة | BioNixus,أبحاث السوق في الإمارات العربية المتحدة
/insights/top-market-research-companies-egypt-2026,https://www.bionixus.com/insights/top-market-research-companies-egypt-2026,200,2298,false,Best Market Research Companies in Egypt (2026) | Ranked,4 Best Market Research Companies in Egypt (2026 Rankings)
/china-healthcare-market-report,https://www.bionixus.com/china-healthcare-market-report,200,2300,false,China Healthcare Market Report 2026 | BioNixus,"China Healthcare Market Report 2026: NMPA Approval, NRDL Reimbursement, and VBP Commercial Intelligence"
/bionixus-saudi-arabia-oncology-insights,https://www.bionixus.com/bionixus-saudi-arabia-oncology-insights,200,2304,false,BioNixus Saudi Arabia Oncology Insights & Research,"BioNixus Saudi Arabia Oncology Insights: Programmes, Evidence, and Access Research"
/pharmaceutical-companies-bahrain,https://www.bionixus.com/pharmaceutical-companies-bahrain,200,2307,false,Top 16 Pharmaceutical Companies in Bahrain (2026 Ranked),Pharmaceutical Companies in Bahrain
/egypt-medical-tourism-market,https://www.bionixus.com/egypt-medical-tourism-market,200,2308,false,Egypt Medical Tourism Market Research & Insights | BioNixus,"Egypt Medical Tourism Market: Research, Demand, and Provider Strategy"
/ar/healthcare-market-research/saudi-arabia,https://www.bionixus.com/ar/healthcare-market-research/saudi-arabia,200,2309,false,أبحاث السوق الصحي في المملكة العربية السعودية | BioNixus,أبحاث السوق الصحي في المملكة العربية السعودية
/insights/top-market-research-companies-cote-divoire-2026,https://www.bionixus.com/insights/top-market-research-companies-cote-divoire-2026,200,2309,false,Top Market Research Companies in Côte d&#x27;Ivoi | BioNixus,Best Market Research Companies in Côte d&#x27;Ivoire (2026 Guide)
/insights/top-market-research-companies-gcc-2026,https://www.bionixus.com/insights/top-market-research-companies-gcc-2026,200,2325,false,Market Research Firms GCC 2026 | Top Gulf Companies,5 Best Market Research Companies in GCC (2026 Rankings)
/saudi-arabia-cardiovascular-devices-market,https://www.bionixus.com/saudi-arabia-cardiovascular-devices-market,200,2332,false,Saudi Arabia Cardiovascular Devices Market | BioNixus,Saudi Arabia Cardiovascular Devices Market: Primary Research and Commercial Intelligence
/fr/bionixus-market-research-middle-east,https://www.bionixus.com/fr/bionixus-market-research-middle-east,200,2337,false,Études Pharmaceutiques Moyen-Orient | Programmes | BioNixus,Études pharmaceutiques Moyen-Orient qui accélèrent les décisions de lancement au CCG
/saudi-arabia-diagnostic-labs-market,https://www.bionixus.com/saudi-arabia-diagnostic-labs-market,200,2339,false,Saudi Arabia Diagnostic Labs Market Research | BioNixus,"Saudi Arabia Diagnostic Labs Market: Operator, Network and Outsourcing Intelligence"
/insights/top-market-research-companies-morocco-2026,https://www.bionixus.com/insights/top-market-research-companies-morocco-2026,200,2340,false,Best Market Research Companies in Morocco (2026) | Ranked,Best Market Research Companies in Morocco (2026 Guide)
/gcc-otc-drugs-market,https://www.bionixus.com/gcc-otc-drugs-market,200,2341,false,GCC Over the Counter (OTC) Drugs Market Research | BioNixus,GCC Over the Counter (OTC) Drugs Market: Category &amp; Shopper Intelligence
/insights/top-healthcare-market-research-companies-peru-2026,https://www.bionixus.com/insights/top-healthcare-market-research-companies-peru-2026,200,2344,false,Healthcare Market Research Companies Peru 2026 | Ranked,Best Healthcare Market Research Companies in Peru (2026 Guide)
/uae-obesity-market,https://www.bionixus.com/uae-obesity-market,200,2350,false,UAE Obesity Market Insights: GLP-1 & Bariatric | BioNixus,"UAE Obesity Market Insights: Access, Prescribing, and Patient Pathways"
/insights/best-obesity-weight-management-market-research-firms-2026,https://www.bionixus.com/insights/best-obesity-weight-management-market-research-firms-2026,200,2352,false,Best Obesity Market Research Firms 2026 | GLP-1 Ranked Guide,Best Obesity &amp; Weight Management Market Research Firms (2026)
/insights/top-market-research-companies-iraq-2026,https://www.bionixus.com/insights/top-market-research-companies-iraq-2026,200,2352,false,5 Best Market Research Companies in Iraq (2026) | Ranked Guide,Best Market Research Companies in Iraq (2026 Guide)
/pharmaceutical-market-research-denmark,https://www.bionixus.com/pharmaceutical-market-research-denmark,200,2354,false,Pharmaceutical Market Research Denmark | BioNixus,Pharmaceutical Market Research Company in Denmark
/specialist-physician-panel-uae,https://www.bionixus.com/specialist-physician-panel-uae,200,2357,false,Specialist Physician Panel UAE | BioNixus,Specialist Physician Panel UAE
/insights/top-market-research-companies-china-2026,https://www.bionixus.com/insights/top-market-research-companies-china-2026,200,2358,false,Top Market Research Companies in China 2026 | BioNixus Rank,Top Market Research Companies in China (2026 Guide)
/ar/healthcare-market-research,https://www.bionixus.com/ar/healthcare-market-research,200,2364,false,أبحاث السوق الصحي | BioNixus — الشرق الأوسط والخليج,أبحاث السوق الصحي في الخليج والشرق الأوسط
/insights/top-market-research-companies-jordan-2026,https://www.bionixus.com/insights/top-market-research-companies-jordan-2026,200,2369,false,Top Market Research Companies in Jordan 2026 | BioNixus,Best Market Research Companies in Jordan (2026 Guide)
/saudi-arabia-obesity-market,https://www.bionixus.com/saudi-arabia-obesity-market,200,2372,false,GLP-1 & Obesity Market Research Saudi Arabia | BioNixus,Obesity &amp; GLP-1 Market Research in Saudi Arabia
/pharmaceutical-companies-oman,https://www.bionixus.com/pharmaceutical-companies-oman,200,2374,false,Top Pharmaceutical Companies in Oman (2026 Ranked List),Pharmaceutical Companies in Oman
/insights/top-market-research-companies-switzerland-2026,https://www.bionixus.com/insights/top-market-research-companies-switzerland-2026,200,2378,false,Top Market Research Companies in Switzerland 2026 | BioNixus,Top Market Research Companies in Switzerland (2026 Guide)
/uk-medtech-market-research,https://www.bionixus.com/uk-medtech-market-research,200,2386,false,MedTech Market Research Company in United Kingdom (2026) |.,MedTech &amp; Medical Devices Market Research Company in United Kingdom
/market-research-ksa,https://www.bionixus.com/market-research-ksa,200,2390,false,Market Research KSA | Pharma & Healthcare | BioNixus,Market Research KSA
/healthcare-market-research/united-states,https://www.bionixus.com/healthcare-market-research/united-states,200,2394,false,Healthcare Market Research in United States | BioNixus,Healthcare Market Research in the United States
/market-research-in-saudi-arabia,https://www.bionixus.com/market-research-in-saudi-arabia,200,2396,false,Market Research Company in Saudi Arabia | BioNixus,Market Research Company in Saudi Arabia
/insights/top-healthcare-market-research-companies-norway-2026,https://www.bionixus.com/insights/top-healthcare-market-research-companies-norway-2026,200,2400,false,Norway Healthcare Market Research Companies 2026 | BioNixus,Top Healthcare Market Research Companies in Norway (2026 Guide)
/insights/top-market-research-companies-ireland-2026,https://www.bionixus.com/insights/top-market-research-companies-ireland-2026,200,2401,false,Top Market Research Companies in Ireland 2026 | BioNixus,Top Market Research Companies in Ireland (2026 Guide)
/uae-healthcare-market-report,https://www.bionixus.com/uae-healthcare-market-report,200,2401,false,"UAE Healthcare Market Report 2026: Size, Pharma & Devices","UAE Healthcare Market Report 2026: Market Size, Pharmaceutical Intelligence, and Commercial Strategy"
/insights/top-market-research-companies-kenya-2026,https://www.bionixus.com/insights/top-market-research-companies-kenya-2026,200,2405,false,Top Market Research Companies in Kenya 2026 | BioNixus,Best Market Research Companies in Kenya (2026 Guide)
/saudi-arabia-healthcare-market-report,https://www.bionixus.com/saudi-arabia-healthcare-market-report,200,2409,false,Saudi Arabia Healthcare Market Report 2026 | BioNixus,"Saudi Arabia Healthcare Market Report 2026: Market Size, Pharmaceutical Intelligence, and Vision 2030 Strategy"
/insights/top-healthcare-market-research-companies-denmark-2026,https://www.bionixus.com/insights/top-healthcare-market-research-companies-denmark-2026,200,2413,false,Denmark Healthcare Market Research Companies 2026 | BioNixus,Top Healthcare Market Research Companies in Denmark (2026 Guide)
/insights/top-market-research-companies-netherlands-2026,https://www.bionixus.com/insights/top-market-research-companies-netherlands-2026,200,2417,false,Top Market Research Companies in the Netherlands | BioNixus,Top Market Research Companies in the Netherlands (2026 Guide)
/insights/leading-biologics-biosimilars-market-research-companies-2026,https://www.bionixus.com/insights/leading-biologics-biosimilars-market-research-companies-2026,200,2418,false,Biologics & Biosimilars Research Companies (2026) | BioNixus,Leading Biologics and Biosimilars Market Research Companies (2026)
/ar/blog/saudi-healthcare-market-research-firms-ar,https://www.bionixus.com/ar/blog/saudi-healthcare-market-research-firms-ar,200,2423,false,شركات أبحاث السوق الصحي السعودية 2026 | BioNixus,أبرز شركات أبحاث السوق الصحي في المملكة العربية السعودية: المشهد، معايير اختيار الشريك، وشركات يُعتد بها
/insights/top-market-research-companies-australia-2026,https://www.bionixus.com/insights/top-market-research-companies-australia-2026,200,2430,false,Top Market Research Companies in Australia 2026 | BioNixus,Top Market Research Companies in Australia (2026 Guide)
/insights/top-market-research-companies-senegal-2026,https://www.bionixus.com/insights/top-market-research-companies-senegal-2026,200,2430,false,Top Market Research Companies in Senegal 2026 | BioNixus,Best Market Research Companies in Senegal (2026 Guide)
/,https://www.bionixus.com/,200,2434,false,Account-level research for marketing teams | BioNixus,"Brand vs competitor data,<!-- --> <em class=""font-medium not-italic text-transparent bg-clip-text bg-gradient-to-br from-[#C9A84C] to-[#E4CC7A]"">down to the account and the SKU.</em>"
/insights/top-market-research-companies-canada-2026,https://www.bionixus.com/insights/top-market-research-companies-canada-2026,200,2435,false,Best Market Research Companies in Canada (2026) | Ranked,Top Market Research Companies in Canada (2026 Guide)
/insights/top-market-research-companies-turkey-2026,https://www.bionixus.com/insights/top-market-research-companies-turkey-2026,200,2435,false,Top Market Research Companies in Turkey 2026 | BioNixus Ran,Top Market Research Companies in Turkey (2026 Guide)
/pharmaceutical-market-research-netherlands,https://www.bionixus.com/pharmaceutical-market-research-netherlands,200,2435,false,Pharmaceutical Market Research Company in the | BioNixus,Pharmaceutical Market Research Company in the Netherlands
/es,https://www.bionixus.com/es,200,2437,false,BioNixus | Investigación de Mercado Pharma y Salud,"La investigación que define<!-- --> <em class=""font-medium not-italic text-transparent bg-clip-text bg-gradient-to-br from-[#C9A84C] to-[#E4CC7A]"">su estrategia</em>"
/insights/top-market-research-companies-algeria-2026,https://www.bionixus.com/insights/top-market-research-companies-algeria-2026,200,2437,false,Top Market Research Companies in Algeria 2026 | BioNixus,Best Market Research Companies in Algeria (2026 Guide)
/market-research-uae,https://www.bionixus.com/market-research-uae,200,2437,false,Market Research in UAE | Pharma & Healthcare | BioNixus,Market Research in the UAE
/diabetes-market-research-uae,https://www.bionixus.com/diabetes-market-research-uae,200,2438,false,Diabetes Market Research UAE | BioNixus,Diabetes Market Research UAE
/insights/top-market-research-companies-sweden-2026,https://www.bionixus.com/insights/top-market-research-companies-sweden-2026,200,2441,false,Best Market Research Companies in Sweden (2026) | Ranked,Top Market Research Companies in Sweden (2026 Guide)
/pt,https://www.bionixus.com/pt,200,2443,false,BioNixus | Pesquisa de Mercado Pharma e Saúde Global,"A pesquisa que molda<!-- --> <em class=""font-medium not-italic text-transparent bg-clip-text bg-gradient-to-br from-[#C9A84C] to-[#E4CC7A]"">a sua estratégia</em>"
/healthcare-market-research/therapy/immunology,https://www.bionixus.com/healthcare-market-research/therapy/immunology,200,2448,false,Immunology Research Guide: Biologics & Patient Pathways |...,Immunology market research guide
/pharmaceutical-market-research-ireland,https://www.bionixus.com/pharmaceutical-market-research-ireland,200,2449,false,Pharmaceutical Market Research Company in Ireland | BioNixus,Pharmaceutical Market Research Company in Ireland
/pharmaceutical-market-research-spain,https://www.bionixus.com/pharmaceutical-market-research-spain,200,2451,false,Pharmaceutical Market Research Spain | BioNixus,Pharmaceutical Market Research Company in Spain
/pharmaceutical-companies-dubai,https://www.bionixus.com/pharmaceutical-companies-dubai,200,2457,false,Pharmaceutical Companies in Dubai (2026): HQs & Distributors,"Pharmaceutical Companies in Dubai: Regional Headquarters, Manufacturers and Distributors"
/pharmaceutical-companies-usa,https://www.bionixus.com/pharmaceutical-companies-usa,200,2458,false,Top Pharmaceutical Companies in USA (2026 Ranked List),Pharmaceutical Companies in the USA
/pharmaceutical-market-research-switzerland,https://www.bionixus.com/pharmaceutical-market-research-switzerland,200,2458,false,Pharmaceutical Market Research Switzerland | BioNixus,Pharmaceutical Market Research Company in Switzerland
/brand-tracking-pharma-gcc,https://www.bionixus.com/brand-tracking-pharma-gcc,200,2461,false,Brand Tracking Pharma GCC | BioNixus,Brand Tracking Pharma GCC
/pharmaceutical-companies-egypt,https://www.bionixus.com/pharmaceutical-companies-egypt,200,2463,false,Top 40 Pharmaceutical Companies in Egypt (2026 Ranked List),Pharmaceutical Companies in Egypt
/pharmaceutical-product-registration-saudi-arabia,https://www.bionixus.com/pharmaceutical-product-registration-saudi-arabia,200,2464,false,SFDA Pricing Submission & Launch Readiness | Saudi Arabia,SFDA Pricing Submission and Commercial Launch Readiness in Saudi Arabia
/insights/top-market-research-companies-oman-2026,https://www.bionixus.com/insights/top-market-research-companies-oman-2026,200,2465,false,Top Market Research Companies in Oman 2026 | BioNixus,Best Market Research Companies in Oman (2026 Guide)
/pharmaceutical-market-research-sweden,https://www.bionixus.com/pharmaceutical-market-research-sweden,200,2465,false,Pharmaceutical Market Research Company in Sweden | BioNixus,Pharmaceutical Market Research Company in Sweden
/uae-in-vitro-diagnostics-devices-market,https://www.bionixus.com/uae-in-vitro-diagnostics-devices-market,200,2476,false,UAE In-Vitro Diagnostics Devices Market Research | BioNixus,UAE In-Vitro Diagnostics Devices Market: Research and Commercial Intelligence
/fr,https://www.bionixus.com/fr,200,2489,false,BioNixus | Études de Marché Pharma & Santé Mondiales,"La recherche qui façonne<!-- --> <em class=""font-medium not-italic text-transparent bg-clip-text bg-gradient-to-br from-[#C9A84C] to-[#E4CC7A]"">votre stratégie</em>"
/insights/top-healthcare-market-research-companies-belgium-2026,https://www.bionixus.com/insights/top-healthcare-market-research-companies-belgium-2026,200,2494,false,Healthcare Market Research Companies Belgium 2026 | Ranked,Best Healthcare Market Research Companies in Belgium (2026 Guide)
/pharmaceutical-market-research-south-korea,https://www.bionixus.com/pharmaceutical-market-research-south-korea,200,2498,false,Pharmaceutical Market Research South Korea | BioNixus,Pharmaceutical Market Research Company in South Korea
/oman-healthcare-market-report,https://www.bionixus.com/oman-healthcare-market-report,200,2505,false,"Oman Healthcare Market 2026: Size, Vision 2040 & Forecast","Oman Healthcare Market Report 2026: Pharmaceutical Intelligence, MOH Access, and Vision 2040 Strategy"
/insights/top-market-research-companies-poland-2026,https://www.bionixus.com/insights/top-market-research-companies-poland-2026,200,2509,false,Top Market Research Companies in Poland 2026 | BioNixus Ran,Top Market Research Companies in Poland (2026 Guide)
/insights/top-market-research-companies-spain-2026,https://www.bionixus.com/insights/top-market-research-companies-spain-2026,200,2509,false,Top Market Research Companies in Spain 2026 | BioNixus Rank,Top Market Research Companies in Spain (2026 Guide)
/insights/top-market-research-companies-tunisia-2026,https://www.bionixus.com/insights/top-market-research-companies-tunisia-2026,200,2519,false,Top Market Research Companies in Tunisia 2026 | BioNixus,Best Market Research Companies in Tunisia (2026 Guide)
/pharmaceutical-companies-qatar,https://www.bionixus.com/pharmaceutical-companies-qatar,200,2522,false,Top 18 Pharmaceutical Companies in Qatar (2026 Ranked List),Pharmaceutical Companies in Qatar
/pharmaceutical-market-research-canada,https://www.bionixus.com/pharmaceutical-market-research-canada,200,2523,false,Pharmaceutical Market Research Company in Canada | BioNixus,Pharmaceutical Market Research Company in Canada
/healthcare-market-research/egypt,https://www.bionixus.com/healthcare-market-research/egypt,200,2549,false,Healthcare Market Research in Egypt | BioNixus,Healthcare Market Research in Egypt
/insights/top-healthcare-market-research-companies-new-zealand-2026,https://www.bionixus.com/insights/top-healthcare-market-research-companies-new-zealand-2026,200,2578,false,New Zealand Healthcare Market Research Companies | BioNixus,Top Healthcare Market Research Companies in New Zealand (2026 Guide)
/usa-medtech-market-research,https://www.bionixus.com/usa-medtech-market-research,200,2589,false,MedTech Market Research Company in United States (2026) | F,MedTech &amp; Medical Devices Market Research Company in United States
/gcc-market-access-guide,https://www.bionixus.com/gcc-market-access-guide,200,2590,false,GCC Market Entry Guide 2026: Pharma & MedTech Access,"GCC market entry guide 2026 — pharmaceutical and medtech market access, registration, pricing, and reimbursement"
/pharmaceutical-market-research-france,https://www.bionixus.com/pharmaceutical-market-research-france,200,2591,false,Pharmaceutical Market Research France | BioNixus,Pharmaceutical Market Research Company in France
/insights/top-market-research-companies-kuwait-2026,https://www.bionixus.com/insights/top-market-research-companies-kuwait-2026,200,2592,false,Top Market Research Companies in Kuwait 2026 | BioNixus,Best Market Research Companies in Kuwait (2026 Guide)
/insights/top-market-research-companies-malaysia-2026,https://www.bionixus.com/insights/top-market-research-companies-malaysia-2026,200,2592,false,Top Market Research Companies in Malaysia 2026 | BioNixus,Top Market Research Companies in Malaysia (2026 Guide)
/insights/top-market-research-companies-singapore-2026,https://www.bionixus.com/insights/top-market-research-companies-singapore-2026,200,2592,false,Top Market Research Companies in Singapore 2026 | BioNixus,Top Market Research Companies in Singapore (2026 Guide)
/fr/quantitative-healthcare-market-research,https://www.bionixus.com/fr/quantitative-healthcare-market-research,200,2596,false,Recherche Quantitative en Santé | Enquêtes HCP GC | BioNixus,"Recherche Quantitative en Santé : enquêtes HCP, échantillonnage et modes CATI / CAPI / en ligne au GCC et en Europe"
/pharmaceutical-market-research-argentina,https://www.bionixus.com/pharmaceutical-market-research-argentina,200,2597,false,Pharmaceutical Market Research Company in Argenti | BioNixus,Pharmaceutical Market Research Company in Argentina
/pharmaceutical-market-research-germany,https://www.bionixus.com/pharmaceutical-market-research-germany,200,2608,false,Pharmaceutical Market Research Germany | BioNixus,Pharmaceutical Market Research Company in Germany
/insights/top-healthcare-market-research-companies-south-korea-2026,https://www.bionixus.com/insights/top-healthcare-market-research-companies-south-korea-2026,200,2611,false,South Korea Healthcare Market Research Companies | BioNixus,Top Healthcare Market Research Companies in South Korea (2026 Guide)
/pharmaceutical-market-research-turkey,https://www.bionixus.com/pharmaceutical-market-research-turkey,200,2624,false,Pharmaceutical Market Research Company in Turkey | BioNixus,Pharmaceutical Market Research Company in Turkey
/insights/top-market-research-companies-lebanon-2026,https://www.bionixus.com/insights/top-market-research-companies-lebanon-2026,200,2626,false,Best Market Research Companies in Lebanon (2026) | Ranked,Best Market Research Companies in Lebanon (2026 Guide)
/insights/top-market-research-companies-germany-2026,https://www.bionixus.com/insights/top-market-research-companies-germany-2026,200,2630,false,Top Market Research Companies in Germany 2026 | BioNixus,Top Market Research Companies in Germany (2026 Guide)
/france-medical-devices-market-report,https://www.bionixus.com/france-medical-devices-market-report,200,2637,false,France Medical Devices Market Report 2026 | BioNixus,"France Medical Devices Market Report 2026: LPP Listing, ANSM Regulation, and Hospital Procurement Intelligence"
/healthcare-market-research/uk,https://www.bionixus.com/healthcare-market-research/uk,200,2641,false,Healthcare Market Research in United Kingdom | BioNixus,Pharmaceutical Market Research in the United Kingdom
/healthcare-market-research/kuwait,https://www.bionixus.com/healthcare-market-research/kuwait,200,2646,false,Healthcare Market Research Kuwait | MOH Fieldwork | BioNixus,Pharmaceutical Market Research in Kuwait
/pharmaceutical-market-research-australia,https://www.bionixus.com/pharmaceutical-market-research-australia,200,2654,false,Pharmaceutical Market Research Company in Austral | BioNixus,Pharmaceutical Market Research Company in Australia
/bahrain-medical-devices-market-report,https://www.bionixus.com/bahrain-medical-devices-market-report,200,2657,false,Bahrain Medical Devices Market Report 2026 | BioNixus,"Bahrain Medical Devices Market Report 2026: NHRA Registration, GCC Sequential Entry, and Commercial Strategy"
/gcc-anesthesia-surgical-market-report,https://www.bionixus.com/gcc-anesthesia-surgical-market-report,200,2659,false,GCC Anesthesia & Surgical Market 2026: Size & Country Data,GCC Anesthesia and Surgical Market Report 2026: Hospital Procedure Volumes and Drug Consumption Intelligence
/pharmaceutical-market-research-italy,https://www.bionixus.com/pharmaceutical-market-research-italy,200,2662,false,Pharmaceutical Market Research Italy | BioNixus,Pharmaceutical Market Research Company in Italy
/insights/top-market-research-companies-japan-2026,https://www.bionixus.com/insights/top-market-research-companies-japan-2026,200,2664,false,Top Market Research Companies in Japan 2026 | BioNixus Rank,Top Market Research Companies in Japan (2026 Guide)
/pharmaceutical-market-research-new-zealand,https://www.bionixus.com/pharmaceutical-market-research-new-zealand,200,2666,false,Pharmaceutical Market Research New Zealand | BioNixus,Pharmaceutical Market Research Company in New Zealand
/insights/top-market-research-companies-uk-2026,https://www.bionixus.com/insights/top-market-research-companies-uk-2026,200,2670,false,Top Market Research Companies in the UK (2026),Top Market Research Companies in the UK (2026 Guide)
/qatar-medical-devices-market-report,https://www.bionixus.com/qatar-medical-devices-market-report,200,2674,false,Qatar Medical Devices Market Report 2026 | BioNixus,"Qatar Medical Devices Market Report 2026: HMC Procurement, Sidra Medicine, and Commercial Intelligence"
/es/healthcare-market-research,https://www.bionixus.com/es/healthcare-market-research,200,2687,false,Estudios de mercado farmacéutico y sanitario | Europa y MEN,"Estudios de mercado farmacéutico y sanitario para España, Europa y Oriente Medio"
/ar,https://www.bionixus.com/ar,200,2688,false,BioNixus | أبحاث سوق صحية ودوائية عالمية,"أبحاث تصنع<!-- --> <em class=""font-medium not-italic text-transparent bg-clip-text bg-gradient-to-br from-[#C9A84C] to-[#E4CC7A]"">استراتيجيتك</em>"
/pharmaceutical-market-research-singapore,https://www.bionixus.com/pharmaceutical-market-research-singapore,200,2691,false,Pharmaceutical Market Research Company in Singapo | BioNixus,Pharmaceutical Market Research Company in Singapore
/insights/top-healthcare-market-research-companies-china-2026,https://www.bionixus.com/insights/top-healthcare-market-research-companies-china-2026,200,2693,false,Top Healthcare Market Research Companies in China | BioNixus,Top Healthcare Market Research Companies in China (2026 Guide)
/pharmaceutical-market-research-malaysia,https://www.bionixus.com/pharmaceutical-market-research-malaysia,200,2707,false,Pharmaceutical Market Research Company in Malaysi | BioNixus,Pharmaceutical Market Research Company in Malaysia
/pharmaceutical-market-research-japan,https://www.bionixus.com/pharmaceutical-market-research-japan,200,2709,false,Pharmaceutical Market Research Company in Japan | BioNixus,Pharmaceutical Market Research Company in Japan
/insights/top-healthcare-market-research-companies-italy-2026,https://www.bionixus.com/insights/top-healthcare-market-research-companies-italy-2026,200,2715,false,Top Healthcare Market Research Companies in Italy | BioNixus,Top Healthcare Market Research Companies in Italy (2026 Guide)
/es/healthcare-market-research/spain,https://www.bionixus.com/es/healthcare-market-research/spain,200,2719,false,Investigación de Mercado Sanitario España | BioNixus,Investigación de Mercado en Salud en España
/insights/top-market-research-companies-usa-2026,https://www.bionixus.com/insights/top-market-research-companies-usa-2026,200,2724,false,Top Market Research Companies in the USA (2026 Gu | BioNixus,Top Market Research Companies in the USA (2026 Guide)
/insights/top-healthcare-market-research-companies-france-2026,https://www.bionixus.com/insights/top-healthcare-market-research-companies-france-2026,200,2725,false,Healthcare Market Research Companies France 2026 | BioNixus,Top Healthcare Market Research Companies in France (2026 Guide)
/insights/top-healthcare-market-research-companies-switzerland-2026,https://www.bionixus.com/insights/top-healthcare-market-research-companies-switzerland-2026,200,2732,false,Healthcare Market Research Companies Switzerland | BioNixus,Top Healthcare Market Research Companies in Switzerland (2026 Guide)
/healthcare-market-research/europe,https://www.bionixus.com/healthcare-market-research/europe,200,2733,false,Healthcare Market Research in Europe | BioNixus,Pharmaceutical Market Research Across Europe
/pharmaceutical-market-research-poland,https://www.bionixus.com/pharmaceutical-market-research-poland,200,2733,false,Pharmaceutical Market Research Company in Poland | BioNixus,Pharmaceutical Market Research Company in Poland
/insights/top-healthcare-market-research-companies-mena-2026,https://www.bionixus.com/insights/top-healthcare-market-research-companies-mena-2026,200,2745,false,Healthcare Market Research Companies MENA 2026 | BioNixus,Top Healthcare Market Research Companies in MENA (2026 Guide)
/insights/top-market-research-companies-bahrain-2026,https://www.bionixus.com/insights/top-market-research-companies-bahrain-2026,200,2745,false,Top Market Research Companies in Bahrain 2026 | BioNixus,Best Market Research Companies in Bahrain (2026 Guide)
/oman-medical-devices-market-report,https://www.bionixus.com/oman-medical-devices-market-report,200,2746,false,"Oman Medical Devices Market 2026: Size, MOH & Forecast","Oman Medical Devices Market Report 2026: MOH Registration, Royal Hospital, and Vision 2040 Commercial Intelligence"
/pharmaceutical-market-research-china,https://www.bionixus.com/pharmaceutical-market-research-china,200,2749,false,Pharmaceutical Market Research China | BioNixus,Pharmaceutical Market Research Company in China
/insights/top-healthcare-market-research-companies-jordan-2026,https://www.bionixus.com/insights/top-healthcare-market-research-companies-jordan-2026,200,2755,false,Top Healthcare Market Research Companies in Jorda | BioNixus,Best Healthcare Market Research Companies in Jordan (2026 Guide)
/insights/top-healthcare-market-research-companies-germany-2026,https://www.bionixus.com/insights/top-healthcare-market-research-companies-germany-2026,200,2771,false,Healthcare Market Research Companies Germany 2026 | BioNixus,Top Healthcare Market Research Companies in Germany (2026 Guide)
/healthcare-market-research-jordan,https://www.bionixus.com/healthcare-market-research-jordan,200,2777,false,Healthcare Market Research Jordan | JFDA-Aligned | BioNixus,Healthcare &amp; Pharmaceutical Market Research in Jordan
/pharmaceutical-companies-uae,https://www.bionixus.com/pharmaceutical-companies-uae,200,2780,false,Top 30 Pharmaceutical Companies in UAE & Dubai (2026 List),Pharmaceutical Companies in the UAE
/healthcare-market-research-oman,https://www.bionixus.com/healthcare-market-research-oman,200,2785,false,Healthcare Market Research Oman | MoH Oman & SQUH | BioNixus,Healthcare &amp; Pharmaceutical Market Research in Oman
/pharmaceutical-market-research-uk,https://www.bionixus.com/pharmaceutical-market-research-uk,200,2790,false,Pharmaceutical Market Research Company in the UK | BioNixus,Pharmaceutical Market Research Company in the UK
/fr/strategic-portfolio,https://www.bionixus.com/fr/strategic-portfolio,200,2795,false,Portefeuille Stratégique BioNixus | Recherche Pharma EMEA &,Portefeuille stratégique : recherche pharmaceutique et accès au marché à travers l&#x27;EMEA et le MENA
/insights/top-healthcare-market-research-companies-spain-2026,https://www.bionixus.com/insights/top-healthcare-market-research-companies-spain-2026,200,2801,false,Healthcare Market Research Companies Spain 2026 | BioNixus,Top Healthcare Market Research Companies in Spain (2026 Guide)
/kuwait-healthcare-market-report,https://www.bionixus.com/kuwait-healthcare-market-report,200,2805,false,"Kuwait Healthcare Market 2026: Size, MOH Spend & Forecast","Kuwait Healthcare Market Report 2026: Pharmaceutical Intelligence, Medical Devices, and Market Access"
/brazil-medical-devices-market-report,https://www.bionixus.com/brazil-medical-devices-market-report,200,2822,false,"Brazil Medical Devices Market 2026: ANVISA, Size & Forecast","Brazil Medical Devices Market Report 2026: ANVISA Regulation, SUS Procurement, and Commercial Strategy Intelligence"
/canada-medtech-market-research,https://www.bionixus.com/canada-medtech-market-research,200,2832,false,MedTech Market Research Company in Canada (2026) | Health...,MedTech &amp; Medical Devices Market Research Company in Canada
/insights/top-healthcare-market-research-companies-lebanon-2026,https://www.bionixus.com/insights/top-healthcare-market-research-companies-lebanon-2026,200,2834,false,Top Healthcare Market Research Companies in Leban | BioNixus,Best Healthcare Market Research Companies in Lebanon (2026 Guide)
/services/market-access,https://www.bionixus.com/services/market-access,200,2852,false,Market Access Consulting | HTA EMEA & GCC Pricing | BioNixus,Market Access Consulting | HTA EMEA &amp; GCC Pricing
/healthcare-market-research-qatar,https://www.bionixus.com/healthcare-market-research-qatar,200,2861,false,Healthcare Market Research Qatar | Doha & MoPH | BioNixus,Healthcare &amp; Pharmaceutical Market Research in Qatar
/real-estate-companies-uae,https://www.bionixus.com/real-estate-companies-uae,200,2864,false,Top 24 Real Estate Developers in UAE (2026 List),Top Real Estate Developers in the UAE (2026)
/italy-medical-devices-market-report,https://www.bionixus.com/italy-medical-devices-market-report,200,2890,false,Italy Medical Devices Market Report 2026 | BioNixus,"Italy Medical Devices Market Report 2026: EU MDR, BDNM Registration, and Regional Hospital Procurement Intelligence"
/uae-medical-devices-market-report,https://www.bionixus.com/uae-medical-devices-market-report,200,2890,false,UAE Medical Devices Market Report 2026 | BioNixus,"UAE Medical Devices Market Report 2026: MOHAP Registration, Dubai Hub Strategy, and Hospital Procurement Intelligence"
/services/quantitative-research,https://www.bionixus.com/services/quantitative-research,200,2892,false,Quantitative Healthcare Research | Physician Surveys EMEA,Quantitative Healthcare Research &amp; Physician Surveys
/healthcare-market-research-kuwait,https://www.bionixus.com/healthcare-market-research-kuwait,200,2894,false,Healthcare Market Research Kuwait | MOH & GPADC | BioNixus,Healthcare &amp; Pharmaceutical Market Research in Kuwait
/bahrain-healthcare-market-report,https://www.bionixus.com/bahrain-healthcare-market-report,200,2901,false,Bahrain Healthcare Market Report 2026 | BioNixus,"Bahrain Healthcare Market Report 2026: NHRA Registration, Pharmaceutical Intelligence, and GCC Market Access"
/canada-medical-devices-market-report,https://www.bionixus.com/canada-medical-devices-market-report,200,2902,false,Canada Medical Devices Market Report 2026 | BioNixus,"Canada Medical Devices Market Report 2026: Health Canada Licensing, CADTH Review, and Provincial Procurement Intelligence"
/usa-medical-devices-market-report,https://www.bionixus.com/usa-medical-devices-market-report,200,2911,false,USA Medical Devices Market Report 2026 | BioNixus Research,"USA Medical Devices Market Report 2026: FDA Approval, CMS Reimbursement, and GPO/IDN Procurement Intelligence"
/healthcare-market-research-france,https://www.bionixus.com/healthcare-market-research-france,200,2925,false,Healthcare Market Research Company in France | BioNixus,Healthcare Market Research Company in France
/commercial-effectiveness-pharma-middle-east,https://www.bionixus.com/commercial-effectiveness-pharma-middle-east,200,2933,false,Commercial Effectiveness Pharma Middle East | BioNixus,Commercial Effectiveness Pharma Middle East
/pharmaceutical-companies-saudi-arabia,https://www.bionixus.com/pharmaceutical-companies-saudi-arabia,200,2938,false,Top 20 Pharmaceutical Companies in Saudi Arabia (2026 List),Pharmaceutical Companies in Saudi Arabia
/insights/top-market-research-companies-india-2026,https://www.bionixus.com/insights/top-market-research-companies-india-2026,200,2950,false,Top Market Research Companies in India 2026 | BioNixus,Top Market Research Companies in India (2026 Guide)
/real-estate-companies-saudi-arabia,https://www.bionixus.com/real-estate-companies-saudi-arabia,200,2959,false,Top 24 Real Estate Developers in Saudi Arabia (2026 List),Top Real Estate Developers in Saudi Arabia (2026)
/spain-healthcare-market-report,https://www.bionixus.com/spain-healthcare-market-report,200,2997,false,Spain Healthcare Market Report 2026 | BioNixus,"Spain Healthcare Market Report 2026: AEMPS Market Access, SNS Reimbursement, and Regional Commercial Intelligence"
/healthcare-market-research/uae,https://www.bionixus.com/healthcare-market-research/uae,200,3011,false,"Healthcare Market Research UAE: DHA, DOH & MOHAP | BioNixus","Healthcare Market Research in the UAE: Dubai, Abu Dhabi &amp; Federal Hub"
/italy-healthcare-market-report,https://www.bionixus.com/italy-healthcare-market-report,200,3016,false,Italy Healthcare Market Report 2026 | BioNixus,"Italy Healthcare Market Report 2026: AIFA Market Access, SSN Reimbursement, and Commercial Intelligence"
/france-healthcare-market-report,https://www.bionixus.com/france-healthcare-market-report,200,3024,false,France Healthcare Market Report 2026 | BioNixus,"France Healthcare Market Report 2026: HAS Market Access, Assurance Maladie, and Commercial Intelligence"
/australia-medical-devices-market-report,https://www.bionixus.com/australia-medical-devices-market-report,200,3036,false,Australia Medical Devices Market Report 2026 | BioNixus,"Australia Medical Devices Market Report 2026: TGA Registration, Prostheses List, and MSAC Reimbursement Intelligence"
/insights/top-oncology-market-research-companies-2026,https://www.bionixus.com/insights/top-oncology-market-research-companies-2026,200,3043,false,Top Oncology Market Research Companies 2026 | BioNixus,"<span class=""h1-kicker"">Top Oncology Market Research Companies 2026</span>The patient,<br/>not the <em>pack.</em>"
/singapore-healthcare-market-report,https://www.bionixus.com/singapore-healthcare-market-report,200,3047,false,Singapore Healthcare Market Report 2026 | BioNixus,"Singapore Healthcare Market Report 2026: HSA Registration, ACE HTA, and Southeast Asia Pharma Hub Intelligence"
/real-estate-companies-egypt,https://www.bionixus.com/real-estate-companies-egypt,200,3048,false,Top 24 Real Estate Developers in Egypt (2026 List),Top Real Estate Developers in Egypt (2026)
/insights/top-healthcare-market-research-companies-turkey-2026,https://www.bionixus.com/insights/top-healthcare-market-research-companies-turkey-2026,200,3056,false,Turkey Healthcare Market Research Companies 2026 | BioNixus,Top Healthcare Market Research Companies in Turkey (2026 Guide)
/pharmaceutical-market-research-india,https://www.bionixus.com/pharmaceutical-market-research-india,200,3068,false,Pharmaceutical Market Research Company in India | BioNixus,Pharmaceutical Market Research Company in India
/insights/top-healthcare-market-research-companies-usa-2026,https://www.bionixus.com/insights/top-healthcare-market-research-companies-usa-2026,200,3129,false,Top Healthcare Market Research Companies in the USA (2026),Top healthcare market research companies in the USA
/top-pharmacies-saudi-arabia,https://www.bionixus.com/top-pharmacies-saudi-arabia,200,3137,false,Top 10 Pharmacies in Saudi Arabia 2026: Ranked by Stores,Top 10 Pharmacies in Saudi Arabia (2026): Ranked List of Pharmacy Chains
/south-korea-healthcare-market-report,https://www.bionixus.com/south-korea-healthcare-market-report,200,3165,false,South Korea Healthcare Market Report 2026 | BioNixus,"South Korea Healthcare Market Report 2026: HIRA, NHIS Reimbursement, and Biopharmaceutical Industry Intelligence"
/insights/top-pharmaceutical-market-research-companies-saudi-arabia-2026,https://www.bionixus.com/insights/top-pharmaceutical-market-research-companies-saudi-arabia-2026,200,3168,false,Top Pharmaceutical Market Research Companies in Saudi Arabi,Top Pharmaceutical Market Research Companies in Saudi Arabia (2026 Guide)
/insights/top-healthcare-market-research-companies-europe-2026,https://www.bionixus.com/insights/top-healthcare-market-research-companies-europe-2026,200,3199,false,Healthcare Market Research Companies Europe 2026 | BioNixus,Top Healthcare Market Research Companies in Europe (2026 Guide)
/insights/top-healthcare-market-research-companies-malaysia-2026,https://www.bionixus.com/insights/top-healthcare-market-research-companies-malaysia-2026,200,3201,false,Malaysia Healthcare Market Research Companies 202 | BioNixus,Top Healthcare Market Research Companies in Malaysia (2026 Guide)
/insights/top-healthcare-market-research-companies-riyadh-2026,https://www.bionixus.com/insights/top-healthcare-market-research-companies-riyadh-2026,200,3201,false,Riyadh Healthcare Market Research Firms 2026 | BioNixus,5 Best Healthcare Market Research Firms in Riyadh (2026)
/insights/top-healthcare-market-research-companies-saudi-arabia-2026,https://www.bionixus.com/insights/top-healthcare-market-research-companies-saudi-arabia-2026,200,3208,false,Healthcare Market Research Companies Saudi Arabia (2026),Healthcare Market Research Companies Saudi Arabia (2026)
/quantitative-healthcare-market-research,https://www.bionixus.com/quantitative-healthcare-market-research,200,3211,false,Quantitative Healthcare Market Research Guide 202 | BioNixus,Quantitative Healthcare Market Research Methodology Guide 2026
/insights/top-healthcare-market-research-companies-abu-dhabi-2026,https://www.bionixus.com/insights/top-healthcare-market-research-companies-abu-dhabi-2026,200,3212,false,Abu Dhabi Healthcare Market Research Firms 2026 | BioNixus,5 Best Healthcare Market Research Firms in Abu Dhabi (2026)
/insights/top-healthcare-market-research-companies-japan-2026,https://www.bionixus.com/insights/top-healthcare-market-research-companies-japan-2026,200,3233,false,Top Healthcare Market Research Companies in Japan | BioNixus,Top Healthcare Market Research Companies in Japan (2026 Guide)
/insights/top-healthcare-market-research-companies-ireland-2026,https://www.bionixus.com/insights/top-healthcare-market-research-companies-ireland-2026,200,3256,false,Ireland Healthcare Market Research Companies 2026 | BioNixus,Top Healthcare Market Research Companies in Ireland (2026 Guide)
/insights/top-healthcare-market-research-companies-poland-2026,https://www.bionixus.com/insights/top-healthcare-market-research-companies-poland-2026,200,3264,false,Healthcare Market Research Companies Poland 2026 | Ranked,Top Healthcare Market Research Companies in Poland (2026 Guide)
/ar/blog/gcc-pharmaceuticals-market-arabic-2026,https://www.bionixus.com/ar/blog/gcc-pharmaceuticals-market-arabic-2026,200,3273,false,سوق الأدوية في دول الخليج 2026 | BioNixus,سوق الأدوية في دول الخليج 2026: الحجم ومحركات النمو واستراتيجية الوصول
/insights/top-healthcare-market-research-companies-india-2026,https://www.bionixus.com/insights/top-healthcare-market-research-companies-india-2026,200,3278,false,Top Healthcare Market Research Companies in India | BioNixus,Top Healthcare Market Research Companies in India (2026 Guide)
/healthcare-market-research/therapy/vaccines,https://www.bionixus.com/healthcare-market-research/therapy/vaccines,200,3284,false,Vaccines Market Research | BioNixus,Vaccines market research
/insights/top-healthcare-market-research-companies-dubai-2026,https://www.bionixus.com/insights/top-healthcare-market-research-companies-dubai-2026,200,3288,false,Healthcare Market Research Companies Dubai 2026 | BioNixus,5 Best Healthcare Market Research Firms in Dubai (2026)
/insights/top-market-research-companies-saudi-arabia-2026,https://www.bionixus.com/insights/top-market-research-companies-saudi-arabia-2026,200,3288,false,Top Market Research Companies in Saudi Arabia (2026),Top Market Research Companies in Saudi Arabia: 2026 Ranking of KSA Research Firms and Market Analysis Firms
/qatar-healthcare-market-report,https://www.bionixus.com/qatar-healthcare-market-report,200,3294,false,Qatar Healthcare Market Report 2026 | BioNixus,"Qatar Healthcare Market Report 2026: Pharmaceutical Intelligence, HMC Access, and HTA Landscape"
/insights/top-healthcare-market-research-companies-singapore-2026,https://www.bionixus.com/insights/top-healthcare-market-research-companies-singapore-2026,200,3298,false,Singapore Healthcare Market Research Companies 20 | BioNixus,Top Healthcare Market Research Companies in Singapore (2026 Guide)
/insights/top-healthcare-market-research-companies-sweden-2026,https://www.bionixus.com/insights/top-healthcare-market-research-companies-sweden-2026,200,3306,false,5 Best Healthcare Market Research Firms in Sweden (2026),Top Healthcare Market Research Companies in Sweden (2026 Guide)
/canada-healthcare-market-report,https://www.bionixus.com/canada-healthcare-market-report,200,3323,false,Canada Healthcare Market Research Report 2026 | BioNixus,"Canada Healthcare Market Report 2026: CADTH HTA, pCPA Negotiations, and Provincial Formulary Intelligence"
/market-access,https://www.bionixus.com/market-access,200,3352,false,"Pharmaceutical Market Access Research | GCC, EU5 | BioNixus","Market access research and strategy for pharma, biotech, and medical devices"
/insights/top-healthcare-market-research-companies-australia-2026,https://www.bionixus.com/insights/top-healthcare-market-research-companies-australia-2026,200,3364,false,Australia Healthcare Market Research Companies 20 | BioNixus,Top Healthcare Market Research Companies in Australia (2026 Guide)
/australia-healthcare-market-report,https://www.bionixus.com/australia-healthcare-market-report,200,3367,false,Australia Healthcare Market Report 2026 | BioNixus,"Australia Healthcare Market Report 2026: TGA, PBS, PBAC Market Access, and Commercial Intelligence"
/healthcare-market-research/therapy/diabetes,https://www.bionixus.com/healthcare-market-research/therapy/diabetes,200,3368,false,Diabetes Market Research | BioNixus,Diabetes market research
/insights/top-healthcare-market-research-companies-netherlands-2026,https://www.bionixus.com/insights/top-healthcare-market-research-companies-netherlands-2026,200,3383,false,Healthcare Market Research Companies Netherlands | BioNixus,Top Healthcare Market Research Companies in the Netherlands (2026 Guide)
/insights/top-healthcare-market-research-companies-canada-2026,https://www.bionixus.com/insights/top-healthcare-market-research-companies-canada-2026,200,3404,false,Healthcare Market Research Companies Canada 2026 | BioNixus,Top Healthcare Market Research Companies in Canada (2026 Guide)
/gcc-pharma-market-report-2026,https://www.bionixus.com/gcc-pharma-market-report-2026,200,3413,false,"GCC Pharmaceutical Market 2026: Size, Companies, Outlook","GCC Pharmaceutical Market 2026: Size, Companies, Segments and Outlook"
/healthcare-fieldwork-gcc,https://www.bionixus.com/healthcare-fieldwork-gcc,200,3417,false,Healthcare Fieldwork GCC | Specialist HCP Researc | BioNixus,Healthcare Fieldwork GCC
/healthcare-market-research-agency-gcc,https://www.bionixus.com/healthcare-market-research-agency-gcc,200,3439,false,Healthcare Market Research Agency GCC | BioNixus,Healthcare Market Research Agency GCC for Pharmaceutical Launch and Access Decisions
/pharmaceutical-companies-kuwait,https://www.bionixus.com/pharmaceutical-companies-kuwait,200,3442,false,Top 15 Pharmaceutical Companies in Kuwait (2026 Ranked List),Pharmaceutical companies in Kuwait
/insights/top-healthcare-market-research-companies-kuwait-2026,https://www.bionixus.com/insights/top-healthcare-market-research-companies-kuwait-2026,200,3446,false,Healthcare Market Research Companies Kuwait 2026 | BioNixus,5 Best Healthcare Market Research Firms in Kuwait (2026)
/insights/top-pharmaceutical-market-research-companies-brazil-2026,https://www.bionixus.com/insights/top-pharmaceutical-market-research-companies-brazil-2026,200,3452,false,Top Pharmaceutical Market Research Companies in Brazil 2026,Top Pharmaceutical Market Research Companies in Brazil (2026 Guide)
/uae-pricing-reimbursement-strategy,https://www.bionixus.com/uae-pricing-reimbursement-strategy,200,3452,false,"UAE Drug Pricing & Reimbursement 2026: MOHAP, DHA & DOH",UAE Pricing and Reimbursement Strategy
/gcc-medical-devices-market-report,https://www.bionixus.com/gcc-medical-devices-market-report,200,3465,false,GCC Medical Devices Market 2026: $9.0B Size & Forecast,"GCC Medical Devices Market 2026: Size, IVD &amp; Hospital Procurement"
/japan-healthcare-market-report,https://www.bionixus.com/japan-healthcare-market-report,200,3487,false,"Japan Healthcare Market 2026: Size, PMDA/NHI & Forecast","Japan Healthcare Market Report 2026: PMDA Approval, NHI Pricing, and Pharmaceutical Market Intelligence"
/insights/top-pharmaceutical-market-research-companies-australia-2026,https://www.bionixus.com/insights/top-pharmaceutical-market-research-companies-australia-2026,200,3496,false,Top Pharmaceutical Market Research Companies in Australia 2,Top Pharmaceutical Market Research Companies in Australia (2026 Guide)
/insights/top-healthcare-market-research-companies-uae-2026,https://www.bionixus.com/insights/top-healthcare-market-research-companies-uae-2026,200,3504,false,Healthcare Market Research Companies UAE & Dubai 2026,Top Healthcare Market Research Companies in UAE (2026 Guide)
/ar/blog/quantitative-market-research-and-market-access,https://www.bionixus.com/ar/blog/quantitative-market-research-and-market-access,200,3509,false,أبحاث السوق الكمية وأثر الوصول إلى السوق | BioNixus,Quantitative Market Research and Market Access Impact
/insights/top-healthcare-market-research-companies-uk-2026,https://www.bionixus.com/insights/top-healthcare-market-research-companies-uk-2026,200,3511,false,Healthcare Market Research Companies UK 2026 | BioNixus,Top Healthcare Market Research Companies in the UK (2026 Guide)
/patient-journey-research-gcc,https://www.bionixus.com/patient-journey-research-gcc,200,3524,false,Patient Journey Research GCC | Pathway Mapping | BioNixus,Patient Journey Research GCC
/respiratory-market-access-gcc,https://www.bionixus.com/respiratory-market-access-gcc,200,3527,false,Respiratory Market Access GCC | BioNixus,Respiratory Market Access GCC
/germany-healthcare-market-report,https://www.bionixus.com/germany-healthcare-market-report,200,3531,false,Germany Healthcare Market Research Report 2026 | BioNixus,"Germany Healthcare Market Report 2026: AMNOG Market Access, GKV Pharmaceutical Spend, and Commercial Intelligence"
/insights/top-pharmaceutical-market-research-companies-germany-2026,https://www.bionixus.com/insights/top-pharmaceutical-market-research-companies-germany-2026,200,3534,false,Top Pharmaceutical Market Research Companies in Germany 2026,Top Pharmaceutical Market Research Companies in Germany (2026 Guide)
/insights/top-pharmaceutical-market-research-companies-kuwait-2026,https://www.bionixus.com/insights/top-pharmaceutical-market-research-companies-kuwait-2026,200,3570,false,Top Pharmaceutical Market Research Companies in Kuwait 2026,Top Pharmaceutical Market Research Companies in Kuwait (2026 Guide)
/insights/top-pharmaceutical-market-research-companies-turkey-2026,https://www.bionixus.com/insights/top-pharmaceutical-market-research-companies-turkey-2026,200,3584,false,Top Pharmaceutical Market Research Companies in Turkey 2026,Top Pharmaceutical Market Research Companies in Turkey (2026 Guide)
/insights/top-pharmaceutical-market-research-companies-oman-2026,https://www.bionixus.com/insights/top-pharmaceutical-market-research-companies-oman-2026,200,3594,false,Top Pharmaceutical Market Research Companies in Oman 2026,Top Pharmaceutical Market Research Companies in Oman (2026 Guide)
/insights/top-pharmaceutical-market-research-companies-canada-2026,https://www.bionixus.com/insights/top-pharmaceutical-market-research-companies-canada-2026,200,3607,false,Top Pharmaceutical Market Research Companies in Canada 2026,Top Pharmaceutical Market Research Companies in Canada (2026 Guide)
/pharmaceutical-market-research,https://www.bionixus.com/pharmaceutical-market-research,200,3607,false,Pharmaceutical Market Research Company in 48 Countries,Pharmaceutical Market Research Company for Pharma &amp; Biotech
/insights/top-market-research-companies-uae-2026,https://www.bionixus.com/insights/top-market-research-companies-uae-2026,200,3621,false,Top Market Research Company in UAE: 2026 Ranking | BioNixus,Top Market Research Company in UAE: 2026 Ranking
/insights/top-pharmaceutical-market-research-companies-uk-2026,https://www.bionixus.com/insights/top-pharmaceutical-market-research-companies-uk-2026,200,3665,false,Top Pharmaceutical Market Research Companies in the UK 2026,Top Pharmaceutical Market Research Companies in the UK (2026 Guide)
/insights/top-pharmaceutical-market-research-companies-egypt-2026,https://www.bionixus.com/insights/top-pharmaceutical-market-research-companies-egypt-2026,200,3667,false,Top Pharmaceutical Market Research Companies in Egypt 2026,Top Pharmaceutical Market Research Companies in Egypt (2026 Guide)
/healthcare-market-research/saudi-arabia,https://www.bionixus.com/healthcare-market-research/saudi-arabia,200,3669,false,Healthcare Market Research Companies in Saudi Arabia | SFDA & NUPCO | BioNixus,Healthcare market research companies in Saudi Arabia
/insights/top-pharmaceutical-market-research-companies-france-2026,https://www.bionixus.com/insights/top-pharmaceutical-market-research-companies-france-2026,200,3692,false,Top Pharmaceutical Market Research Companies in France 2026,Top Pharmaceutical Market Research Companies in France (2026 Guide)
/insights/top-pharmaceutical-market-research-companies-bahrain-2026,https://www.bionixus.com/insights/top-pharmaceutical-market-research-companies-bahrain-2026,200,3698,false,Top Pharmaceutical Market Research Companies in Bahrain 2026,Top Pharmaceutical Market Research Companies in Bahrain (2026 Guide)
/uk-healthcare-market-report,https://www.bionixus.com/uk-healthcare-market-report,200,3737,false,UK Healthcare Market Research Report 2026 | BioNixus,"UK Healthcare Market Report 2026: NHS Pharmaceutical Market, NICE Access, and Commercial Intelligence"
/cost-effectiveness-analysis-gcc,https://www.bionixus.com/cost-effectiveness-analysis-gcc,200,3751,false,Cost Effectiveness Analysis GCC: Saudi Arabia & U | BioNixus,"Cost Effectiveness Analysis GCC: Saudi Arabia, UAE, Kuwait, Qatar Comparison"
/insights/top-pharmaceutical-market-research-companies-italy-2026,https://www.bionixus.com/insights/top-pharmaceutical-market-research-companies-italy-2026,200,3766,false,Top Pharmaceutical Market Research Companies in Italy 2026,Top Pharmaceutical Market Research Companies in Italy (2026 Guide)
/ar/blog/saudi-healthcare-market-research-guide-ar-2026,https://www.bionixus.com/ar/blog/saudi-healthcare-market-research-guide-ar-2026,200,3775,false,دليل أبحاث السوق الصحي السعودية 2026 | BioNixus,دليل أبحاث السوق الصحي في المملكة العربية السعودية 2026
/insights/top-pharmaceutical-market-research-companies-usa-2026,https://www.bionixus.com/insights/top-pharmaceutical-market-research-companies-usa-2026,200,3775,false,Top Pharmaceutical Market Research Companies in the USA 2026,Top Pharmaceutical Market Research Companies in the USA (2026 Guide)
/insights/top-pharmaceutical-market-research-companies-spain-2026,https://www.bionixus.com/insights/top-pharmaceutical-market-research-companies-spain-2026,200,3781,false,Top Pharmaceutical Market Research Companies in Spain 2026,Top Pharmaceutical Market Research Companies in Spain (2026 Guide)
/insights/top-pharmaceutical-market-research-companies-qatar-2026,https://www.bionixus.com/insights/top-pharmaceutical-market-research-companies-qatar-2026,200,3864,false,Top Pharmaceutical Market Research Companies in Qatar 2026,Top Pharmaceutical Market Research Companies in Qatar (2026 Guide)
/patient-adherence-research-middle-east,https://www.bionixus.com/patient-adherence-research-middle-east,200,3961,false,Patient Adherence Research Middle East | BioNixus,Patient Adherence Research Middle East
/real-world-evidence-gcc,https://www.bionixus.com/real-world-evidence-gcc,200,3990,false,Real World Evidence GCC | BioNixus,Real World Evidence GCC
/heor-consulting-saudi-arabia,https://www.bionixus.com/heor-consulting-saudi-arabia,200,4024,false,HEOR Consulting Saudi Arabia | BioNixus,HEOR Consulting Saudi Arabia
/japan-medical-devices-market-report,https://www.bionixus.com/japan-medical-devices-market-report,200,4071,false,Japan Medical Devices Market 2026: $41B Size & PMDA Forecast,"Japan Medical Devices Market 2026: $41B Size, PMDA &amp; NHI Intelligence"
/medical-affairs-insight-research-gcc,https://www.bionixus.com/medical-affairs-insight-research-gcc,200,4130,false,Medical Affairs Insight Research GCC | BioNixus,Medical Affairs Insight Research GCC
/iqvia-alternative,https://www.bionixus.com/iqvia-alternative,200,4145,false,IQVIA Alternatives &amp; Competitors: Top 10 Ranked (2026),IQVIA Competitors &amp; Alternatives Built for How Pharma Really Works
/insights/top-pharmaceutical-market-research-companies-uae-2026,https://www.bionixus.com/insights/top-pharmaceutical-market-research-companies-uae-2026,200,4146,false,Top Pharmaceutical Market Research Companies in the UAE 2026,Top Pharmaceutical Market Research Companies in the UAE (2026 Guide)
/sweden-healthcare-market-report,https://www.bionixus.com/sweden-healthcare-market-report,200,4183,false,Sweden Healthcare Market Research Report 2026 | BioNixus,"Sweden Healthcare Market Report 2026: TLV Reimbursement, NT-rådet Hospital Drug Recommendations, and Commercial Intelligence"
/insights/top-hematology-market-research-companies-2026,https://www.bionixus.com/insights/top-hematology-market-research-companies-2026,200,4315,false,Top Hematology Market Research Companies 2026 | BioNixus,"<span class=""h1-kicker"">Top Hematology Market Research Companies 2026</span>The patient,<br/>not the <em>vial.</em>"
/msl-insight-research-middle-east,https://www.bionixus.com/msl-insight-research-middle-east,200,4396,false,MSL Insight Research Middle East | BioNixus,MSL Insight Research Middle East
/heor-consulting,https://www.bionixus.com/heor-consulting,200,4463,false,HEOR Consulting Services: Health Economics & Outcomes Research,"HEOR Consulting — GCC, Middle East &amp; Europe"
/china-medical-devices-market-report,https://www.bionixus.com/china-medical-devices-market-report,200,4465,false,"China Medical Devices Market 2026 | NMPA, VBP & Size","China Medical Devices Market 2026: NMPA Registration, VBP &amp; Market Size"
/hta-studies-saudi-arabia,https://www.bionixus.com/hta-studies-saudi-arabia,200,4647,false,HTA Studies Saudi Arabia | Health Technology Assessment |...,HTA Studies Saudi Arabia
/uae-influenza-vaccine-report,https://www.bionixus.com/uae-influenza-vaccine-report,200,4727,false,UAE Influenza Vaccine Market Report 2026 | BioNixus,"UAE Influenza Vaccine Report 2026: Seasonality, Procurement, Payer Access, and Competitive Landscape"
/cost-effectiveness-analysis-saudi-arabia,https://www.bionixus.com/cost-effectiveness-analysis-saudi-arabia,200,4897,false,Cost-Effectiveness Analysis Saudi Arabia | BioNixus,Cost-Effectiveness Analysis Saudi Arabia
/gcc-hcp-recruitment-market-research,https://www.bionixus.com/gcc-hcp-recruitment-market-research,200,5220,false,Physician Recruitment in Saudi Arabia and GCC | BioNixus,Physician Recruitment in Saudi Arabia and GCC
/uae-market-access-research,https://www.bionixus.com/uae-market-access-research,200,5257,false,Market Access Research UAE | BioNixus,Market Access Research UAE
/saudi-payer-market-access-research,https://www.bionixus.com/saudi-payer-market-access-research,200,5637,false,"Saudi Market Access Research: SFDA, CHI & NUPCO Payers",Saudi Payer Market Access Research
/pharma-fieldwork-egypt,https://www.bionixus.com/pharma-fieldwork-egypt,200,5712,false,Pharma Fieldwork Egypt | Physician & Pharmacy Res | BioNixus,Pharma Fieldwork Egypt
/budget-impact-model-saudi-arabia,https://www.bionixus.com/budget-impact-model-saudi-arabia,200,5810,false,Budget Impact Model Saudi Arabia | BioNixus,Budget Impact Model Saudi Arabia
/qatar-market-access-research,https://www.bionixus.com/qatar-market-access-research,200,6165,false,Market Access Research Qatar | BioNixus,Market Access Research Qatar
/patient-support-program-research-gcc,https://www.bionixus.com/patient-support-program-research-gcc,200,6478,false,Patient Support Program Research GCC | BioNixus,Patient Support Program Research GCC
/healthcare-market-research,https://www.bionixus.com/healthcare-market-research,200,6922,false,Healthcare Market Research Companies | Who to Brief,Healthcare Market Research Company for Pharma &amp; MedTech
/pharma-fieldwork-saudi-arabia,https://www.bionixus.com/pharma-fieldwork-saudi-arabia,200,7257,false,Pharma Fieldwork Saudi Arabia | Physician & Payer Research,Pharma Fieldwork Saudi Arabia
/kuwait-market-access-research,https://www.bionixus.com/kuwait-market-access-research,200,7374,false,Market Access Research Kuwait | BioNixus,Market Access Research Kuwait
/pharma-fieldwork-uae,https://www.bionixus.com/pharma-fieldwork-uae,200,8060,false,Pharma Fieldwork UAE | Physician & Payer Research | BioNixus,Pharma Fieldwork UAE
/healthcare-fieldwork-middle-east,https://www.bionixus.com/healthcare-fieldwork-middle-east,200,8112,false,Healthcare Fieldwork Middle East | BioNixus,Healthcare Fieldwork Middle East
/market-research-by-industry,https://www.bionixus.com/market-research-by-industry,200,9132,false,Market Research by Industry | BioNixus,Market research by industry — <em>global coverage</em>