pathname,url,status,in_sitemap,word_count,thin,gap_words,title,h1,final_url
/poland-medtech-market-research,https://www.bionixus.com/poland-medtech-market-research,200,true,1991,true,9,"MedTech Market Research Company in Poland (2026) | URPL...","MedTech & Medical Devices Market Research Company in Poland",https://www.bionixus.com/poland-medtech-market-research
/healthcare-market-research-companies,https://www.bionixus.com/healthcare-market-research-companies,200,true,1979,true,21,"Healthcare Market Research Companies: 2026 Ranking & Guide","Healthcare Market Research Companies and Agencies: 2026 Ranking and Hiring Guide",https://www.bionixus.com/healthcare-market-research-companies
/pharmaceutical-companies-iran,https://www.bionixus.com/pharmaceutical-companies-iran,200,true,1979,true,21,"Top 18 Pharmaceutical Companies in Iran (2026 Ranked List)","Pharmaceutical Companies in Iran",https://www.bionixus.com/pharmaceutical-companies-iran
/ru/services,https://www.bionixus.com/ru/services,200,true,1969,true,31,"Фармацевтические исследования рынка: Россия и ЕАЭ | BioNixus","Фармацевтические и медицинские исследования рынка для России и ЕАЭС",https://www.bionixus.com/ru/services
/pharmaceutical-companies-uk,https://www.bionixus.com/pharmaceutical-companies-uk,200,true,1968,true,32,"Top Pharmaceutical Companies in UK (2026 Ranked List)","Pharmaceutical Companies in the UK",https://www.bionixus.com/pharmaceutical-companies-uk
/brazil-pharmaceutical-market-research,https://www.bionixus.com/brazil-pharmaceutical-market-research,200,true,1967,true,33,"Pharmaceutical Market Research Company in Brazil | BioNixus","Pharmaceutical Market Research Company in Brazil",https://www.bionixus.com/brazil-pharmaceutical-market-research
/de/healthcare-market-research/germany,https://www.bionixus.com/de/healthcare-market-research/germany,200,true,1965,true,35,"Healthcare-Marktforschung Deutschland | BioNixus","Healthcare-Marktforschung in Deutschland",https://www.bionixus.com/de/healthcare-market-research/germany
/medical-device-companies-saudi-arabia,https://www.bionixus.com/medical-device-companies-saudi-arabia,200,true,1964,true,36,"Top Medical Device Companies in Saudi Arabia (2026 Ranked)","Medical Device Companies in Saudi Arabia",https://www.bionixus.com/medical-device-companies-saudi-arabia
/pharmaceutical-companies-iraq,https://www.bionixus.com/pharmaceutical-companies-iraq,200,true,1960,true,40,"Top Pharmaceutical Companies in Iraq (2026 KIMADIA Guide)","Pharmaceutical Companies in Iraq",https://www.bionixus.com/pharmaceutical-companies-iraq
/ar/insights/top-market-research-companies-qatar-2026,https://www.bionixus.com/ar/insights/top-market-research-companies-qatar-2026,200,true,1958,true,42,"أفضل شركات أبحاث السوق في قطر (دليل 2026) | بيونيكسوس | BioNixus","أفضل شركات أبحاث السوق في قطر (دليل 2026)",https://www.bionixus.com/ar/insights/top-market-research-companies-qatar-2026
/pt/insights/top-market-research-companies-brasil-2026,https://www.bionixus.com/pt/insights/top-market-research-companies-brasil-2026,200,true,1957,true,43,"Brasil: Empresas de Pesquisa de Mercado 2026 | BioNixus","5 Melhores Empresas de Pesquisa de Mercado no Brasil (2026)",https://www.bionixus.com/pt/insights/top-market-research-companies-brasil-2026
/pharmaceutical-companies-india,https://www.bionixus.com/pharmaceutical-companies-india,200,true,1955,true,45,"Top 20 Pharmaceutical Companies in India (2026 Ranked List)","Pharmaceutical Companies in India",https://www.bionixus.com/pharmaceutical-companies-india
/pt/insights/top-empresas-pesquisa-mercado-brasil-2026,https://www.bionixus.com/pt/insights/top-empresas-pesquisa-mercado-brasil-2026,200,true,1953,true,47,"Top Empresas de Pesquisa de Mercado no Brasil 202 | BioNixus","Top Empresas de Pesquisa de Mercado no Brasil",https://www.bionixus.com/pt/insights/top-empresas-pesquisa-mercado-brasil-2026
/pharmaceutical-companies-jordan,https://www.bionixus.com/pharmaceutical-companies-jordan,200,true,1952,true,48,"Top Pharmaceutical Companies in Jordan (2026 Ranked List)","Pharmaceutical Companies in Jordan",https://www.bionixus.com/pharmaceutical-companies-jordan
/healthcare-market-research-italy,https://www.bionixus.com/healthcare-market-research-italy,200,true,1948,true,52,"Healthcare Market Research Company in Italy | BioNixus","Healthcare & Pharmaceutical Market Research in Italy",https://www.bionixus.com/healthcare-market-research-italy
/pharmaceutical-companies-japan,https://www.bionixus.com/pharmaceutical-companies-japan,200,true,1945,true,55,"Top 20 Pharmaceutical Companies in Japan (2026 Ranked List)","Pharmaceutical Companies in Japan",https://www.bionixus.com/pharmaceutical-companies-japan
/pharmaceutical-companies-china,https://www.bionixus.com/pharmaceutical-companies-china,200,true,1939,true,61,"Top 20 Pharmaceutical Companies in China (2026 Ranked List)","Pharmaceutical Companies in China",https://www.bionixus.com/pharmaceutical-companies-china
/es/insights/top-empresas-investigacion-mercado-argentina-2026,https://www.bionixus.com/es/insights/top-empresas-investigacion-mercado-argentina-2026,200,true,1934,true,66,"Argentina: Empresas de Investigación de Mercado 2 | BioNixus","5 Mejores Empresas de Investigación de Mercado en Argentina (2026)",https://www.bionixus.com/es/insights/top-empresas-investigacion-mercado-argentina-2026
/pharmaceutical-companies-turkey,https://www.bionixus.com/pharmaceutical-companies-turkey,200,true,1933,true,67,"Top 20 Pharmaceutical Companies in Turkey (2026 Ranked List)","Pharmaceutical Companies in Turkey",https://www.bionixus.com/pharmaceutical-companies-turkey
/healthcare-market-research-new-zealand,https://www.bionixus.com/healthcare-market-research-new-zealand,200,true,1930,true,70,"Healthcare Market Research Company in New Zealand | BioNixus","Healthcare & Pharmaceutical Market Research in New Zealand",https://www.bionixus.com/healthcare-market-research-new-zealand
/turkey-healthcare-market-report,https://www.bionixus.com/turkey-healthcare-market-report,200,true,1924,true,76,"Turkey Healthcare Market 2026: Size, TITCK & SGK Outlook","Turkey Healthcare Market Report 2026: TİTCK, SGK Reimbursement, and Europe-MENA Crossroads Market Intelligence",https://www.bionixus.com/turkey-healthcare-market-report
/brazil-healthcare-market-report,https://www.bionixus.com/brazil-healthcare-market-report,200,true,1920,true,80,"Brazil Healthcare & Pharma Market 2026: Size, ANVISA & Outlook","Brazil Healthcare Market Report 2026: ANVISA, SUS, CONITEC, and Pharmaceutical Market Intelligence",https://www.bionixus.com/brazil-healthcare-market-report
/pharmaceutical-market-research-qatar,https://www.bionixus.com/pharmaceutical-market-research-qatar,200,true,1908,true,92,"Healthcare Market Research Company in Qatar | BioNixus","Healthcare & Pharmaceutical Market Research Company in Qatar",https://www.bionixus.com/pharmaceutical-market-research-qatar
/healthcare-market-research-china,https://www.bionixus.com/healthcare-market-research-china,200,true,1904,true,96,"Healthcare Market Research Company in China | BioNixus","Healthcare & Pharmaceutical Market Research in China",https://www.bionixus.com/healthcare-market-research-china
/pharmaceutical-companies-south-korea,https://www.bionixus.com/pharmaceutical-companies-south-korea,200,true,1902,true,98,"Top Pharmaceutical Companies in South Korea (2026 Ranked)","Pharmaceutical Companies in South Korea",https://www.bionixus.com/pharmaceutical-companies-south-korea
/medical-device-companies-uae,https://www.bionixus.com/medical-device-companies-uae,200,true,1898,true,102,"Top Medical Device Companies in UAE (2026 Ranked List)","Medical Device Companies in UAE",https://www.bionixus.com/medical-device-companies-uae
/healthcare-market-research-bahrain,https://www.bionixus.com/healthcare-market-research-bahrain,200,true,1893,true,107,"Healthcare Market Research Bahrain | NHRA-Aligned | BioNixus","Healthcare & Pharmaceutical Market Research in Bahrain",https://www.bionixus.com/healthcare-market-research-bahrain
/germany-medical-devices-market-report,https://www.bionixus.com/germany-medical-devices-market-report,200,true,1886,true,114,"Germany Medical Devices Market Report 2026 | BioNixus","Germany Medical Devices Market Report 2026: EU MDR Compliance, DRG Reimbursement, and Hospital Procurement Intelligence",https://www.bionixus.com/germany-medical-devices-market-report
/india-healthcare-market-report,https://www.bionixus.com/india-healthcare-market-report,200,true,1877,true,123,"India Healthcare Market Report 2026 | BioNixus","India Healthcare Market Report 2026: CDSCO, Ayushman Bharat, and Pharmaceutical Market Intelligence",https://www.bionixus.com/india-healthcare-market-report
/pharmaceutical-companies-switzerland,https://www.bionixus.com/pharmaceutical-companies-switzerland,200,true,1872,true,128,"Top Pharmaceutical Companies in Switzerland (2026 Ranked)","Pharmaceutical Companies in Switzerland",https://www.bionixus.com/pharmaceutical-companies-switzerland
/ar/insights/top-sharaket-abhath-alsuq-alsaudia-2026,https://www.bionixus.com/ar/insights/top-sharaket-abhath-alsuq-alsaudia-2026,200,true,1867,true,133,"شركات أبحاث السوق في السعودية 2026 | بيونيكسس","شركات أبحاث السوق في السعودية (KSA) — تصنيف 2026",https://www.bionixus.com/ar/insights/top-sharaket-abhath-alsuq-alsaudia-2026
/medical-device-companies-japan,https://www.bionixus.com/medical-device-companies-japan,200,true,1861,true,139,"Top 18 Medical Device Companies in Japan (2026 Ranked)","Medical Device Companies in Japan",https://www.bionixus.com/medical-device-companies-japan
/pharmaceutical-companies-canada,https://www.bionixus.com/pharmaceutical-companies-canada,200,true,1857,true,143,"Top Pharmaceutical Companies in Canada (2026 Ranked List)","Pharmaceutical Companies in Canada",https://www.bionixus.com/pharmaceutical-companies-canada
/pharmaceutical-companies-germany,https://www.bionixus.com/pharmaceutical-companies-germany,200,true,1850,true,150,"Top Pharmaceutical Companies in Germany (2026 Ranked List)","Pharmaceutical Companies in Germany",https://www.bionixus.com/pharmaceutical-companies-germany
/brazil-healthcare-market-research,https://www.bionixus.com/brazil-healthcare-market-research,200,true,1849,true,151,"Healthcare Market Research Company in Brazil | BioNixus","Healthcare Market Research Company in Brazil",https://www.bionixus.com/brazil-healthcare-market-research
/healthcare-market-research/therapy/cardiovascular,https://www.bionixus.com/healthcare-market-research/therapy/cardiovascular,200,true,1844,true,156,"Cardiovascular Market Research | BioNixus","Cardiovascular market research",https://www.bionixus.com/healthcare-market-research/therapy/cardiovascular
/pharmaceutical-companies-morocco,https://www.bionixus.com/pharmaceutical-companies-morocco,200,true,1842,true,158,"Top Pharmaceutical Companies in Morocco (2026 Ranked List)","Pharmaceutical Companies in Morocco",https://www.bionixus.com/pharmaceutical-companies-morocco
/healthcare-market-research-south-korea,https://www.bionixus.com/healthcare-market-research-south-korea,200,true,1841,true,159,"Healthcare Market Research Company in South Korea | BioNixus","Healthcare & Pharmaceutical Market Research in South Korea",https://www.bionixus.com/healthcare-market-research-south-korea
/pharmaceutical-companies-brazil,https://www.bionixus.com/pharmaceutical-companies-brazil,200,true,1831,true,169,"Top Pharmaceutical Companies in Brazil (2026 Ranked List)","Pharmaceutical Companies in Brazil",https://www.bionixus.com/pharmaceutical-companies-brazil
/pharmaceutical-companies-malaysia,https://www.bionixus.com/pharmaceutical-companies-malaysia,200,true,1826,true,174,"Top Pharmaceutical Companies in Malaysia (2026 Ranked)","Pharmaceutical Companies in Malaysia",https://www.bionixus.com/pharmaceutical-companies-malaysia
/medical-device-companies-usa,https://www.bionixus.com/medical-device-companies-usa,200,true,1824,true,176,"Top 20 Medical Device Companies in USA (2026 Ranked List)","Medical Device Companies in USA",https://www.bionixus.com/medical-device-companies-usa
/ar/insights/top-market-research-companies-kuwait-2026,https://www.bionixus.com/ar/insights/top-market-research-companies-kuwait-2026,200,true,1819,true,181,"أفضل شركات أبحاث السوق في الكويت (دليل 2026) | BioNixus","أفضل شركات أبحاث السوق في الكويت (دليل 2026)",https://www.bionixus.com/ar/insights/top-market-research-companies-kuwait-2026
/healthcare-market-research/therapy/digital-health,https://www.bionixus.com/healthcare-market-research/therapy/digital-health,200,true,1819,true,181,"Digital Health Market Research | BioNixus","Digital health market research",https://www.bionixus.com/healthcare-market-research/therapy/digital-health
/healthcare-market-research-japan,https://www.bionixus.com/healthcare-market-research-japan,200,true,1809,true,191,"Healthcare Market Research Company in Japan | BioNixus","Healthcare & Pharmaceutical Market Research in Japan",https://www.bionixus.com/healthcare-market-research-japan
/uk-medical-devices-market-report,https://www.bionixus.com/uk-medical-devices-market-report,200,true,1790,true,210,"UK Medical Devices Market Report 2026 | BioNixus","UK Medical Devices Market Report 2026: UKCA Marking, NHS Supply Chain, and MHRA Regulatory Intelligence",https://www.bionixus.com/uk-medical-devices-market-report
/healthcare-market-research/therapy/neurology-cns,https://www.bionixus.com/healthcare-market-research/therapy/neurology-cns,200,true,1766,true,234,"Neurology & CNS Market Research | BioNixus","Neurology & CNS market research",https://www.bionixus.com/healthcare-market-research/therapy/neurology-cns
/pharmaceutical-companies-singapore,https://www.bionixus.com/pharmaceutical-companies-singapore,200,true,1762,true,238,"Top Pharmaceutical Companies in Singapore (2026 Ranked)","Pharmaceutical Companies in Singapore",https://www.bionixus.com/pharmaceutical-companies-singapore
/healthcare-market-research-switzerland,https://www.bionixus.com/healthcare-market-research-switzerland,200,true,1760,true,240,"Healthcare Market Research Switzerland | BioNixus","Healthcare Market Research Company in Switzerland",https://www.bionixus.com/healthcare-market-research-switzerland
/healthcare-market-research-usa,https://www.bionixus.com/healthcare-market-research-usa,200,true,1760,true,240,"Healthcare Market Research Company in USA | BioNixus","Healthcare & Pharmaceutical Market Research in the USA",https://www.bionixus.com/healthcare-market-research-usa
/market-research-gcc,https://www.bionixus.com/market-research-gcc,200,true,1759,true,241,"Market Research GCC: Pharma & Healthcare in 6 Gulf States","Market Research in the GCC (Gulf Cooperation Council)",https://www.bionixus.com/market-research-gcc
/pharmaceutical-market-research-usa,https://www.bionixus.com/pharmaceutical-market-research-usa,200,true,1747,true,253,"Pharmaceutical Market Research Company in USA | BioNixus","Pharmaceutical Market Research Company in USA",https://www.bionixus.com/pharmaceutical-market-research-usa
/healthcare-market-research-argentina,https://www.bionixus.com/healthcare-market-research-argentina,200,true,1720,true,280,"Healthcare Market Research Company in Argentina | BioNixus","Healthcare & Pharmaceutical Market Research in Argentina",https://www.bionixus.com/healthcare-market-research-argentina
/healthcare-market-research-india,https://www.bionixus.com/healthcare-market-research-india,200,true,1711,true,289,"Healthcare Market Research Company in India | BioNixus","Healthcare & Pharmaceutical Market Research in India",https://www.bionixus.com/healthcare-market-research-india
/clinical-diagnostics-market-research,https://www.bionixus.com/clinical-diagnostics-market-research,200,true,1699,true,301,"Clinical Diagnostics Market Research | QC & Immunohematolog","Clinical Diagnostics Market Assessment",https://www.bionixus.com/clinical-diagnostics-market-research
/egypt-medical-devices-market-report,https://www.bionixus.com/egypt-medical-devices-market-report,200,true,1694,true,306,"Egypt Medical Devices Market 2026: Size, EDA & Forecast","Egypt Medical Devices Market Report 2026: Market Size, UHI Program, and Cairo Hospital Intelligence",https://www.bionixus.com/egypt-medical-devices-market-report
/healthcare-market-research-singapore,https://www.bionixus.com/healthcare-market-research-singapore,200,true,1687,true,313,"Healthcare Market Research Company in Singapore | BioNixus","Healthcare & Pharmaceutical Market Research in Singapore",https://www.bionixus.com/healthcare-market-research-singapore
/pharmacies-saudi-arabia-marketing,https://www.bionixus.com/pharmacies-saudi-arabia-marketing,200,true,1682,true,318,"Pharmacy Market Research Saudi Arabia: Boost Reta | BioNixus","Market Research & Marketing Automation for Pharmacies in Saudi Arabia",https://www.bionixus.com/pharmacies-saudi-arabia-marketing
/healthcare-market-research-denmark,https://www.bionixus.com/healthcare-market-research-denmark,200,true,1668,true,332,"Healthcare Market Research Company in Denmark | BioNixus","Healthcare & Pharmaceutical Market Research in Denmark",https://www.bionixus.com/healthcare-market-research-denmark
/healthcare-market-research-uk,https://www.bionixus.com/healthcare-market-research-uk,200,true,1662,true,338,"Healthcare Market Research Company in the UK | BioNixus","Healthcare & Pharmaceutical Market Research in the UK",https://www.bionixus.com/healthcare-market-research-uk
/healthcare-market-research-malaysia,https://www.bionixus.com/healthcare-market-research-malaysia,200,true,1661,true,339,"Healthcare Market Research Company in Malaysia | BioNixus","Healthcare & Pharmaceutical Market Research in Malaysia",https://www.bionixus.com/healthcare-market-research-malaysia
/ru/methodology,https://www.bionixus.com/ru/methodology,200,true,1661,true,339,"Методология исследований рынка здравоохранения | BioNixus","Методология исследований рынка здравоохранения",https://www.bionixus.com/ru/methodology
/healthcare-market-research-norway,https://www.bionixus.com/healthcare-market-research-norway,200,true,1659,true,341,"Healthcare Market Research Company in Norway | BioNixus","Healthcare & Pharmaceutical Market Research in Norway",https://www.bionixus.com/healthcare-market-research-norway
/healthcare-market-research-australia,https://www.bionixus.com/healthcare-market-research-australia,200,true,1657,true,343,"Healthcare Market Research Company in Australia | BioNixus","Healthcare & Pharmaceutical Market Research in Australia",https://www.bionixus.com/healthcare-market-research-australia
/healthcare-market-statistics,https://www.bionixus.com/healthcare-market-statistics,200,true,1652,true,348,"Healthcare & Pharma Market Statistics 2026 (MENA, Asia &...","Healthcare & Pharma Market Statistics 2026 (MENA, Asia & Global)",https://www.bionixus.com/healthcare-market-statistics
/healthcare-market-research-ireland,https://www.bionixus.com/healthcare-market-research-ireland,200,true,1650,true,350,"Healthcare Market Research Company in Ireland | BioNixus","Healthcare & Pharmaceutical Market Research in Ireland",https://www.bionixus.com/healthcare-market-research-ireland
/healthcare-market-research/therapy/dermatology,https://www.bionixus.com/healthcare-market-research/therapy/dermatology,200,true,1649,true,351,"Dermatology Market Research | BioNixus","Dermatology market research",https://www.bionixus.com/healthcare-market-research/therapy/dermatology
/india-medical-devices-market-report,https://www.bionixus.com/india-medical-devices-market-report,200,true,1647,true,353,"India Medical Devices Market Report 2026 | BioNixus","India Medical Devices Market Report 2026: CDSCO MDR 2017, PLI Manufacturing, and Commercial Intelligence",https://www.bionixus.com/india-medical-devices-market-report
/turkey-medical-devices-market-report,https://www.bionixus.com/turkey-medical-devices-market-report,200,true,1643,true,357,"Turkey Medical Devices Market Report 2026 | BioNixus","Turkey Medical Devices Market Report 2026: TİTCK Regulation, SGK SUT Reimbursement, and Medical Tourism Intelligence",https://www.bionixus.com/turkey-medical-devices-market-report
/singapore-medical-devices-market-report,https://www.bionixus.com/singapore-medical-devices-market-report,200,true,1636,true,364,"Singapore Medical Devices Market Report 2026 | BioNixus","Singapore Medical Devices Market Report 2026: HSA Regulation, ASEAN Distribution Hub, and Medical Tourism Intelligence",https://www.bionixus.com/singapore-medical-devices-market-report
/ar/methodology,https://www.bionixus.com/ar/methodology,200,true,1627,true,373,"منهجية أبحاث السوق الصحي | BioNixus","منهجية أبحاث السوق الصحي والدوائي",https://www.bionixus.com/ar/methodology
/healthcare-market-research-poland,https://www.bionixus.com/healthcare-market-research-poland,200,true,1625,true,375,"Healthcare Market Research Company in Poland | BioNixus","Healthcare & Pharmaceutical Market Research in Poland",https://www.bionixus.com/healthcare-market-research-poland
/healthcare-market-research-turkey,https://www.bionixus.com/healthcare-market-research-turkey,200,true,1621,true,379,"Healthcare Market Research Company in Turkey | BioNixus","Healthcare & Pharmaceutical Market Research in Turkey",https://www.bionixus.com/healthcare-market-research-turkey
/kuwait-medical-devices-market-report,https://www.bionixus.com/kuwait-medical-devices-market-report,200,true,1621,true,379,"Kuwait Medical Devices Market Report 2026 | BioNixus","Kuwait Medical Devices Market Report 2026: CMS Procurement, MOPH Registration, and Hospital Intelligence",https://www.bionixus.com/kuwait-medical-devices-market-report
/services/market-access,https://www.bionixus.com/services/market-access,200,true,1621,true,379,"Market Access Consulting | HTA EMEA & GCC Pricing | BioNixus","Market Access Consulting | HTA EMEA & GCC Pricing",https://www.bionixus.com/services/market-access
/ar/insights/top-sharaket-abhath-sihha-alsaudia-2026,https://www.bionixus.com/ar/insights/top-sharaket-abhath-sihha-alsaudia-2026,200,true,1587,true,413,"أفضل شركات أبحاث سوق الرعاية الصحية في السعودية (2026) | بيونيكسس","أفضل شركات أبحاث سوق الرعاية الصحية في المملكة العربية السعودية (دليل 2026)",https://www.bionixus.com/ar/insights/top-sharaket-abhath-sihha-alsaudia-2026
/south-korea-medical-devices-market-report,https://www.bionixus.com/south-korea-medical-devices-market-report,200,true,1583,true,417,"South Korea Medical Devices Market Report 2026 | BioNixus","South Korea Medical Devices Market Report 2026: MFDS Regulation, NHIS Reimbursement, and Export Market Intelligence",https://www.bionixus.com/south-korea-medical-devices-market-report
/client-reviews,https://www.bionixus.com/client-reviews,200,true,1582,true,418,"Client Reviews | BioNixus Pharmaceutical Market Research","Recommended by more than 118 happy clients",https://www.bionixus.com/client-reviews
/healthcare-market-research-sweden,https://www.bionixus.com/healthcare-market-research-sweden,200,true,1581,true,419,"Healthcare Market Research Company in Sweden | BioNixus","Healthcare & Pharmaceutical Market Research in Sweden",https://www.bionixus.com/healthcare-market-research-sweden
/egypt-pharmaceutical-market-research,https://www.bionixus.com/egypt-pharmaceutical-market-research,200,true,1579,true,421,"Pharmaceutical Market Research in Egypt | EDA & U | BioNixus","Healthcare & Pharmaceutical Market Research Company in Egypt",https://www.bionixus.com/egypt-pharmaceutical-market-research
/healthcare-market-research-canada,https://www.bionixus.com/healthcare-market-research-canada,200,true,1576,true,424,"Healthcare Market Research Company in Canada | BioNixus","Healthcare & Pharmaceutical Market Research in Canada",https://www.bionixus.com/healthcare-market-research-canada
/de/methodology,https://www.bionixus.com/de/methodology,200,true,1569,true,431,"Methodik der Gesundheitsmarktforschung | BioNixus","Methodik der Gesundheitsmarktforschung",https://www.bionixus.com/de/methodology
/uae-pharmaceutical-market-research,https://www.bionixus.com/uae-pharmaceutical-market-research,200,true,1551,true,449,"Healthcare Market Research Company UAE | BioNixus Dubai","Healthcare Market Research Company UAE: BioNixus, Dubai",https://www.bionixus.com/uae-pharmaceutical-market-research
/healthcare-market-research-spain,https://www.bionixus.com/healthcare-market-research-spain,200,true,1550,true,450,"Healthcare Market Research Company in Spain | BioNixus","Healthcare Market Research Company in Spain",https://www.bionixus.com/healthcare-market-research-spain
/healthcare-market-research-netherlands,https://www.bionixus.com/healthcare-market-research-netherlands,200,true,1536,true,464,"Healthcare Market Research Company in the Netherl | BioNixus","Healthcare & Pharmaceutical Market Research in the Netherlands",https://www.bionixus.com/healthcare-market-research-netherlands
/de/services,https://www.bionixus.com/de/services,200,true,1534,true,466,"Pharmazeutische Marktforschung Deutschland & Euro | BioNixus","Pharmazeutische und Gesundheitsmarktforschung für Deutschland und Europa",https://www.bionixus.com/de/services
/spain-medical-devices-market-report,https://www.bionixus.com/spain-medical-devices-market-report,200,true,1516,true,484,"Spain Medical Devices Market Report 2026 | BioNixus","Spain Medical Devices Market Report 2026: AEMPS Regulation, SNS Reimbursement, and Regional Procurement Intelligence",https://www.bionixus.com/spain-medical-devices-market-report
/egypt-healthcare-market-research,https://www.bionixus.com/egypt-healthcare-market-research,200,true,1515,true,485,"Healthcare Market Research Company in Egypt | BioNixus","Healthcare Market Research Company in Egypt",https://www.bionixus.com/egypt-healthcare-market-research
/ar/insights/top-sharaket-abhath-alsuq-alimarat-2026,https://www.bionixus.com/ar/insights/top-sharaket-abhath-alsuq-alimarat-2026,200,true,1510,true,490,"شركات أبحاث السوق في الإمارات 2026 | بيونيكسس","شركات أبحاث السوق في الإمارات — تصنيف 2026",https://www.bionixus.com/ar/insights/top-sharaket-abhath-alsuq-alimarat-2026
/services/quantitative-research,https://www.bionixus.com/services/quantitative-research,200,true,1437,true,563,"Quantitative Healthcare Research | Physician Surveys EMEA","Quantitative Healthcare Research & Physician Surveys",https://www.bionixus.com/services/quantitative-research
/fmcg-companies-egypt,https://www.bionixus.com/fmcg-companies-egypt,200,true,1384,true,616,"Top FMCG Companies in Egypt (2026) | Traditional Trade","FMCG Companies in Egypt",https://www.bionixus.com/fmcg-companies-egypt
/fmcg-companies-uae,https://www.bionixus.com/fmcg-companies-uae,200,true,1379,true,621,"Top FMCG Companies in UAE (2026) | Traditional Trade","FMCG Companies in the UAE",https://www.bionixus.com/fmcg-companies-uae
/fmcg-companies-saudi-arabia,https://www.bionixus.com/fmcg-companies-saudi-arabia,200,true,1337,true,663,"Top FMCG Companies in Saudi Arabia (2026) | Trade Mix","FMCG Companies in Saudi Arabia",https://www.bionixus.com/fmcg-companies-saudi-arabia
/ar/insights/top-market-research-companies-egypt-2026,https://www.bionixus.com/ar/insights/top-market-research-companies-egypt-2026,200,true,1311,true,689,"5 أفضل شركات أبحاث السوق في مصر (2026) | دليل المشترين | BioNixus","5 أفضل شركات أبحاث السوق في مصر (2026)",https://www.bionixus.com/ar/insights/top-market-research-companies-egypt-2026
/nf1-pharma-market-research,https://www.bionixus.com/nf1-pharma-market-research,200,true,1303,true,697,"NF1 Pharma Market Research Services | BioNixus","NF1 Pharma Market Research & Competitive Intelligence Services",https://www.bionixus.com/nf1-pharma-market-research
/pt/pesquisa-mercado-farmaceutico-brasil,https://www.bionixus.com/pt/pesquisa-mercado-farmaceutico-brasil,200,true,1290,true,710,"Empresa de Pesquisa de Mercado Farmacêutico no Br | BioNixus","Empresa de Pesquisa de Mercado Farmacêutico no Brasil",https://www.bionixus.com/pt/pesquisa-mercado-farmaceutico-brasil
/pt/pesquisa-mercado-saude-brasil,https://www.bionixus.com/pt/pesquisa-mercado-saude-brasil,200,true,1285,true,715,"Empresa de Pesquisa de Mercado de Saúde no Brasil | BioNixus","Empresa de Pesquisa de Mercado de Saúde no Brasil",https://www.bionixus.com/pt/pesquisa-mercado-saude-brasil
/fr/bionixus-industries,https://www.bionixus.com/fr/bionixus-industries,200,true,1273,true,727,"Recherche marché tous secteurs | BioNixus","Un cabinet de recherche qui accompagne chaque industrie que nous servons",https://www.bionixus.com/fr/bionixus-industries
/fmcg-companies-oman,https://www.bionixus.com/fmcg-companies-oman,200,true,1251,true,749,"Top FMCG Companies in Oman (2026) | Trade Mix","FMCG Companies in Oman",https://www.bionixus.com/fmcg-companies-oman
/pt/bionixus-industries,https://www.bionixus.com/pt/bionixus-industries,200,true,1250,true,750,"Pesquisa de mercado em todas as indústrias | BioNixus","Uma firma de pesquisa a orientar cada indústria que servimos",https://www.bionixus.com/pt/bionixus-industries
/fmcg-companies-kuwait,https://www.bionixus.com/fmcg-companies-kuwait,200,true,1249,true,751,"Top FMCG Companies in Kuwait (2026) | Trade Mix","FMCG Companies in Kuwait",https://www.bionixus.com/fmcg-companies-kuwait
/fmcg-companies-qatar,https://www.bionixus.com/fmcg-companies-qatar,200,true,1245,true,755,"Top FMCG Companies in Qatar (2026) | Trade Mix","FMCG Companies in Qatar",https://www.bionixus.com/fmcg-companies-qatar
/es/bionixus-industries,https://www.bionixus.com/es/bionixus-industries,200,true,1231,true,769,"Investigación de mercado en todas las industrias | BioNixus","Una firma de investigación que guía cada industria que servimos",https://www.bionixus.com/es/bionixus-industries
/retail-companies-uae,https://www.bionixus.com/retail-companies-uae,200,true,1213,true,787,"Top Retail Companies in UAE (2026) | Banners + Trade","Retail Companies in the UAE",https://www.bionixus.com/retail-companies-uae
/pharmaceutical-therapy-areas,https://www.bionixus.com/pharmaceutical-therapy-areas,200,true,1207,true,793,"Pharmaceutical Therapy Areas Market Research | BioNixus","Pharmaceutical Therapy Areas Market Research Across MENA, UK, and Europe",https://www.bionixus.com/pharmaceutical-therapy-areas
/fr/about,https://www.bionixus.com/fr/about,200,true,1202,true,798,"À propos de BioNixus | BioNixus","Recherche marché mondiale — fondée sur le pharma, l’industrie la plus réglementée que nous servons, et étendue à l’ensemble des secteurs",https://www.bionixus.com/fr/about
/retail-companies-egypt,https://www.bionixus.com/retail-companies-egypt,200,true,1200,true,800,"Top Retail Companies in Egypt (2026) | Banners + Trade","Retail Companies in Egypt",https://www.bionixus.com/retail-companies-egypt
/bionixus-industries,https://www.bionixus.com/bionixus-industries,200,true,1186,true,814,"Market Research Across Industries | BioNixus","One research firm guiding every industry we serve",https://www.bionixus.com/bionixus-industries
/es/about,https://www.bionixus.com/es/about,200,true,1183,true,817,"About | BioNixus","Investigación de mercado global — construida sobre pharma, la industria más regulada que servimos, y ampliada para ser de confianza en todas las industrias",https://www.bionixus.com/es/about
/pt/about,https://www.bionixus.com/pt/about,200,true,1168,true,832,"About | BioNixus","Pesquisa de mercado global — construída sobre pharma, a indústria mais regulada que servimos, e expandida para ser confiável em todas as indústrias",https://www.bionixus.com/pt/about
/retail-companies-saudi-arabia,https://www.bionixus.com/retail-companies-saudi-arabia,200,true,1163,true,837,"Top Retail Companies in Saudi Arabia (2026)","Retail Companies in Saudi Arabia",https://www.bionixus.com/retail-companies-saudi-arabia
/ar/about,https://www.bionixus.com/ar/about,200,true,1162,true,838,"About | BioNixus","أبحاث سوق عالمية — مبنية على قطاع الأدوية، أكثر القطاعات تنظيمًا الذي نخدمه، وتوسّعت لتُوثَق عبر الصناعات",https://www.bionixus.com/ar/about
/de/about,https://www.bionixus.com/de/about,200,true,1159,true,841,"About | BioNixus","Globale Marktforschung — auf pharmazeutischer Forschung aufgebaut, der am stärksten regulierten Branche, die wir bedienen, und über Branchen hinweg ausgeweitet",https://www.bionixus.com/de/about
/singapore-medtech-manufacturing-market,https://www.bionixus.com/singapore-medtech-manufacturing-market,200,true,1128,true,872,"Singapore MedTech Manufacturing Market Research | BioNixus","Singapore MedTech Manufacturing Market: Research & Commercial Intelligence",https://www.bionixus.com/singapore-medtech-manufacturing-market
/pharma-healthcare-industries,https://www.bionixus.com/pharma-healthcare-industries,200,true,1109,true,891,"Pharma & Healthcare Market Research | BioNixus Industries","Pharma & Healthcare Market Research",https://www.bionixus.com/pharma-healthcare-industries
/kol-mapping-saudi-arabia-oncology,https://www.bionixus.com/kol-mapping-saudi-arabia-oncology,200,true,1102,true,898,"KOL Mapping for Oncology in Saudi Arabia | BioNixus MENA Research","KOL Mapping for Oncology in Saudi Arabia: Methodology, Data, and Engagement Strategy",https://www.bionixus.com/kol-mapping-saudi-arabia-oncology
/real-estate-companies-kuwait,https://www.bionixus.com/real-estate-companies-kuwait,200,true,1100,true,900,"Top Real Estate Companies in Kuwait (2026)","Real Estate Companies in Kuwait",https://www.bionixus.com/real-estate-companies-kuwait
/account-level-market-research,https://www.bionixus.com/account-level-market-research,200,true,1099,true,901,"What Is Account-Level Market Research Data?","What is account-level (and SKU-level) market research data?",https://www.bionixus.com/account-level-market-research
/real-estate-companies-qatar,https://www.bionixus.com/real-estate-companies-qatar,200,true,1096,true,904,"Top Real Estate Companies in Qatar (2026)","Real Estate Companies in Qatar",https://www.bionixus.com/real-estate-companies-qatar
/retail-companies-qatar,https://www.bionixus.com/retail-companies-qatar,200,true,1094,true,906,"Top Retail Companies in Qatar (2026) | Banners","Retail Companies in Qatar",https://www.bionixus.com/retail-companies-qatar
/ar/bionixus-industries,https://www.bionixus.com/ar/bionixus-industries,200,true,1093,true,907,"أبحاث السوق عبر الصناعات | BioNixus","شركة أبحاث واحدة ترافق كل صناعة نخدمها",https://www.bionixus.com/ar/bionixus-industries
/ru/bionixus-industries,https://www.bionixus.com/ru/bionixus-industries,200,true,1090,true,910,"Исследования рынка во всех отраслях | BioNixus","Одна исследовательская компания, сопровождающая каждую отрасль, которую мы обслуживаем",https://www.bionixus.com/ru/bionixus-industries
/ar/abhath-suq-adwiyah-saudi-arabia,https://www.bionixus.com/ar/abhath-suq-adwiyah-saudi-arabia,200,true,1089,true,911,"أبحاث سوق الأدوية في المملكة العربية السعودية | بيونيكسس","أبحاث سوق الأدوية في المملكة العربية السعودية",https://www.bionixus.com/ar/abhath-suq-adwiyah-saudi-arabia
/sfda-market-access-strategy-saudi-arabia,https://www.bionixus.com/sfda-market-access-strategy-saudi-arabia,200,true,1084,true,916,"SFDA Market Access Strategy KSA | BioNixus","SFDA Market Access Strategy in Saudi Arabia: 2026 Complete Guide",https://www.bionixus.com/sfda-market-access-strategy-saudi-arabia
/real-estate-companies-oman,https://www.bionixus.com/real-estate-companies-oman,200,true,1076,true,924,"Top Real Estate Companies in Oman (2026)","Real Estate Companies in Oman",https://www.bionixus.com/real-estate-companies-oman
/retail-companies-oman,https://www.bionixus.com/retail-companies-oman,200,true,1070,true,930,"Top Retail Companies in Oman (2026) | Banners","Retail Companies in Oman",https://www.bionixus.com/retail-companies-oman
/pharmaceutical-market-research-provider,https://www.bionixus.com/pharmaceutical-market-research-provider,200,true,1065,true,935,"Pharmaceutical Market Research Company | BioNixus","Pharmaceutical market research company — agency for custom primary research",https://www.bionixus.com/pharmaceutical-market-research-provider
/real-world-evidence,https://www.bionixus.com/real-world-evidence,200,true,1052,true,948,"Real World Evidence (RWE) for Pharma | BioNixus EMEA & MENA","Real World Evidence (RWE) for Pharmaceutical and Biotech Teams",https://www.bionixus.com/real-world-evidence
/retail-companies-kuwait,https://www.bionixus.com/retail-companies-kuwait,200,true,1044,true,956,"Top Retail Companies in Kuwait (2026) | Banners","Retail Companies in Kuwait",https://www.bionixus.com/retail-companies-kuwait
/ru/about,https://www.bionixus.com/ru/about,200,true,1021,true,979,"About | BioNixus","Глобальные исследования рынка — построенные на pharma, наиболее регулируемой отрасли, которую мы обслуживаем, и расширенные на доверие во всех индустриях",https://www.bionixus.com/ru/about
/b2c-industries,https://www.bionixus.com/b2c-industries,200,true,1010,true,990,"B2C Market Research | FMCG, Retail, Telecom, Finance & More","B2C Industries Market Research",https://www.bionixus.com/b2c-industries
/services/clinical-trial-support,https://www.bionixus.com/services/clinical-trial-support,200,true,999,true,1001,"Clinical Trial Support | Site Identification EMEA — BioNixus","Clinical Trial Support",https://www.bionixus.com/services/clinical-trial-support
/de/bionixus-industries,https://www.bionixus.com/de/bionixus-industries,200,true,998,true,1002,"Marktforschung über Branchen hinweg | BioNixus","Ein Forschungsunternehmen, das jede Branche, die wir bedienen, begleitet",https://www.bionixus.com/de/bionixus-industries
/fr/healthcare-market-research,https://www.bionixus.com/fr/healthcare-market-research,200,true,981,true,1019,"Recherche de marché santé et pharma | Europe et M | BioNixus","Recherche de marché santé et pharmaceutique pour l&#x27;Europe et le Moyen-Orient",https://www.bionixus.com/fr/healthcare-market-research
/singapore-pharmaceutical-market,https://www.bionixus.com/singapore-pharmaceutical-market,200,true,977,true,1023,"Singapore Pharmaceutical Market Intelligence 2026 | BioNixus","Singapore Pharmaceutical Market: Structure, Access & Commercial Intelligence",https://www.bionixus.com/singapore-pharmaceutical-market
/physician-survey-saudi-arabia,https://www.bionixus.com/physician-survey-saudi-arabia,200,true,964,true,1036,"Saudi Physician Surveys (2026) | BioNixus","How to Conduct Physician Surveys in Saudi Arabia: A Complete Guide for Pharma Teams",https://www.bionixus.com/physician-survey-saudi-arabia
/services/competitive-intelligence,https://www.bionixus.com/services/competitive-intelligence,200,true,961,true,1039,"Pharma Competitive Intelligence Services (2026) | BioNixus","Pharmaceutical Competitive Intelligence",https://www.bionixus.com/services/competitive-intelligence
/nupco-tender-calendar-events-2026,https://www.bionixus.com/nupco-tender-calendar-events-2026,200,true,960,true,1040,"NUPCO Tender Calendar & Events 2026 | BioNixus","NUPCO Tender Calendar & Events 2026: Planning Intelligence for Saudi Access Teams",https://www.bionixus.com/nupco-tender-calendar-events-2026
/ims-health-alternative,https://www.bionixus.com/ims-health-alternative,200,true,952,true,1048,"IMS Health Alternative — Pharma Primary Research","IMS Health alternative for pharmaceutical audits",https://www.bionixus.com/ims-health-alternative
/oman-financial-services-market-research,https://www.bionixus.com/oman-financial-services-market-research,200,true,928,true,1072,"Financial Services Market Research in Oman 2026 | BioNixus","Financial Services & Banking market research company in Oman",https://www.bionixus.com/oman-financial-services-market-research
/oman-real-estate-market-research,https://www.bionixus.com/oman-real-estate-market-research,200,true,926,true,1074,"Real Estate Market Research in Oman 2026 | BioNixus","Real Estate & Construction market research company in Oman",https://www.bionixus.com/oman-real-estate-market-research
/services/qualitative-research,https://www.bionixus.com/services/qualitative-research,200,true,925,true,1075,"Qualitative Pharma Research | KOL Interviews EMEA — BioNixus","Qualitative Pharmaceutical Research & Expert Insights",https://www.bionixus.com/services/qualitative-research
/oman-public-sector-market-research,https://www.bionixus.com/oman-public-sector-market-research,200,true,924,true,1076,"Public Sector Market Research in Oman 2026 | BioNixus","Public Sector & Government market research company in Oman",https://www.bionixus.com/oman-public-sector-market-research
/qatar-financial-services-market-research,https://www.bionixus.com/qatar-financial-services-market-research,200,true,919,true,1081,"Financial Services Market Research in Qatar 2026 | BioNixus","Financial Services & Banking market research company in Qatar",https://www.bionixus.com/qatar-financial-services-market-research
/qatar-real-estate-market-research,https://www.bionixus.com/qatar-real-estate-market-research,200,true,918,true,1082,"Real Estate Market Research in Qatar 2026 | BioNixus","Real Estate & Construction market research company in Qatar",https://www.bionixus.com/qatar-real-estate-market-research
/gcc-generic-pharmaceuticals-market,https://www.bionixus.com/gcc-generic-pharmaceuticals-market,200,true,913,true,1087,"GCC Generic Pharmaceuticals Market Research | BioNixus","GCC Generic Pharmaceuticals Market: Research & Commercial Intelligence",https://www.bionixus.com/gcc-generic-pharmaceuticals-market
/kuwait-real-estate-market-research,https://www.bionixus.com/kuwait-real-estate-market-research,200,true,913,true,1087,"Real Estate Market Research in Kuwait 2026 | BioNixus","Real Estate & Construction market research company in Kuwait",https://www.bionixus.com/kuwait-real-estate-market-research
/oman-fmcg-market-research,https://www.bionixus.com/oman-fmcg-market-research,200,true,910,true,1090,"FMCG Market Research in Oman 2026 | BioNixus","FMCG & Consumer Goods market research company in Oman",https://www.bionixus.com/oman-fmcg-market-research
/qatar-public-sector-market-research,https://www.bionixus.com/qatar-public-sector-market-research,200,true,909,true,1091,"Public Sector Market Research in Qatar 2026 | BioNixus","Public Sector & Government market research company in Qatar",https://www.bionixus.com/qatar-public-sector-market-research
/kuwait-financial-services-market-research,https://www.bionixus.com/kuwait-financial-services-market-research,200,true,906,true,1094,"Financial Services Market Research in Kuwait 2026 | BioNixus","Financial Services & Banking market research company in Kuwait",https://www.bionixus.com/kuwait-financial-services-market-research
/qatar-fmcg-market-research,https://www.bionixus.com/qatar-fmcg-market-research,200,true,905,true,1095,"FMCG Market Research in Qatar 2026 | BioNixus","FMCG & Consumer Goods market research company in Qatar",https://www.bionixus.com/qatar-fmcg-market-research
/oman-media-market-research,https://www.bionixus.com/oman-media-market-research,200,true,904,true,1096,"Media Market Research in Oman 2026 | BioNixus","Media & Entertainment market research company in Oman",https://www.bionixus.com/oman-media-market-research
/qatar-media-market-research,https://www.bionixus.com/qatar-media-market-research,200,true,903,true,1097,"Media Market Research in Qatar 2026 | BioNixus","Media & Entertainment market research company in Qatar",https://www.bionixus.com/qatar-media-market-research
/qatar-technology-market-research,https://www.bionixus.com/qatar-technology-market-research,200,true,902,true,1098,"Technology Market Research in Qatar 2026 | BioNixus","Technology & B2B Software market research company in Qatar",https://www.bionixus.com/qatar-technology-market-research
/kuwait-public-sector-market-research,https://www.bionixus.com/kuwait-public-sector-market-research,200,true,901,true,1099,"Public Sector Market Research in Kuwait 2026 | BioNixus","Public Sector & Government market research company in Kuwait",https://www.bionixus.com/kuwait-public-sector-market-research
/oman-retail-market-research,https://www.bionixus.com/oman-retail-market-research,200,true,901,true,1099,"Retail Market Research in Oman 2026 | BioNixus","Retail & Shopper market research company in Oman",https://www.bionixus.com/oman-retail-market-research
/oman-automotive-market-research,https://www.bionixus.com/oman-automotive-market-research,200,true,900,true,1100,"Automotive Market Research in Oman 2026 | BioNixus","Automotive market research company in Oman",https://www.bionixus.com/oman-automotive-market-research
/qatar-telecom-market-research,https://www.bionixus.com/qatar-telecom-market-research,200,true,900,true,1100,"Telecom Market Research in Qatar 2026 | BioNixus","Telecom & Connectivity market research company in Qatar",https://www.bionixus.com/qatar-telecom-market-research
/kuwait-telecom-market-research,https://www.bionixus.com/kuwait-telecom-market-research,200,true,897,true,1103,"Telecom Market Research in Kuwait 2026 | BioNixus","Telecom & Connectivity market research company in Kuwait",https://www.bionixus.com/kuwait-telecom-market-research
/kuwait-technology-market-research,https://www.bionixus.com/kuwait-technology-market-research,200,true,896,true,1104,"Technology Market Research in Kuwait 2026 | BioNixus","Technology & B2B Software market research company in Kuwait",https://www.bionixus.com/kuwait-technology-market-research
/oman-education-market-research,https://www.bionixus.com/oman-education-market-research,200,true,896,true,1104,"Education Market Research in Oman 2026 | BioNixus","Education market research company in Oman",https://www.bionixus.com/oman-education-market-research
/japan-general-surgical-devices-market,https://www.bionixus.com/japan-general-surgical-devices-market,200,true,895,true,1105,"Japan General Surgical Devices Market Research | BioNixus","Japan General Surgical Devices Market: Research & Commercial Intelligence",https://www.bionixus.com/japan-general-surgical-devices-market
/oman-technology-market-research,https://www.bionixus.com/oman-technology-market-research,200,true,895,true,1105,"Technology Market Research in Oman 2026 | BioNixus","Technology & B2B Software market research company in Oman",https://www.bionixus.com/oman-technology-market-research
/kuwait-media-market-research,https://www.bionixus.com/kuwait-media-market-research,200,true,894,true,1106,"Media Market Research in Kuwait 2026 | BioNixus","Media & Entertainment market research company in Kuwait",https://www.bionixus.com/kuwait-media-market-research
/oman-energy-market-research,https://www.bionixus.com/oman-energy-market-research,200,true,894,true,1106,"Energy Market Research in Oman 2026 | BioNixus","Energy & Industrials market research company in Oman",https://www.bionixus.com/oman-energy-market-research
/oman-hospitality-market-research,https://www.bionixus.com/oman-hospitality-market-research,200,true,894,true,1106,"Hospitality Market Research in Oman 2026 | BioNixus","Hospitality & Tourism market research company in Oman",https://www.bionixus.com/oman-hospitality-market-research
/qatar-hospitality-market-research,https://www.bionixus.com/qatar-hospitality-market-research,200,true,893,true,1107,"Hospitality Market Research in Qatar 2026 | BioNixus","Hospitality & Tourism market research company in Qatar",https://www.bionixus.com/qatar-hospitality-market-research
/kantar-alternative,https://www.bionixus.com/kantar-alternative,200,true,892,true,1108,"Kantar Alternative for Primary Research (2026)","Kantar alternative for commercial primary research",https://www.bionixus.com/kantar-alternative
/kuwait-hospitality-market-research,https://www.bionixus.com/kuwait-hospitality-market-research,200,true,891,true,1109,"Hospitality Market Research in Kuwait 2026 | BioNixus","Hospitality & Tourism market research company in Kuwait",https://www.bionixus.com/kuwait-hospitality-market-research
/oman-telecom-market-research,https://www.bionixus.com/oman-telecom-market-research,200,true,891,true,1109,"Telecom Market Research in Oman 2026 | BioNixus","Telecom & Connectivity market research company in Oman",https://www.bionixus.com/oman-telecom-market-research
/qatar-automotive-market-research,https://www.bionixus.com/qatar-automotive-market-research,200,true,891,true,1109,"Automotive Market Research in Qatar 2026 | BioNixus","Automotive market research company in Qatar",https://www.bionixus.com/qatar-automotive-market-research
/qatar-energy-market-research,https://www.bionixus.com/qatar-energy-market-research,200,true,891,true,1109,"Energy Market Research in Qatar 2026 | BioNixus","Energy & Industrials market research company in Qatar",https://www.bionixus.com/qatar-energy-market-research
/qatar-retail-market-research,https://www.bionixus.com/qatar-retail-market-research,200,true,890,true,1110,"Retail Market Research in Qatar 2026 | BioNixus","Retail & Shopper market research company in Qatar",https://www.bionixus.com/qatar-retail-market-research
/services/kol-stakeholder-mapping,https://www.bionixus.com/services/kol-stakeholder-mapping,200,true,890,true,1110,"KOL Mapping & Stakeholder Engagement | EMEA — BioNixus","KOL & Stakeholder Mapping",https://www.bionixus.com/services/kol-stakeholder-mapping
/pricing,https://www.bionixus.com/pricing,200,true,888,true,1112,"Market Research Pricing | $10k–$75k Country (2026)","Market research pricing 2026 Priced by project, not by seat.",https://www.bionixus.com/pricing
/kuwait-automotive-market-research,https://www.bionixus.com/kuwait-automotive-market-research,200,true,887,true,1113,"Automotive Market Research in Kuwait 2026 | BioNixus","Automotive market research company in Kuwait",https://www.bionixus.com/kuwait-automotive-market-research
/kuwait-education-market-research,https://www.bionixus.com/kuwait-education-market-research,200,true,887,true,1113,"Education Market Research in Kuwait 2026 | BioNixus","Education market research company in Kuwait",https://www.bionixus.com/kuwait-education-market-research
/b2b-industries,https://www.bionixus.com/b2b-industries,200,true,885,true,1115,"B2B Market Research | Technology, Energy, Real Estate & Mor","B2B Industries Market Research",https://www.bionixus.com/b2b-industries
/kuwait-energy-market-research,https://www.bionixus.com/kuwait-energy-market-research,200,true,885,true,1115,"Energy Market Research in Kuwait 2026 | BioNixus","Energy & Industrials market research company in Kuwait",https://www.bionixus.com/kuwait-energy-market-research
/kuwait-fmcg-market-research,https://www.bionixus.com/kuwait-fmcg-market-research,200,true,883,true,1117,"FMCG Market Research in Kuwait 2026 | BioNixus","FMCG & Consumer Goods market research company in Kuwait",https://www.bionixus.com/kuwait-fmcg-market-research
/qatar-education-market-research,https://www.bionixus.com/qatar-education-market-research,200,true,882,true,1118,"Education Market Research in Qatar 2026 | BioNixus","Education market research company in Qatar",https://www.bionixus.com/qatar-education-market-research
/mena-pharma-market-data,https://www.bionixus.com/mena-pharma-market-data,200,true,873,true,1127,"MENA Pharmaceutical Market Data 2026 | BioNixus","MENA Pharmaceutical Market Data 2026",https://www.bionixus.com/mena-pharma-market-data
/kuwait-retail-market-research,https://www.bionixus.com/kuwait-retail-market-research,200,true,872,true,1128,"Retail Market Research in Kuwait 2026 | BioNixus","Retail & Shopper market research company in Kuwait",https://www.bionixus.com/kuwait-retail-market-research
/ar/contact,https://www.bionixus.com/ar/contact,200,true,871,true,1129,"تواصل مع بيونكسس | عرض أبحاث سوق الرعاية الصحية","Connect with a global market research team.",https://www.bionixus.com/ar/contact
/bahrain-financial-services-market-research,https://www.bionixus.com/bahrain-financial-services-market-research,200,true,870,true,1130,"Financial Services Market Research in Bahrain 202 | BioNixus","Financial Services & Banking market research company in Bahrain",https://www.bionixus.com/bahrain-financial-services-market-research
/bahrain-public-sector-market-research,https://www.bionixus.com/bahrain-public-sector-market-research,200,true,870,true,1130,"Public Sector Market Research in Bahrain 2026 | BioNixus","Public Sector & Government market research company in Bahrain",https://www.bionixus.com/bahrain-public-sector-market-research
/bahrain-real-estate-market-research,https://www.bionixus.com/bahrain-real-estate-market-research,200,true,870,true,1130,"Real Estate Market Research in Bahrain 2026 | BioNixus","Real Estate & Construction market research company in Bahrain",https://www.bionixus.com/bahrain-real-estate-market-research
/saudi-arabia-financial-services-market-research,https://www.bionixus.com/saudi-arabia-financial-services-market-research,200,true,870,true,1130,"Financial Services Market Research in Saudi Arabia 2026 |...","Financial Services & Banking market research company in Saudi Arabia",https://www.bionixus.com/saudi-arabia-financial-services-market-research
/healthcare-bioconvergence-market,https://www.bionixus.com/healthcare-bioconvergence-market,200,true,868,true,1132,"Healthcare Bioconvergence Market Research | BioNixus","Healthcare Bioconvergence Market: Research for Converging Life-Science Platforms",https://www.bionixus.com/healthcare-bioconvergence-market
/saudi-arabia-public-sector-market-research,https://www.bionixus.com/saudi-arabia-public-sector-market-research,200,true,868,true,1132,"Public Sector Market Research in Saudi Arabia 202 | BioNixus","Public Sector & Government market research company in Saudi Arabia",https://www.bionixus.com/saudi-arabia-public-sector-market-research
/saudi-arabia-real-estate-market-research,https://www.bionixus.com/saudi-arabia-real-estate-market-research,200,true,862,true,1138,"Real Estate Market Research in Saudi Arabia 2026 | BioNixus","Real Estate & Construction market research company in Saudi Arabia",https://www.bionixus.com/saudi-arabia-real-estate-market-research
/desmoid-tumor-pharma-market-research,https://www.bionixus.com/desmoid-tumor-pharma-market-research,200,true,856,true,1144,"Desmoid Tumour Pharma Market Research Services | BioNixus","Desmoid Tumour Pharma Market Research & Competitive Intelligence Services",https://www.bionixus.com/desmoid-tumor-pharma-market-research
/saudi-arabia-fmcg-market-research,https://www.bionixus.com/saudi-arabia-fmcg-market-research,200,true,851,true,1149,"FMCG Market Research in Saudi Arabia 2026 | BioNixus","FMCG & Consumer Goods market research company in Saudi Arabia",https://www.bionixus.com/saudi-arabia-fmcg-market-research
/saudi-arabia-technology-market-research,https://www.bionixus.com/saudi-arabia-technology-market-research,200,true,848,true,1152,"Technology Market Research in Saudi Arabia 2026 | BioNixus","Technology & B2B Software market research company in Saudi Arabia",https://www.bionixus.com/saudi-arabia-technology-market-research
/saudi-arabia-telecom-market-research,https://www.bionixus.com/saudi-arabia-telecom-market-research,200,true,848,true,1152,"Telecom Market Research in Saudi Arabia 2026 | BioNixus","Telecom & Connectivity market research company in Saudi Arabia",https://www.bionixus.com/saudi-arabia-telecom-market-research
/bahrain-fmcg-market-research,https://www.bionixus.com/bahrain-fmcg-market-research,200,true,847,true,1153,"FMCG Market Research in Bahrain 2026 | BioNixus","FMCG & Consumer Goods market research company in Bahrain",https://www.bionixus.com/bahrain-fmcg-market-research
/bahrain-technology-market-research,https://www.bionixus.com/bahrain-technology-market-research,200,true,847,true,1153,"Technology Market Research in Bahrain 2026 | BioNixus","Technology & B2B Software market research company in Bahrain",https://www.bionixus.com/bahrain-technology-market-research
/bahrain-energy-market-research,https://www.bionixus.com/bahrain-energy-market-research,200,true,843,true,1157,"Energy Market Research in Bahrain 2026 | BioNixus","Energy & Industrials market research company in Bahrain",https://www.bionixus.com/bahrain-energy-market-research
/bahrain-hospitality-market-research,https://www.bionixus.com/bahrain-hospitality-market-research,200,true,843,true,1157,"Hospitality Market Research in Bahrain 2026 | BioNixus","Hospitality & Tourism market research company in Bahrain",https://www.bionixus.com/bahrain-hospitality-market-research
/bahrain-media-market-research,https://www.bionixus.com/bahrain-media-market-research,200,true,843,true,1157,"Media Market Research in Bahrain 2026 | BioNixus","Media & Entertainment market research company in Bahrain",https://www.bionixus.com/bahrain-media-market-research
/bahrain-retail-market-research,https://www.bionixus.com/bahrain-retail-market-research,200,true,843,true,1157,"Retail Market Research in Bahrain 2026 | BioNixus","Retail & Shopper market research company in Bahrain",https://www.bionixus.com/bahrain-retail-market-research
/bahrain-telecom-market-research,https://www.bionixus.com/bahrain-telecom-market-research,200,true,843,true,1157,"Telecom Market Research in Bahrain 2026 | BioNixus","Telecom & Connectivity market research company in Bahrain",https://www.bionixus.com/bahrain-telecom-market-research
/uae-financial-services-market-research,https://www.bionixus.com/uae-financial-services-market-research,200,true,841,true,1159,"Financial Services Market Research in UAE 2026 | BioNixus","Financial Services & Banking market research company in UAE",https://www.bionixus.com/uae-financial-services-market-research
/saudi-arabia-energy-market-research,https://www.bionixus.com/saudi-arabia-energy-market-research,200,true,840,true,1160,"Energy Market Research in Saudi Arabia 2026 | BioNixus","Energy & Industrials market research company in Saudi Arabia",https://www.bionixus.com/saudi-arabia-energy-market-research
/saudi-arabia-retail-market-research,https://www.bionixus.com/saudi-arabia-retail-market-research,200,true,840,true,1160,"Retail Market Research in Saudi Arabia 2026 | BioNixus","Retail & Shopper market research company in Saudi Arabia",https://www.bionixus.com/saudi-arabia-retail-market-research
/saudi-arabia-media-market-research,https://www.bionixus.com/saudi-arabia-media-market-research,200,true,838,true,1162,"Media Market Research in Saudi Arabia 2026 | BioNixus","Media & Entertainment market research company in Saudi Arabia",https://www.bionixus.com/saudi-arabia-media-market-research
/saudi-arabia-hospitality-market-research,https://www.bionixus.com/saudi-arabia-hospitality-market-research,200,true,836,true,1164,"Hospitality Market Research in Saudi Arabia 2026 | BioNixus","Hospitality & Tourism market research company in Saudi Arabia",https://www.bionixus.com/saudi-arabia-hospitality-market-research
/bahrain-automotive-market-research,https://www.bionixus.com/bahrain-automotive-market-research,200,true,835,true,1165,"Automotive Market Research in Bahrain 2026 | BioNixus","Automotive market research company in Bahrain",https://www.bionixus.com/bahrain-automotive-market-research
/bahrain-education-market-research,https://www.bionixus.com/bahrain-education-market-research,200,true,835,true,1165,"Education Market Research in Bahrain 2026 | BioNixus","Education market research company in Bahrain",https://www.bionixus.com/bahrain-education-market-research
/saudi-arabia-automotive-market-research,https://www.bionixus.com/saudi-arabia-automotive-market-research,200,true,835,true,1165,"Automotive Market Research in Saudi Arabia 2026 | BioNixus","Automotive market research company in Saudi Arabia",https://www.bionixus.com/saudi-arabia-automotive-market-research
/uae-real-estate-market-research,https://www.bionixus.com/uae-real-estate-market-research,200,true,834,true,1166,"Real Estate Market Research in UAE 2026 | BioNixus","Real Estate & Construction market research company in UAE",https://www.bionixus.com/uae-real-estate-market-research
/uae-public-sector-market-research,https://www.bionixus.com/uae-public-sector-market-research,200,true,831,true,1169,"Public Sector Market Research in UAE 2026 | BioNixus","Public Sector & Government market research company in UAE",https://www.bionixus.com/uae-public-sector-market-research
/egypt-real-estate-market-research,https://www.bionixus.com/egypt-real-estate-market-research,200,true,830,true,1170,"Real Estate Market Research in Egypt 2026 | BioNixus","Real Estate & Construction market research company in Egypt",https://www.bionixus.com/egypt-real-estate-market-research
/saudi-arabia-education-market-research,https://www.bionixus.com/saudi-arabia-education-market-research,200,true,829,true,1171,"Education Market Research in Saudi Arabia 2026 | BioNixus","Education market research company in Saudi Arabia",https://www.bionixus.com/saudi-arabia-education-market-research
/egypt-public-sector-market-research,https://www.bionixus.com/egypt-public-sector-market-research,200,true,827,true,1173,"Public Sector Market Research in Egypt 2026 | BioNixus","Public Sector & Government market research company in Egypt",https://www.bionixus.com/egypt-public-sector-market-research
/egypt-fmcg-market-research,https://www.bionixus.com/egypt-fmcg-market-research,200,true,817,true,1183,"FMCG Market Research in Egypt 2026 | BioNixus","FMCG & Consumer Goods market research company in Egypt",https://www.bionixus.com/egypt-fmcg-market-research
/egypt-technology-market-research,https://www.bionixus.com/egypt-technology-market-research,200,true,817,true,1183,"Technology Market Research in Egypt 2026 | BioNixus","Technology & B2B Software market research company in Egypt",https://www.bionixus.com/egypt-technology-market-research
/hcp-atu-study,https://www.bionixus.com/hcp-atu-study,200,true,816,true,1184,"HCP ATU Study | Pharma Brand Tracking | BioNixus","HCP ATU study — pharmaceutical brand tracking and launch tracking",https://www.bionixus.com/hcp-atu-study
/gfk-alternative,https://www.bionixus.com/gfk-alternative,200,true,815,true,1185,"GfK Alternative for Account-Level Research (2026)","GfK alternative for account-level retail research",https://www.bionixus.com/gfk-alternative
/uae-fmcg-market-research,https://www.bionixus.com/uae-fmcg-market-research,200,true,815,true,1185,"FMCG Market Research in UAE 2026 | BioNixus","FMCG & Consumer Goods market research company in UAE",https://www.bionixus.com/uae-fmcg-market-research
/uae-retail-market-research,https://www.bionixus.com/uae-retail-market-research,200,true,813,true,1187,"Retail Market Research in UAE 2026 | BioNixus","Retail & Shopper market research company in UAE",https://www.bionixus.com/uae-retail-market-research
/uae-technology-market-research,https://www.bionixus.com/uae-technology-market-research,200,true,813,true,1187,"Technology Market Research in UAE 2026 | BioNixus","Technology & B2B Software market research company in UAE",https://www.bionixus.com/uae-technology-market-research
/market-research/real-estate,https://www.bionixus.com/market-research/real-estate,200,true,812,true,1188,"Real Estate Market Research Company | BioNixus","Real Estate Market Research Company (2026)",https://www.bionixus.com/market-research/real-estate
/uae-energy-market-research,https://www.bionixus.com/uae-energy-market-research,200,true,812,true,1188,"Energy Market Research in UAE 2026 | BioNixus","Energy & Industrials market research company in UAE",https://www.bionixus.com/uae-energy-market-research
/egypt-retail-market-research,https://www.bionixus.com/egypt-retail-market-research,200,true,811,true,1189,"Retail Market Research in Egypt 2026 | BioNixus","Retail & Shopper market research company in Egypt",https://www.bionixus.com/egypt-retail-market-research
/egypt-hospitality-market-research,https://www.bionixus.com/egypt-hospitality-market-research,200,true,809,true,1191,"Hospitality Market Research in Egypt 2026 | BioNixus","Hospitality & Tourism market research company in Egypt",https://www.bionixus.com/egypt-hospitality-market-research
/uae-telecom-market-research,https://www.bionixus.com/uae-telecom-market-research,200,true,808,true,1192,"Telecom Market Research in UAE 2026 | BioNixus","Telecom & Connectivity market research company in UAE",https://www.bionixus.com/uae-telecom-market-research
/market-research/energy,https://www.bionixus.com/market-research/energy,200,true,807,true,1193,"Energy & Industrials Market Research Company | BioNixus","Energy & Industrials Market Research Company (2026)",https://www.bionixus.com/market-research/energy
/egypt-telecom-market-research,https://www.bionixus.com/egypt-telecom-market-research,200,true,806,true,1194,"Telecom Market Research in Egypt 2026 | BioNixus","Telecom & Connectivity market research company in Egypt",https://www.bionixus.com/egypt-telecom-market-research
/uae-hospitality-market-research,https://www.bionixus.com/uae-hospitality-market-research,200,true,802,true,1198,"Hospitality Market Research in UAE 2026 | BioNixus","Hospitality & Tourism market research company in UAE",https://www.bionixus.com/uae-hospitality-market-research
/egypt-energy-market-research,https://www.bionixus.com/egypt-energy-market-research,200,true,801,true,1199,"Energy Market Research in Egypt 2026 | BioNixus","Energy & Industrials market research company in Egypt",https://www.bionixus.com/egypt-energy-market-research
/uae-automotive-market-research,https://www.bionixus.com/uae-automotive-market-research,200,true,801,true,1199,"Automotive Market Research in UAE 2026 | BioNixus","Automotive market research company in UAE",https://www.bionixus.com/uae-automotive-market-research
/egypt-media-market-research,https://www.bionixus.com/egypt-media-market-research,200,true,799,true,1201,"Media Market Research in Egypt 2026 | BioNixus","Media & Entertainment market research company in Egypt",https://www.bionixus.com/egypt-media-market-research
/bionixus-vs-kantar,https://www.bionixus.com/bionixus-vs-kantar,200,true,798,true,1202,"BioNixus vs Kantar (2026) | Brand-Test vs Accounts","BioNixus vs Kantar — the brand-test objection",https://www.bionixus.com/bionixus-vs-kantar
/uae-education-market-research,https://www.bionixus.com/uae-education-market-research,200,true,798,true,1202,"Education Market Research in UAE 2026 | BioNixus","Education market research company in UAE",https://www.bionixus.com/uae-education-market-research
/uae-media-market-research,https://www.bionixus.com/uae-media-market-research,200,true,797,true,1203,"Media Market Research in UAE 2026 | BioNixus","Media & Entertainment market research company in UAE",https://www.bionixus.com/uae-media-market-research
/egypt-automotive-market-research,https://www.bionixus.com/egypt-automotive-market-research,200,true,795,true,1205,"Automotive Market Research in Egypt 2026 | BioNixus","Automotive market research company in Egypt",https://www.bionixus.com/egypt-automotive-market-research
/egypt-education-market-research,https://www.bionixus.com/egypt-education-market-research,200,true,794,true,1206,"Education Market Research in Egypt 2026 | BioNixus","Education market research company in Egypt",https://www.bionixus.com/egypt-education-market-research
/market-research/hospitality,https://www.bionixus.com/market-research/hospitality,200,true,789,true,1211,"Hospitality & Tourism Market Research Company | BioNixus","Hospitality & Tourism Market Research Company (2026)",https://www.bionixus.com/market-research/hospitality
/market-research/technology,https://www.bionixus.com/market-research/technology,200,true,788,true,1212,"Technology Market Research Company | BioNixus","Technology Market Research Company (2026)",https://www.bionixus.com/market-research/technology
/market-research/automotive,https://www.bionixus.com/market-research/automotive,200,true,787,true,1213,"Automotive Market Research Company | BioNixus","Automotive Market Research Company (2026)",https://www.bionixus.com/market-research/automotive
/market-research/retail,https://www.bionixus.com/market-research/retail,200,true,786,true,1214,"Retail & Shopper Market Research Company | BioNixus","Retail & Shopper Market Research Company (2026)",https://www.bionixus.com/market-research/retail
/market-research/education,https://www.bionixus.com/market-research/education,200,true,781,true,1219,"Education Market Research Company | BioNixus","Education Market Research Company (2026)",https://www.bionixus.com/market-research/education
/market-research/media,https://www.bionixus.com/market-research/media,200,true,781,true,1219,"Media & Entertainment Market Research Company | BioNixus","Media & Entertainment Market Research Company (2026)",https://www.bionixus.com/market-research/media
/market-research/public-sector,https://www.bionixus.com/market-research/public-sector,200,true,780,true,1220,"Public Sector & Government Market Research Compan | BioNixus","Public Sector & Government Market Research Company (2026)",https://www.bionixus.com/market-research/public-sector
/pharmacy-mystery-shopper,https://www.bionixus.com/pharmacy-mystery-shopper,200,true,770,true,1230,"Pharmacy Mystery Shopper | Availability | BioNixus","Pharmacy mystery shopper — availability, facing, and price in trade",https://www.bionixus.com/pharmacy-mystery-shopper
/market-research/telecom,https://www.bionixus.com/market-research/telecom,200,true,767,true,1233,"Telecom Market Research Company | BioNixus","Telecom Market Research Company (2026)",https://www.bionixus.com/market-research/telecom
/pharmaceutical-competitor-intelligence,https://www.bionixus.com/pharmaceutical-competitor-intelligence,200,true,762,true,1238,"Pharma Competitor Intelligence | BioNixus","Pharmaceutical competitor intelligence — brand vs competitors in-market",https://www.bionixus.com/pharmaceutical-competitor-intelligence
/market-research/financial-services,https://www.bionixus.com/market-research/financial-services,200,true,760,true,1240,"Financial Services Market Research Company | BioNixus","Financial Services Market Research Company (2026)",https://www.bionixus.com/market-research/financial-services
/pharma-insights-uae,https://www.bionixus.com/pharma-insights-uae,200,true,747,true,1253,"Pharma Insights United Arab Emirates | Market Res | BioNixus","Pharma Insights in United Arab Emirates: Evidence for Launch & Access Decisions",https://www.bionixus.com/pharma-insights-uae
/pharma-insights-united-states,https://www.bionixus.com/pharma-insights-united-states,200,true,745,true,1255,"Pharma Insights United States | Market Research | BioNixus","Pharma Insights in United States: Evidence for Launch & Access Decisions",https://www.bionixus.com/pharma-insights-united-states
/market-research-healthcare,https://www.bionixus.com/market-research-healthcare,200,true,743,true,1257,"Healthcare Market Research Services | Pharma Evid | BioNixus","Healthcare market research for pharmaceutical decisions in Europe and the Middle East",https://www.bionixus.com/market-research-healthcare
/pharma-insights-saudi-arabia,https://www.bionixus.com/pharma-insights-saudi-arabia,200,true,743,true,1257,"Pharma Insights Saudi Arabia | Market Research | BioNixus","Pharma Insights in Saudi Arabia: Evidence for Launch & Access Decisions",https://www.bionixus.com/pharma-insights-saudi-arabia
/pt/market-research-healthcare,https://www.bionixus.com/pt/market-research-healthcare,200,true,743,true,1257,"Healthcare Market Research Services | Pharma Evid | BioNixus","Healthcare market research for pharmaceutical decisions in Europe and the Middle East",https://www.bionixus.com/pt/market-research-healthcare
/ru/market-research-healthcare,https://www.bionixus.com/ru/market-research-healthcare,200,true,743,true,1257,"Healthcare Market Research Services | Pharma Evid | BioNixus","Healthcare market research for pharmaceutical decisions in Europe and the Middle East",https://www.bionixus.com/ru/market-research-healthcare
/market-research/fmcg,https://www.bionixus.com/market-research/fmcg,200,true,742,true,1258,"FMCG & Consumer Goods Market Research Company | BioNixus","FMCG & Consumer Goods Market Research Company (2026)",https://www.bionixus.com/market-research/fmcg
/zh/services,https://www.bionixus.com/zh/services,200,true,739,true,1261,"Services | BioNixus","面向中国与亚太市场的医药及医疗健康市场研究",https://www.bionixus.com/zh/services
/pharma-insights-uk,https://www.bionixus.com/pharma-insights-uk,200,true,736,true,1264,"Pharma Insights United Kingdom | Market Research | BioNixus","Pharma Insights in United Kingdom: Evidence for Launch & Access Decisions",https://www.bionixus.com/pharma-insights-uk
/pharma-insights-qatar,https://www.bionixus.com/pharma-insights-qatar,200,true,728,true,1272,"Pharma Insights Qatar | Market Research | BioNixus","Pharma Insights in Qatar: Evidence for Launch & Access Decisions",https://www.bionixus.com/pharma-insights-qatar
/fr/healthcare-market-research/france,https://www.bionixus.com/fr/healthcare-market-research/france,200,true,727,true,1273,"Études de marché pharmaceutique France | HAS et A | BioNixus","Études de marché pharmaceutique en France",https://www.bionixus.com/fr/healthcare-market-research/france
/pharma-insights-egypt,https://www.bionixus.com/pharma-insights-egypt,200,true,725,true,1275,"Pharma Insights Egypt | Market Research | BioNixus","Pharma Insights in Egypt: Evidence for Launch & Access Decisions",https://www.bionixus.com/pharma-insights-egypt
/real-world-evidence-uae,https://www.bionixus.com/real-world-evidence-uae,200,true,725,true,1275,"Real-World Evidence (RWE) in United Arab Emirates | BioNixus","Real-World Evidence in United Arab Emirates: Practice-Pattern Insight for Access & Medical Teams",https://www.bionixus.com/real-world-evidence-uae
/pharma-insights-kuwait,https://www.bionixus.com/pharma-insights-kuwait,200,true,723,true,1277,"Pharma Insights Kuwait | Market Research | BioNixus","Pharma Insights in Kuwait: Evidence for Launch & Access Decisions",https://www.bionixus.com/pharma-insights-kuwait
/pharma-insights-canada,https://www.bionixus.com/pharma-insights-canada,200,true,722,true,1278,"Pharma Insights Canada | Market Research | BioNixus","Pharma Insights in Canada: Evidence for Launch & Access Decisions",https://www.bionixus.com/pharma-insights-canada
/real-world-evidence-saudi-arabia,https://www.bionixus.com/real-world-evidence-saudi-arabia,200,true,722,true,1278,"Real-World Evidence (RWE) in Saudi Arabia | BioNixus","Real-World Evidence in Saudi Arabia: Practice-Pattern Insight for Access & Medical Teams",https://www.bionixus.com/real-world-evidence-saudi-arabia
/pharma-insights-europe,https://www.bionixus.com/pharma-insights-europe,200,true,721,true,1279,"Pharma Insights Europe | Market Research | BioNixus","Pharma Insights in Europe: Evidence for Launch & Access Decisions",https://www.bionixus.com/pharma-insights-europe
/pharma-insights-bahrain,https://www.bionixus.com/pharma-insights-bahrain,200,true,720,true,1280,"Pharma Insights Bahrain | Market Research | BioNixus","Pharma Insights in Bahrain: Evidence for Launch & Access Decisions",https://www.bionixus.com/pharma-insights-bahrain
/real-world-evidence-united-states,https://www.bionixus.com/real-world-evidence-united-states,200,true,720,true,1280,"Real-World Evidence (RWE) in United States | BioNixus","Real-World Evidence in United States: Practice-Pattern Insight for Access & Medical Teams",https://www.bionixus.com/real-world-evidence-united-states
/pharma-insights-germany,https://www.bionixus.com/pharma-insights-germany,200,true,718,true,1282,"Pharma Insights Germany | Market Research | BioNixus","Pharma Insights in Germany: Evidence for Launch & Access Decisions",https://www.bionixus.com/pharma-insights-germany
/pharma-insights-oman,https://www.bionixus.com/pharma-insights-oman,200,true,718,true,1282,"Pharma Insights Oman | Market Research | BioNixus","Pharma Insights in Oman: Evidence for Launch & Access Decisions",https://www.bionixus.com/pharma-insights-oman
/pharma-insights-france,https://www.bionixus.com/pharma-insights-france,200,true,717,true,1283,"Pharma Insights France | Market Research | BioNixus","Pharma Insights in France: Evidence for Launch & Access Decisions",https://www.bionixus.com/pharma-insights-france
/gcc-functional-service-providers-market,https://www.bionixus.com/gcc-functional-service-providers-market,200,true,714,true,1286,"GCC Functional Service Providers (FSP) Market 2026 | Size","GCC Functional Service Providers (FSP) Market: Sponsor & Delivery Intelligence",https://www.bionixus.com/gcc-functional-service-providers-market
/real-world-evidence-uk,https://www.bionixus.com/real-world-evidence-uk,200,true,711,true,1289,"Real-World Evidence (RWE) in United Kingdom | BioNixus","Real-World Evidence in United Kingdom: Practice-Pattern Insight for Access & Medical Teams",https://www.bionixus.com/real-world-evidence-uk
/pharma-insights-spain,https://www.bionixus.com/pharma-insights-spain,200,true,710,true,1290,"Pharma Insights Spain | Market Research | BioNixus","Pharma Insights in Spain: Evidence for Launch & Access Decisions",https://www.bionixus.com/pharma-insights-spain
/pharma-insights-turkey,https://www.bionixus.com/pharma-insights-turkey,200,true,710,true,1290,"Pharma Insights Turkey | Market Research | BioNixus","Pharma Insights in Turkey: Evidence for Launch & Access Decisions",https://www.bionixus.com/pharma-insights-turkey
/pharma-insights-italy,https://www.bionixus.com/pharma-insights-italy,200,true,708,true,1292,"Pharma Insights Italy | Market Research | BioNixus","Pharma Insights in Italy: Evidence for Launch & Access Decisions",https://www.bionixus.com/pharma-insights-italy
/real-world-evidence-qatar,https://www.bionixus.com/real-world-evidence-qatar,200,true,708,true,1292,"Real-World Evidence (RWE) in Qatar | BioNixus","Real-World Evidence in Qatar: Practice-Pattern Insight for Access & Medical Teams",https://www.bionixus.com/real-world-evidence-qatar
/real-world-evidence-egypt,https://www.bionixus.com/real-world-evidence-egypt,200,true,705,true,1295,"Real-World Evidence (RWE) in Egypt | BioNixus","Real-World Evidence in Egypt: Practice-Pattern Insight for Access & Medical Teams",https://www.bionixus.com/real-world-evidence-egypt
/real-world-evidence-kuwait,https://www.bionixus.com/real-world-evidence-kuwait,200,true,703,true,1297,"Real-World Evidence (RWE) in Kuwait | BioNixus","Real-World Evidence in Kuwait: Practice-Pattern Insight for Access & Medical Teams",https://www.bionixus.com/real-world-evidence-kuwait
/mea-clinical-trial-imaging-market,https://www.bionixus.com/mea-clinical-trial-imaging-market,200,true,700,true,1300,"Middle East & Africa Clinical Trial Imaging Marke | BioNixus","Middle East & Africa Clinical Trial Imaging Market Intelligence",https://www.bionixus.com/mea-clinical-trial-imaging-market
/real-world-evidence-bahrain,https://www.bionixus.com/real-world-evidence-bahrain,200,true,700,true,1300,"Real-World Evidence (RWE) in Bahrain | BioNixus","Real-World Evidence in Bahrain: Practice-Pattern Insight for Access & Medical Teams",https://www.bionixus.com/real-world-evidence-bahrain
/real-world-evidence-canada,https://www.bionixus.com/real-world-evidence-canada,200,true,698,true,1302,"Real-World Evidence (RWE) in Canada | BioNixus","Real-World Evidence in Canada: Practice-Pattern Insight for Access & Medical Teams",https://www.bionixus.com/real-world-evidence-canada
/real-world-evidence-oman,https://www.bionixus.com/real-world-evidence-oman,200,true,698,true,1302,"Real-World Evidence (RWE) in Oman | BioNixus","Real-World Evidence in Oman: Practice-Pattern Insight for Access & Medical Teams",https://www.bionixus.com/real-world-evidence-oman
/real-world-evidence-europe,https://www.bionixus.com/real-world-evidence-europe,200,true,697,true,1303,"Real-World Evidence (RWE) in Europe | BioNixus","Real-World Evidence in Europe: Practice-Pattern Insight for Access & Medical Teams",https://www.bionixus.com/real-world-evidence-europe
/real-world-evidence-germany,https://www.bionixus.com/real-world-evidence-germany,200,true,694,true,1306,"Real-World Evidence (RWE) in Germany | BioNixus","Real-World Evidence in Germany: Practice-Pattern Insight for Access & Medical Teams",https://www.bionixus.com/real-world-evidence-germany
/real-world-evidence-france,https://www.bionixus.com/real-world-evidence-france,200,true,693,true,1307,"Real-World Evidence (RWE) in France | BioNixus","Real-World Evidence in France: Practice-Pattern Insight for Access & Medical Teams",https://www.bionixus.com/real-world-evidence-france
/real-world-evidence-turkey,https://www.bionixus.com/real-world-evidence-turkey,200,true,690,true,1310,"Real-World Evidence (RWE) in Turkey | BioNixus","Real-World Evidence in Turkey: Practice-Pattern Insight for Access & Medical Teams",https://www.bionixus.com/real-world-evidence-turkey
/real-world-evidence-spain,https://www.bionixus.com/real-world-evidence-spain,200,true,686,true,1314,"Real-World Evidence (RWE) in Spain | BioNixus","Real-World Evidence in Spain: Practice-Pattern Insight for Access & Medical Teams",https://www.bionixus.com/real-world-evidence-spain
/real-world-evidence-italy,https://www.bionixus.com/real-world-evidence-italy,200,true,684,true,1316,"Real-World Evidence (RWE) in Italy | BioNixus","Real-World Evidence in Italy: Practice-Pattern Insight for Access & Medical Teams",https://www.bionixus.com/real-world-evidence-italy
/gcc-medication-management-market,https://www.bionixus.com/gcc-medication-management-market,200,true,650,true,1350,"GCC Medication Management Market Research | BioNixus","GCC Medication Management Market: Pharmacy, Automation & Adherence Intelligence",https://www.bionixus.com/gcc-medication-management-market
/italy-oncology-antiinfective-market-access,https://www.bionixus.com/italy-oncology-antiinfective-market-access,200,true,633,true,1367,"Italy Oncology & Anti-infective Market Access Res | BioNixus","Italy Oncology & Anti-infective Market Access: AIFA, Hospital & Regional Intelligence",https://www.bionixus.com/italy-oncology-antiinfective-market-access
/singapore-ivd-market-access,https://www.bionixus.com/singapore-ivd-market-access,200,true,615,true,1385,"Singapore IVD Market Access Research | BioNixus","Singapore IVD Market Access: Lab, Hospital & Regulatory Intelligence",https://www.bionixus.com/singapore-ivd-market-access
/italy-portable-diagnostic-devices-market,https://www.bionixus.com/italy-portable-diagnostic-devices-market,200,true,613,true,1387,"Italy Portable Diagnostic Devices Market Research | BioNixus","Italy Portable Diagnostic Devices Market: POCT & Adoption Intelligence",https://www.bionixus.com/italy-portable-diagnostic-devices-market
/italy-medical-device-connectivity-market,https://www.bionixus.com/italy-medical-device-connectivity-market,200,true,601,true,1399,"Italy Medical Device Connectivity & Digital Healt | BioNixus","Italy Medical Device Connectivity & Digital Health Market Intelligence",https://www.bionixus.com/italy-medical-device-connectivity-market
/ar/pharmaceutical-companies-egypt,https://www.bionixus.com/ar/pharmaceutical-companies-egypt,200,true,592,true,1408,"شركات الأدوية في مصر 2026 | دليل الشركات","شركات الأدوية في مصر",https://www.bionixus.com/ar/pharmaceutical-companies-egypt
/japan-medical-device-market-access,https://www.bionixus.com/japan-medical-device-market-access,200,true,587,true,1413,"Japan Medical Device Market Access & Automation | BioNixus","Japan Medical Device Market Access & Medical Automation Intelligence",https://www.bionixus.com/japan-medical-device-market-access
/consumer-market-research,https://www.bionixus.com/consumer-market-research,200,true,578,true,1422,"Consumer & Business Market Research Company — FMC | BioNixus","Consumer & Business Market Research — Global Coverage",https://www.bionixus.com/consumer-market-research
/doxorubicin-market,https://www.bionixus.com/doxorubicin-market,200,true,574,true,1426,"Doxorubicin Market Access Research | BioNixus","Doxorubicin Market Access: Protocol, Tender & Formulation Intelligence",https://www.bionixus.com/doxorubicin-market
/italy-clinical-trials-market,https://www.bionixus.com/italy-clinical-trials-market,200,true,569,true,1431,"Italy Clinical Trials Market Research | BioNixus","Italy Clinical Trials Market: Site, Feasibility & Sponsor Intelligence",https://www.bionixus.com/italy-clinical-trials-market
/mek-inhibitors-market,https://www.bionixus.com/mek-inhibitors-market,200,true,567,true,1433,"MEK Inhibitors Market Access Research | BioNixus","MEK Inhibitors Market Access: Oncology Evidence & Commercial Intelligence",https://www.bionixus.com/mek-inhibitors-market
/bionixus-industries/insights,https://www.bionixus.com/bionixus-industries/insights,200,true,563,true,1437,"Industry Insights Blog | B2B & B2C Market Researc | BioNixus","B2B & B2C Market Research Insights",https://www.bionixus.com/bionixus-industries/insights
/japan-medical-disposables-market,https://www.bionixus.com/japan-medical-disposables-market,200,true,547,true,1453,"Japan Medical Disposables Market Research | BioNixus","Japan Medical Disposables Market: Procurement & Adoption Intelligence",https://www.bionixus.com/japan-medical-disposables-market
/japan-neurology-devices-market,https://www.bionixus.com/japan-neurology-devices-market,200,true,546,true,1454,"Japan Neurology Devices Market Research | BioNixus","Japan Neurology Devices Market: Clinical & Access Intelligence",https://www.bionixus.com/japan-neurology-devices-market
/febrile-neutropenia-market,https://www.bionixus.com/febrile-neutropenia-market,200,true,544,true,1456,"Febrile Neutropenia Market 2026: Size, G-CSF & Forecast","Febrile Neutropenia Market: Supportive-Care & Protocol Intelligence",https://www.bionixus.com/febrile-neutropenia-market
/ar/pharmaceutical-companies-uae,https://www.bionixus.com/ar/pharmaceutical-companies-uae,200,true,542,true,1458,"شركات الأدوية في الإمارات 2026 | دليل الشركات","شركات الأدوية في الإمارات",https://www.bionixus.com/ar/pharmaceutical-companies-uae
/ar/pharmaceutical-companies-kuwait,https://www.bionixus.com/ar/pharmaceutical-companies-kuwait,200,true,531,true,1469,"شركات الأدوية في الكويت 2026 | دليل الشركات","شركات الأدوية في الكويت",https://www.bionixus.com/ar/pharmaceutical-companies-kuwait
/ar/pharmaceutical-companies-saudi-arabia,https://www.bionixus.com/ar/pharmaceutical-companies-saudi-arabia,200,true,528,true,1472,"شركات الأدوية في السعودية 2026 | دليل الشركات","شركات الأدوية في السعودية",https://www.bionixus.com/ar/pharmaceutical-companies-saudi-arabia
/ar/pharmaceutical-companies-qatar,https://www.bionixus.com/ar/pharmaceutical-companies-qatar,200,true,517,true,1483,"شركات الأدوية في قطر 2026 | دليل الشركات","شركات الأدوية في قطر",https://www.bionixus.com/ar/pharmaceutical-companies-qatar
/ar/pharmaceutical-companies-oman,https://www.bionixus.com/ar/pharmaceutical-companies-oman,200,true,504,true,1496,"شركات الأدوية في عُمان 2026 | دليل الشركات","شركات الأدوية في عُمان",https://www.bionixus.com/ar/pharmaceutical-companies-oman
/zh/bionixus-industries,https://www.bionixus.com/zh/bionixus-industries,200,true,420,true,1580,"Bionixus Industries | BioNixus","一家研究机构， 服务我们所覆盖的每一个行业",https://www.bionixus.com/zh/bionixus-industries
/qualitative-market-research,https://www.bionixus.com/qualitative-market-research,200,true,409,true,1591,"Qualitative Market Research for Healthcare and Ph | BioNixus","Qualitative Market Research for Pharmaceutical Strategy",https://www.bionixus.com/qualitative-market-research
/insights,https://www.bionixus.com/insights,200,true,390,true,1610,"BioNixus Insights for Healthcare & Pharma Strateg | BioNixus","Why BioNixus Insights Matter in Healthcare and Pharmaceuticals",https://www.bionixus.com/insights
/zh/insights/top-market-research-companies-egypt-2026,https://www.bionixus.com/zh/insights/top-market-research-companies-egypt-2026,200,true,356,true,1644,"埃及最佳市场研究公司 5 强（2026）| 买家指南 | BioNixus","埃及最佳市场研究公司 5 强（2026）",https://www.bionixus.com/zh/insights/top-market-research-companies-egypt-2026
/fr/market-research-healthcare,https://www.bionixus.com/fr/market-research-healthcare,200,true,354,true,1646,"Healthcare Market Research | Recherche healthcare et...","Healthcare market research pour decisions pharmaceutiques en Europe et Moyen-Orient",https://www.bionixus.com/fr/market-research-healthcare
/zh/bionixus-market-research-middle-east,https://www.bionixus.com/zh/bionixus-market-research-middle-east,200,true,352,true,1648,"中东制药市场研究 | 海湾国家证据项目 | BioNixus","加速海湾国家上市决策的中东制药市场研究",https://www.bionixus.com/zh/bionixus-market-research-middle-east
/es/market-research-healthcare,https://www.bionixus.com/es/market-research-healthcare,200,true,341,true,1659,"Healthcare Market Research | Investigacion healthcare y...","Healthcare market research para decisiones farmaceuticas en Europa y Oriente Medio",https://www.bionixus.com/es/market-research-healthcare
/de/market-research-healthcare,https://www.bionixus.com/de/market-research-healthcare,200,true,330,true,1670,"Healthcare Market Research | Pharma Healthcare Market...","Healthcare market research fuer pharmazeutische Entscheidungen in Europa und Nahost",https://www.bionixus.com/de/market-research-healthcare
/zh/strategic-portfolio,https://www.bionixus.com/zh/strategic-portfolio,200,true,321,true,1679,"BioNixus 战略产品组合 | EMEA 与 MENA 制药研究能力","战略产品组合：贯穿 EMEA 与 MENA 的制药研究与市场准入能力",https://www.bionixus.com/zh/strategic-portfolio
/ar/market-research-healthcare,https://www.bionixus.com/ar/market-research-healthcare,200,true,314,true,1686,"Healthcare Market Research | ابحاث healthcare ودوائية لاوروبا...","Healthcare market research لقرارات دوائية في اوروبا والشرق الاوسط",https://www.bionixus.com/ar/market-research-healthcare
/fr/insights,https://www.bionixus.com/fr/insights,200,true,297,true,1703,"Insights BioNixus pour la stratégie santé et pharma","Pourquoi les insights BioNixus comptent en santé et pharmacie",https://www.bionixus.com/fr/insights
/pt/insights,https://www.bionixus.com/pt/insights,200,true,295,true,1705,"Insights BioNixus para estratégia em saúde e farmacêutica","Por que os insights da BioNixus são decisivos em saúde e farmacêutica",https://www.bionixus.com/pt/insights
/es/insights,https://www.bionixus.com/es/insights,200,true,293,true,1707,"Insights de BioNixus para estrategia sanitaria y farmacéuti","Por qué los insights de BioNixus importan en salud y farmacia",https://www.bionixus.com/es/insights
/bionixus-ai-chatbots-increase-sales-and-lead-generation,https://www.bionixus.com/bionixus-ai-chatbots-increase-sales-and-lead-generation,200,true,289,true,1711,"AI Chatbots in Pharmaceutical Market Research | BioNixus","AI Chatbots for Healthcare Market Research and Lead Generation",https://www.bionixus.com/bionixus-ai-chatbots-increase-sales-and-lead-generation
/ar/arabic-blog-alsawdyh,https://www.bionixus.com/ar/arabic-blog-alsawdyh,200,true,282,true,1718,"المدونة العربية: أبحاث السوق الدوائي في السعودية | BioNixus","دليل أبحاث السوق الدوائي في السعودية",https://www.bionixus.com/ar/arabic-blog-alsawdyh
/zh/about,https://www.bionixus.com/zh/about,200,true,263,true,1737,"关于 BioNixus | 基于受监管医药的全球市场研究 | BioNixus","全球市场研究——建立在医药这一我们服务的最受监管行业之上，并扩展至跨行业信赖",https://www.bionixus.com/zh/about
/zh/methodology,https://www.bionixus.com/zh/methodology,200,true,244,true,1756,"Healthcare Research Methodology & Process | BioNixus","医疗健康市场研究方法",https://www.bionixus.com/zh/methodology
/ru/insights,https://www.bionixus.com/ru/insights,200,true,232,true,1768,"Аналитика BioNixus для фармацевтической стратегии","Почему аналитика BioNixus важна в здравоохранении и фармацевтике",https://www.bionixus.com/ru/insights
/ar/insights,https://www.bionixus.com/ar/insights,200,true,222,true,1778,"رؤى بيونكسس لاستراتيجيات الرعاية الصحية والأدوية","لماذا تُحدث رؤى بيونكسس فرقاً في الرعاية الصحية والأدوية",https://www.bionixus.com/ar/insights
/tools/syndicated-data-gap,https://www.bionixus.com/tools/syndicated-data-gap,200,true,208,true,1792,"Syndicated Data Gap Diagnostic | BioNixus","Syndicated data gap diagnostic",https://www.bionixus.com/tools/syndicated-data-gap
/de/insights,https://www.bionixus.com/de/insights,200,true,205,true,1795,"BioNixus Insights für Pharma- und Gesundheitsstrategie","Warum BioNixus Insights in Pharma und Gesundheitswesen zählen",https://www.bionixus.com/de/insights
/news,https://www.bionixus.com/news,200,true,192,true,1808,"News & Press Releases | BioNixus","News",https://www.bionixus.com/news
/templates/mystery-shop-retail-brief,https://www.bionixus.com/templates/mystery-shop-retail-brief,200,true,186,true,1814,"Mystery Shop Retail Brief (GCC) | BioNixus","Mystery-shop retail brief (GCC)",https://www.bionixus.com/templates/mystery-shop-retail-brief
/templates/country-research-brief,https://www.bionixus.com/templates/country-research-brief,200,true,172,true,1828,"Country Research Brief Template | BioNixus","Country research brief template",https://www.bionixus.com/templates/country-research-brief
/videos,https://www.bionixus.com/videos,200,true,143,true,1857,"Market Research Videos | BioNixus","Market research videos",https://www.bionixus.com/videos
/clinical-diagnostics-proposal-request,https://www.bionixus.com/clinical-diagnostics-proposal-request,200,true,141,true,1859,"Register for Clinical Diagnostics Proposal | BioNixus","Receive the full market assessment proposal",https://www.bionixus.com/clinical-diagnostics-proposal-request
/zh/market-research-healthcare,https://www.bionixus.com/zh/market-research-healthcare,200,true,134,true,1866,"Healthcare Market Research | 欧洲与中东医药Healthcare市场研究","服务欧洲与中东制药决策的healthcare market research",https://www.bionixus.com/zh/market-research-healthcare
/media,https://www.bionixus.com/media,200,true,132,true,1868,"Media Kit & Press Contact | BioNixus","Media kit",https://www.bionixus.com/media
/ar/strategic-portfolio,https://www.bionixus.com/ar/strategic-portfolio,200,true,85,true,1915,"محفظة BioNixus الاستراتيجية | أبحاث السوق والاستشارات","أبحاث السوق و الاستشارات الاستراتيجية",https://www.bionixus.com/ar/strategic-portfolio
/bionixus-middle-east-africa,https://www.bionixus.com/bionixus-middle-east-africa,200,true,40,true,1960,"BioNixus Middle East &amp; Africa | Pharma Insights, RWE &amp; Market Research","BioNixus Middle East & Africa — pharmaceutical insights, real-world evidence, and commercial research",https://www.bionixus.com/bionixus-middle-east-africa
/zh/insights,https://www.bionixus.com/zh/insights,200,true,24,true,1976,"Insights | BioNixus","BioNixus 洞察为何对医药与医疗健康至关重要",https://www.bionixus.com/zh/insights
/videos/consumer-b2b-market-research,https://www.bionixus.com/videos/consumer-b2b-market-research,200,true,7,true,1993,"Videos Consumer B2b Market Research | BioNixus","",https://www.bionixus.com/videos/consumer-b2b-market-research
/videos/healthcare-market-research-overview,https://www.bionixus.com/videos/healthcare-market-research-overview,200,true,7,true,1993,"Videos Healthcare Market Research Overview | BioNixus","",https://www.bionixus.com/videos/healthcare-market-research-overview
/market-research-by-industry,https://www.bionixus.com/market-research-by-industry,200,true,9683,false,-7683,"Market Research by Industry | BioNixus","Market research by industry — global coverage",https://www.bionixus.com/market-research-by-industry
/healthcare-fieldwork-middle-east,https://www.bionixus.com/healthcare-fieldwork-middle-east,200,true,8086,false,-6086,"Healthcare Fieldwork Middle East | BioNixus","Healthcare Fieldwork Middle East",https://www.bionixus.com/healthcare-fieldwork-middle-east
/pharma-fieldwork-uae,https://www.bionixus.com/pharma-fieldwork-uae,200,true,8037,false,-6037,"Pharma Fieldwork UAE | Physician & Payer Research | BioNixus","Pharma Fieldwork UAE",https://www.bionixus.com/pharma-fieldwork-uae
/kuwait-market-access-research,https://www.bionixus.com/kuwait-market-access-research,200,true,7349,false,-5349,"Market Access Research Kuwait | BioNixus","Market Access Research Kuwait",https://www.bionixus.com/kuwait-market-access-research
/pharma-fieldwork-saudi-arabia,https://www.bionixus.com/pharma-fieldwork-saudi-arabia,200,true,7233,false,-5233,"Pharma Fieldwork Saudi Arabia | Physician & Payer Research","Pharma Fieldwork Saudi Arabia",https://www.bionixus.com/pharma-fieldwork-saudi-arabia
/patient-support-program-research-gcc,https://www.bionixus.com/patient-support-program-research-gcc,200,true,6453,false,-4453,"Patient Support Program Research GCC | BioNixus","Patient Support Program Research GCC",https://www.bionixus.com/patient-support-program-research-gcc
/qatar-market-access-research,https://www.bionixus.com/qatar-market-access-research,200,true,6140,false,-4140,"Market Access Research Qatar | BioNixus","Market Access Research Qatar",https://www.bionixus.com/qatar-market-access-research
/healthcare-market-research,https://www.bionixus.com/healthcare-market-research,200,true,6112,false,-4112,"Healthcare Market Research Companies | Who to Brief","Healthcare market research companies",https://www.bionixus.com/healthcare-market-research
/ru/healthcare-market-research,https://www.bionixus.com/ru/healthcare-market-research,200,true,6112,false,-4112,"Healthcare Market Research Companies | Who to Brief","Healthcare market research companies",https://www.bionixus.com/ru/healthcare-market-research
/zh/healthcare-market-research,https://www.bionixus.com/zh/healthcare-market-research,200,true,6112,false,-4112,"Healthcare Market Research Companies | Who to Brief","Healthcare market research companies",https://www.bionixus.com/zh/healthcare-market-research
/budget-impact-model-saudi-arabia,https://www.bionixus.com/budget-impact-model-saudi-arabia,200,true,5785,false,-3785,"Budget Impact Model Saudi Arabia | BioNixus","Budget Impact Model Saudi Arabia",https://www.bionixus.com/budget-impact-model-saudi-arabia
/pharma-fieldwork-egypt,https://www.bionixus.com/pharma-fieldwork-egypt,200,true,5693,false,-3693,"Pharma Fieldwork Egypt | Physician & Pharmacy Res | BioNixus","Pharma Fieldwork Egypt",https://www.bionixus.com/pharma-fieldwork-egypt
/saudi-payer-market-access-research,https://www.bionixus.com/saudi-payer-market-access-research,200,true,5604,false,-3604,"Saudi Payer Market Access Research | BioNixus","Saudi Payer Market Access Research",https://www.bionixus.com/saudi-payer-market-access-research
/uae-market-access-research,https://www.bionixus.com/uae-market-access-research,200,true,5204,false,-3204,"Market Access Research UAE | BioNixus","Market Access Research UAE",https://www.bionixus.com/uae-market-access-research
/gcc-hcp-recruitment-market-research,https://www.bionixus.com/gcc-hcp-recruitment-market-research,200,true,5195,false,-3195,"Physician Recruitment in Saudi Arabia and GCC | BioNixus","Physician Recruitment in Saudi Arabia and GCC",https://www.bionixus.com/gcc-hcp-recruitment-market-research
/cost-effectiveness-analysis-saudi-arabia,https://www.bionixus.com/cost-effectiveness-analysis-saudi-arabia,200,true,4872,false,-2872,"Cost-Effectiveness Analysis Saudi Arabia | BioNixus","Cost-Effectiveness Analysis Saudi Arabia",https://www.bionixus.com/cost-effectiveness-analysis-saudi-arabia
/uae-influenza-vaccine-report,https://www.bionixus.com/uae-influenza-vaccine-report,200,true,4717,false,-2717,"UAE Influenza Vaccine Market Report 2026 | BioNixus","UAE Influenza Vaccine Report 2026: Seasonality, Procurement, Payer Access, and Competitive Landscape",https://www.bionixus.com/uae-influenza-vaccine-report
/hta-studies-saudi-arabia,https://www.bionixus.com/hta-studies-saudi-arabia,200,true,4622,false,-2622,"HTA Studies Saudi Arabia | Health Technology Assessment |...","HTA Studies Saudi Arabia",https://www.bionixus.com/hta-studies-saudi-arabia
/china-medical-devices-market-report,https://www.bionixus.com/china-medical-devices-market-report,200,true,4462,false,-2462,"China Medical Devices Market 2026 | NMPA, VBP & Size","China Medical Devices Market 2026: NMPA Registration, VBP & Market Size",https://www.bionixus.com/china-medical-devices-market-report
/msl-insight-research-middle-east,https://www.bionixus.com/msl-insight-research-middle-east,200,true,4381,false,-2381,"MSL Insight Research Middle East | BioNixus","MSL Insight Research Middle East",https://www.bionixus.com/msl-insight-research-middle-east
/pt/insights/melhores-empresas-pesquisa-mercado-farmaceutico-brasil-2026,https://www.bionixus.com/pt/insights/melhores-empresas-pesquisa-mercado-farmaceutico-brasil-2026,200,true,4199,false,-2199,"Melhores Empresas de Pesquisa de Mercado Farmacêutico Brasil","Melhores Empresas de Pesquisa de Mercado Farmacêutico no Brasil (Guia 2026)",https://www.bionixus.com/pt/insights/melhores-empresas-pesquisa-mercado-farmaceutico-brasil-2026
/sweden-healthcare-market-report,https://www.bionixus.com/sweden-healthcare-market-report,200,true,4176,false,-2176,"Sweden Healthcare Market Research Report 2026 | BioNixus","Sweden Healthcare Market Report 2026: TLV Reimbursement, NT-rådet Hospital Drug Recommendations, and Commercial Intelligence",https://www.bionixus.com/sweden-healthcare-market-report
/iqvia-alternative,https://www.bionixus.com/iqvia-alternative,200,true,4141,false,-2141,"IQVIA Alternatives &amp; Competitors: Top 10 Ranked (2026)","IQVIA Competitors & Alternatives Built for How Pharma Really Works",https://www.bionixus.com/iqvia-alternative
/medical-affairs-insight-research-gcc,https://www.bionixus.com/medical-affairs-insight-research-gcc,200,true,4103,false,-2103,"Medical Affairs Insight Research GCC | BioNixus","Medical Affairs Insight Research GCC",https://www.bionixus.com/medical-affairs-insight-research-gcc
/japan-medical-devices-market-report,https://www.bionixus.com/japan-medical-devices-market-report,200,true,4083,false,-2083,"Japan Medical Devices Market 2026: $41B Size & PMDA Forecast","Japan Medical Devices Market 2026: $41B Size, PMDA & NHI Intelligence",https://www.bionixus.com/japan-medical-devices-market-report
/heor-consulting-saudi-arabia,https://www.bionixus.com/heor-consulting-saudi-arabia,200,true,4005,false,-2005,"HEOR Consulting Saudi Arabia | BioNixus","HEOR Consulting Saudi Arabia",https://www.bionixus.com/heor-consulting-saudi-arabia
/real-world-evidence-gcc,https://www.bionixus.com/real-world-evidence-gcc,200,true,3966,false,-1966,"Real World Evidence GCC | BioNixus","Real World Evidence GCC",https://www.bionixus.com/real-world-evidence-gcc
/patient-adherence-research-middle-east,https://www.bionixus.com/patient-adherence-research-middle-east,200,true,3941,false,-1941,"Patient Adherence Research Middle East | BioNixus","Patient Adherence Research Middle East",https://www.bionixus.com/patient-adherence-research-middle-east
/bionixus-industries/insights/financial-services-market-research-egypt-2026,https://www.bionixus.com/bionixus-industries/insights/financial-services-market-research-egypt-2026,200,true,3863,false,-1863,"Financial Services Market Research Egypt 2026 | BioNixus","Financial Services Market Research in Egypt (2026 Guide)",https://www.bionixus.com/bionixus-industries/insights/financial-services-market-research-egypt-2026
/bionixus-industries/insights/online-market-research-social-listening-brand-growth-2026,https://www.bionixus.com/bionixus-industries/insights/online-market-research-social-listening-brand-growth-2026,200,true,3783,false,-1783,"Online Market Research & Social Listening 2026 | BioNixus","Online Market Research and Social Listening for Brand Growth (2026 Guide)",https://www.bionixus.com/bionixus-industries/insights/online-market-research-social-listening-brand-growth-2026
/cost-effectiveness-analysis-gcc,https://www.bionixus.com/cost-effectiveness-analysis-gcc,200,true,3748,false,-1748,"Cost Effectiveness Analysis GCC: Saudi Arabia & U | BioNixus","Cost Effectiveness Analysis GCC: Saudi Arabia, UAE, Kuwait, Qatar Comparison",https://www.bionixus.com/cost-effectiveness-analysis-gcc
/uk-healthcare-market-report,https://www.bionixus.com/uk-healthcare-market-report,200,true,3741,false,-1741,"UK Healthcare Market Research Report 2026 | BioNixus","UK Healthcare Market Report 2026: NHS Pharmaceutical Market, NICE Access, and Commercial Intelligence",https://www.bionixus.com/uk-healthcare-market-report
/healthcare-market-research/saudi-arabia,https://www.bionixus.com/healthcare-market-research/saudi-arabia,200,true,3663,false,-1663,"Healthcare Market Research Companies in Saudi Arabia | SFDA & NUPCO | BioNixus","Healthcare market research companies in Saudi Arabia",https://www.bionixus.com/healthcare-market-research/saudi-arabia
/patient-journey-research-gcc,https://www.bionixus.com/patient-journey-research-gcc,200,true,3512,false,-1512,"Patient Journey Research GCC | Pathway Mapping | BioNixus","Patient Journey Research GCC",https://www.bionixus.com/patient-journey-research-gcc
/germany-healthcare-market-report,https://www.bionixus.com/germany-healthcare-market-report,200,true,3508,false,-1508,"Germany Healthcare Market Research Report 2026 | BioNixus","Germany Healthcare Market Report 2026: AMNOG Market Access, GKV Pharmaceutical Spend, and Commercial Intelligence",https://www.bionixus.com/germany-healthcare-market-report
/respiratory-market-access-gcc,https://www.bionixus.com/respiratory-market-access-gcc,200,true,3497,false,-1497,"Respiratory Market Access GCC | BioNixus","Respiratory Market Access GCC",https://www.bionixus.com/respiratory-market-access-gcc
/japan-healthcare-market-report,https://www.bionixus.com/japan-healthcare-market-report,200,true,3482,false,-1482,"Japan Healthcare Market 2026: Size, PMDA/NHI & Forecast","Japan Healthcare Market Report 2026: PMDA Approval, NHI Pricing, and Pharmaceutical Market Intelligence",https://www.bionixus.com/japan-healthcare-market-report
/gcc-medical-devices-market-report,https://www.bionixus.com/gcc-medical-devices-market-report,200,true,3475,false,-1475,"GCC Medical Devices Market 2026: $9.0B Size & Forecast","GCC Medical Devices Market 2026: Size, IVD & Hospital Procurement",https://www.bionixus.com/gcc-medical-devices-market-report
/uae-pricing-reimbursement-strategy,https://www.bionixus.com/uae-pricing-reimbursement-strategy,200,true,3436,false,-1436,"UAE Drug Pricing & Reimbursement 2026: MOHAP, DHA & DOH","UAE Pricing and Reimbursement Strategy",https://www.bionixus.com/uae-pricing-reimbursement-strategy
/healthcare-market-research-agency-gcc,https://www.bionixus.com/healthcare-market-research-agency-gcc,200,true,3420,false,-1420,"Healthcare Market Research Agency GCC | BioNixus","Healthcare Market Research Agency GCC for Pharmaceutical Launch and Access Decisions",https://www.bionixus.com/healthcare-market-research-agency-gcc
/gcc-pharma-market-report-2026,https://www.bionixus.com/gcc-pharma-market-report-2026,200,true,3410,false,-1410,"GCC Pharmaceutical Market 2026: Size, Companies, Outlook","GCC Pharmaceutical Market 2026: Size, Companies, Segments and Outlook",https://www.bionixus.com/gcc-pharma-market-report-2026
/healthcare-fieldwork-gcc,https://www.bionixus.com/healthcare-fieldwork-gcc,200,true,3404,false,-1404,"Healthcare Fieldwork GCC | Specialist HCP Researc | BioNixus","Healthcare Fieldwork GCC",https://www.bionixus.com/healthcare-fieldwork-gcc
/pharmaceutical-companies-kuwait,https://www.bionixus.com/pharmaceutical-companies-kuwait,200,true,3381,false,-1381,"Top 15 Pharmaceutical Companies in Kuwait (2026 Ranked List)","Pharmaceutical companies in Kuwait",https://www.bionixus.com/pharmaceutical-companies-kuwait
/healthcare-market-research/therapy/diabetes,https://www.bionixus.com/healthcare-market-research/therapy/diabetes,200,true,3361,false,-1361,"Diabetes Market Research | BioNixus","Diabetes market research",https://www.bionixus.com/healthcare-market-research/therapy/diabetes
/australia-healthcare-market-report,https://www.bionixus.com/australia-healthcare-market-report,200,true,3359,false,-1359,"Australia Healthcare Market Report 2026 | BioNixus","Australia Healthcare Market Report 2026: TGA, PBS, PBAC Market Access, and Commercial Intelligence",https://www.bionixus.com/australia-healthcare-market-report
/market-access,https://www.bionixus.com/market-access,200,true,3350,false,-1350,"Pharmaceutical Market Access Research | GCC, EU5 | BioNixus","Market access research and strategy for pharma, biotech, and medical devices",https://www.bionixus.com/market-access
/canada-healthcare-market-report,https://www.bionixus.com/canada-healthcare-market-report,200,true,3320,false,-1320,"Canada Healthcare Market Research Report 2026 | BioNixus","Canada Healthcare Market Report 2026: CADTH HTA, pCPA Negotiations, and Provincial Formulary Intelligence",https://www.bionixus.com/canada-healthcare-market-report
/qatar-healthcare-market-report,https://www.bionixus.com/qatar-healthcare-market-report,200,true,3303,false,-1303,"Qatar Healthcare Market Report 2026 | BioNixus","Qatar Healthcare Market Report 2026: Pharmaceutical Intelligence, HMC Access, and HTA Landscape",https://www.bionixus.com/qatar-healthcare-market-report
/healthcare-market-research/therapy/vaccines,https://www.bionixus.com/healthcare-market-research/therapy/vaccines,200,true,3278,false,-1278,"Vaccines Market Research | BioNixus","Vaccines market research",https://www.bionixus.com/healthcare-market-research/therapy/vaccines
/quantitative-healthcare-market-research,https://www.bionixus.com/quantitative-healthcare-market-research,200,true,3213,false,-1213,"Quantitative Healthcare Market Research Guide 202 | BioNixus","Quantitative Healthcare Market Research Methodology Guide 2026",https://www.bionixus.com/quantitative-healthcare-market-research
/south-korea-healthcare-market-report,https://www.bionixus.com/south-korea-healthcare-market-report,200,true,3159,false,-1159,"South Korea Healthcare Market Report 2026 | BioNixus","South Korea Healthcare Market Report 2026: HIRA, NHIS Reimbursement, and Biopharmaceutical Industry Intelligence",https://www.bionixus.com/south-korea-healthcare-market-report
/healthcare-market-research/uae,https://www.bionixus.com/healthcare-market-research/uae,200,true,3149,false,-1149,"Healthcare Market Research UAE: DHA, DOH & MOHAP | BioNixus","Healthcare Market Research in the UAE: Dubai, Abu Dhabi & Federal Hub",https://www.bionixus.com/healthcare-market-research/uae
/top-pharmacies-saudi-arabia,https://www.bionixus.com/top-pharmacies-saudi-arabia,200,true,3137,false,-1137,"Top 10 Pharmacies in Saudi Arabia 2026: Ranked by Stores","Top 10 Pharmacies in Saudi Arabia (2026): Ranked List of Pharmacy Chains",https://www.bionixus.com/top-pharmacies-saudi-arabia
/pharmaceutical-market-research-india,https://www.bionixus.com/pharmaceutical-market-research-india,200,true,3068,false,-1068,"Pharmaceutical Market Research Company in India | BioNixus","Pharmaceutical Market Research Company in India",https://www.bionixus.com/pharmaceutical-market-research-india
/real-estate-companies-egypt,https://www.bionixus.com/real-estate-companies-egypt,200,true,3041,false,-1041,"Top 24 Real Estate Developers in Egypt (2026 List)","Top Real Estate Developers in Egypt (2026)",https://www.bionixus.com/real-estate-companies-egypt
/singapore-healthcare-market-report,https://www.bionixus.com/singapore-healthcare-market-report,200,true,3041,false,-1041,"Singapore Healthcare Market Report 2026 | BioNixus","Singapore Healthcare Market Report 2026: HSA Registration, ACE HTA, and Southeast Asia Pharma Hub Intelligence",https://www.bionixus.com/singapore-healthcare-market-report
/australia-medical-devices-market-report,https://www.bionixus.com/australia-medical-devices-market-report,200,true,3030,false,-1030,"Australia Medical Devices Market Report 2026 | BioNixus","Australia Medical Devices Market Report 2026: TGA Registration, Prostheses List, and MSAC Reimbursement Intelligence",https://www.bionixus.com/australia-medical-devices-market-report
/france-healthcare-market-report,https://www.bionixus.com/france-healthcare-market-report,200,true,3018,false,-1018,"France Healthcare Market Report 2026 | BioNixus","France Healthcare Market Report 2026: HAS Market Access, Assurance Maladie, and Commercial Intelligence",https://www.bionixus.com/france-healthcare-market-report
/italy-healthcare-market-report,https://www.bionixus.com/italy-healthcare-market-report,200,true,3015,false,-1015,"Italy Healthcare Market Report 2026 | BioNixus","Italy Healthcare Market Report 2026: AIFA Market Access, SSN Reimbursement, and Commercial Intelligence",https://www.bionixus.com/italy-healthcare-market-report
/spain-healthcare-market-report,https://www.bionixus.com/spain-healthcare-market-report,200,true,2991,false,-991,"Spain Healthcare Market Report 2026 | BioNixus","Spain Healthcare Market Report 2026: AEMPS Market Access, SNS Reimbursement, and Regional Commercial Intelligence",https://www.bionixus.com/spain-healthcare-market-report
/real-estate-companies-saudi-arabia,https://www.bionixus.com/real-estate-companies-saudi-arabia,200,true,2949,false,-949,"Top 24 Real Estate Developers in Saudi Arabia (2026 List)","Top Real Estate Developers in Saudi Arabia (2026)",https://www.bionixus.com/real-estate-companies-saudi-arabia
/healthcare-market-research-france,https://www.bionixus.com/healthcare-market-research-france,200,true,2925,false,-925,"Healthcare Market Research Company in France | BioNixus","Healthcare Market Research Company in France",https://www.bionixus.com/healthcare-market-research-france
/commercial-effectiveness-pharma-middle-east,https://www.bionixus.com/commercial-effectiveness-pharma-middle-east,200,true,2917,false,-917,"Commercial Effectiveness Pharma Middle East | BioNixus","Commercial Effectiveness Pharma Middle East",https://www.bionixus.com/commercial-effectiveness-pharma-middle-east
/usa-medical-devices-market-report,https://www.bionixus.com/usa-medical-devices-market-report,200,true,2912,false,-912,"USA Medical Devices Market Report 2026 | BioNixus Research","USA Medical Devices Market Report 2026: FDA Approval, CMS Reimbursement, and GPO/IDN Procurement Intelligence",https://www.bionixus.com/usa-medical-devices-market-report
/healthcare-market-research-kuwait,https://www.bionixus.com/healthcare-market-research-kuwait,200,true,2905,false,-905,"Healthcare Market Research Kuwait | MOH & GPADC | BioNixus","Healthcare & Pharmaceutical Market Research in Kuwait",https://www.bionixus.com/healthcare-market-research-kuwait
/canada-medical-devices-market-report,https://www.bionixus.com/canada-medical-devices-market-report,200,true,2899,false,-899,"Canada Medical Devices Market Report 2026 | BioNixus","Canada Medical Devices Market Report 2026: Health Canada Licensing, CADTH Review, and Provincial Procurement Intelligence",https://www.bionixus.com/canada-medical-devices-market-report
/bahrain-healthcare-market-report,https://www.bionixus.com/bahrain-healthcare-market-report,200,true,2895,false,-895,"Bahrain Healthcare Market Report 2026 | BioNixus","Bahrain Healthcare Market Report 2026: NHRA Registration, Pharmaceutical Intelligence, and GCC Market Access",https://www.bionixus.com/bahrain-healthcare-market-report
/uae-medical-devices-market-report,https://www.bionixus.com/uae-medical-devices-market-report,200,true,2885,false,-885,"UAE Medical Devices Market Report 2026 | BioNixus","UAE Medical Devices Market Report 2026: MOHAP Registration, Dubai Hub Strategy, and Hospital Procurement Intelligence",https://www.bionixus.com/uae-medical-devices-market-report
/italy-medical-devices-market-report,https://www.bionixus.com/italy-medical-devices-market-report,200,true,2884,false,-884,"Italy Medical Devices Market Report 2026 | BioNixus","Italy Medical Devices Market Report 2026: EU MDR, BDNM Registration, and Regional Hospital Procurement Intelligence",https://www.bionixus.com/italy-medical-devices-market-report
/healthcare-market-research-qatar,https://www.bionixus.com/healthcare-market-research-qatar,200,true,2868,false,-868,"Healthcare Market Research Qatar | Doha & MoPH | BioNixus","Healthcare & Pharmaceutical Market Research in Qatar",https://www.bionixus.com/healthcare-market-research-qatar
/real-estate-companies-uae,https://www.bionixus.com/real-estate-companies-uae,200,true,2857,false,-857,"Top 24 Real Estate Developers in UAE (2026 List)","Top Real Estate Developers in the UAE (2026)",https://www.bionixus.com/real-estate-companies-uae
/pharmaceutical-companies-saudi-arabia,https://www.bionixus.com/pharmaceutical-companies-saudi-arabia,200,true,2848,false,-848,"Top 20 Pharmaceutical Companies in Saudi Arabia (2026 List)","Pharmaceutical Companies in Saudi Arabia",https://www.bionixus.com/pharmaceutical-companies-saudi-arabia
/brazil-medical-devices-market-report,https://www.bionixus.com/brazil-medical-devices-market-report,200,true,2816,false,-816,"Brazil Medical Devices Market 2026: ANVISA, Size & Forecast","Brazil Medical Devices Market Report 2026: ANVISA Regulation, SUS Procurement, and Commercial Strategy Intelligence",https://www.bionixus.com/brazil-medical-devices-market-report
/fr/strategic-portfolio,https://www.bionixus.com/fr/strategic-portfolio,200,true,2804,false,-804,"Portefeuille Stratégique BioNixus | Recherche Pharma EMEA &","Portefeuille stratégique : recherche pharmaceutique et accès au marché à travers l&#x27;EMEA et le MENA",https://www.bionixus.com/fr/strategic-portfolio
/kuwait-healthcare-market-report,https://www.bionixus.com/kuwait-healthcare-market-report,200,true,2801,false,-801,"Kuwait Healthcare Market 2026: Size, MOH Spend & Forecast","Kuwait Healthcare Market Report 2026: Pharmaceutical Intelligence, Medical Devices, and Market Access",https://www.bionixus.com/kuwait-healthcare-market-report
/canada-medtech-market-research,https://www.bionixus.com/canada-medtech-market-research,200,true,2800,false,-800,"MedTech Market Research Company in Canada (2026) | Health...","MedTech & Medical Devices Market Research Company in Canada",https://www.bionixus.com/canada-medtech-market-research
/healthcare-market-research-oman,https://www.bionixus.com/healthcare-market-research-oman,200,true,2793,false,-793,"Healthcare Market Research Oman | MoH Oman & SQUH | BioNixus","Healthcare & Pharmaceutical Market Research in Oman",https://www.bionixus.com/healthcare-market-research-oman
/heor-consulting,https://www.bionixus.com/heor-consulting,200,true,2791,false,-791,"HEOR Consulting Services: Health Economics & Outcomes Research","HEOR Consulting — GCC, Middle East & Europe",https://www.bionixus.com/heor-consulting
/pharmaceutical-market-research-uk,https://www.bionixus.com/pharmaceutical-market-research-uk,200,true,2790,false,-790,"Pharmaceutical Market Research Company in the UK | BioNixus","Pharmaceutical Market Research Company in the UK",https://www.bionixus.com/pharmaceutical-market-research-uk
/healthcare-market-research-jordan,https://www.bionixus.com/healthcare-market-research-jordan,200,true,2786,false,-786,"Healthcare Market Research Jordan | JFDA-Aligned | BioNixus","Healthcare & Pharmaceutical Market Research in Jordan",https://www.bionixus.com/healthcare-market-research-jordan
/pharmaceutical-market-research-china,https://www.bionixus.com/pharmaceutical-market-research-china,200,true,2749,false,-749,"Pharmaceutical Market Research China | BioNixus","Pharmaceutical Market Research Company in China",https://www.bionixus.com/pharmaceutical-market-research-china
/oman-medical-devices-market-report,https://www.bionixus.com/oman-medical-devices-market-report,200,true,2741,false,-741,"Oman Medical Devices Market 2026: Size, MOH & Forecast","Oman Medical Devices Market Report 2026: MOH Registration, Royal Hospital, and Vision 2040 Commercial Intelligence",https://www.bionixus.com/oman-medical-devices-market-report
/pharmaceutical-market-research-poland,https://www.bionixus.com/pharmaceutical-market-research-poland,200,true,2733,false,-733,"Pharmaceutical Market Research Company in Poland | BioNixus","Pharmaceutical Market Research Company in Poland",https://www.bionixus.com/pharmaceutical-market-research-poland
/healthcare-market-research/europe,https://www.bionixus.com/healthcare-market-research/europe,200,true,2731,false,-731,"Healthcare Market Research in Europe | BioNixus","Pharmaceutical Market Research Across Europe",https://www.bionixus.com/healthcare-market-research/europe
/pharmaceutical-market-research-japan,https://www.bionixus.com/pharmaceutical-market-research-japan,200,true,2709,false,-709,"Pharmaceutical Market Research Company in Japan | BioNixus","Pharmaceutical Market Research Company in Japan",https://www.bionixus.com/pharmaceutical-market-research-japan
/pharmaceutical-market-research-malaysia,https://www.bionixus.com/pharmaceutical-market-research-malaysia,200,true,2707,false,-707,"Pharmaceutical Market Research Company in Malaysi | BioNixus","Pharmaceutical Market Research Company in Malaysia",https://www.bionixus.com/pharmaceutical-market-research-malaysia
/pharmaceutical-companies-uae,https://www.bionixus.com/pharmaceutical-companies-uae,200,true,2703,false,-703,"Top 30 Pharmaceutical Companies in UAE (2026 List)","Pharmaceutical Companies in the UAE",https://www.bionixus.com/pharmaceutical-companies-uae
/es/healthcare-market-research/spain,https://www.bionixus.com/es/healthcare-market-research/spain,200,true,2692,false,-692,"Investigación de Mercado Sanitario España | BioNixus","Investigación de Mercado en Salud en España",https://www.bionixus.com/es/healthcare-market-research/spain
/pharmaceutical-market-research-singapore,https://www.bionixus.com/pharmaceutical-market-research-singapore,200,true,2690,false,-690,"Pharmaceutical Market Research Company in Singapo | BioNixus","Pharmaceutical Market Research Company in Singapore",https://www.bionixus.com/pharmaceutical-market-research-singapore
/ar,https://www.bionixus.com/ar,200,true,2688,false,-688,"BioNixus | أبحاث سوق صحية ودوائية عالمية","أبحاث تصنع استراتيجيتك",https://www.bionixus.com/ar
/es/healthcare-market-research,https://www.bionixus.com/es/healthcare-market-research,200,true,2679,false,-679,"Estudios de mercado farmacéutico y sanitario | Europa y MEN","Estudios de mercado farmacéutico y sanitario para España, Europa y Oriente Medio",https://www.bionixus.com/es/healthcare-market-research
/qatar-medical-devices-market-report,https://www.bionixus.com/qatar-medical-devices-market-report,200,true,2669,false,-669,"Qatar Medical Devices Market Report 2026 | BioNixus","Qatar Medical Devices Market Report 2026: HMC Procurement, Sidra Medicine, and Commercial Intelligence",https://www.bionixus.com/qatar-medical-devices-market-report
/pharmaceutical-market-research-new-zealand,https://www.bionixus.com/pharmaceutical-market-research-new-zealand,200,true,2666,false,-666,"Pharmaceutical Market Research New Zealand | BioNixus","Pharmaceutical Market Research Company in New Zealand",https://www.bionixus.com/pharmaceutical-market-research-new-zealand
/pharmaceutical-market-research-italy,https://www.bionixus.com/pharmaceutical-market-research-italy,200,true,2662,false,-662,"Pharmaceutical Market Research Italy | BioNixus","Pharmaceutical Market Research Company in Italy",https://www.bionixus.com/pharmaceutical-market-research-italy
/pharmaceutical-market-research-australia,https://www.bionixus.com/pharmaceutical-market-research-australia,200,true,2654,false,-654,"Pharmaceutical Market Research Company in Austral | BioNixus","Pharmaceutical Market Research Company in Australia",https://www.bionixus.com/pharmaceutical-market-research-australia
/bahrain-medical-devices-market-report,https://www.bionixus.com/bahrain-medical-devices-market-report,200,true,2651,false,-651,"Bahrain Medical Devices Market Report 2026 | BioNixus","Bahrain Medical Devices Market Report 2026: NHRA Registration, GCC Sequential Entry, and Commercial Strategy",https://www.bionixus.com/bahrain-medical-devices-market-report
/healthcare-market-research/kuwait,https://www.bionixus.com/healthcare-market-research/kuwait,200,true,2641,false,-641,"Healthcare Market Research Kuwait | MOH Fieldwork | BioNixus","Pharmaceutical Market Research in Kuwait",https://www.bionixus.com/healthcare-market-research/kuwait
/gcc-anesthesia-surgical-market-report,https://www.bionixus.com/gcc-anesthesia-surgical-market-report,200,true,2636,false,-636,"GCC Anesthesia & Surgical Market 2026: Size & Country Data","GCC Anesthesia and Surgical Market Report 2026: Hospital Procedure Volumes and Drug Consumption Intelligence",https://www.bionixus.com/gcc-anesthesia-surgical-market-report
/healthcare-market-research/uk,https://www.bionixus.com/healthcare-market-research/uk,200,true,2634,false,-634,"Healthcare Market Research in United Kingdom | BioNixus","Pharmaceutical Market Research in the United Kingdom",https://www.bionixus.com/healthcare-market-research/uk
/france-medical-devices-market-report,https://www.bionixus.com/france-medical-devices-market-report,200,true,2631,false,-631,"France Medical Devices Market Report 2026 | BioNixus","France Medical Devices Market Report 2026: LPP Listing, ANSM Regulation, and Hospital Procurement Intelligence",https://www.bionixus.com/france-medical-devices-market-report
/bionixus-industries/insights/mdf-wood-manufacturing-market-research-trackers-mea,https://www.bionixus.com/bionixus-industries/insights/mdf-wood-manufacturing-market-research-trackers-mea,200,true,2625,false,-625,"Wood Boards Market Research Trackers | BioNixus","BioNixus Wood Boards Manufacturing Market Research Trackers: Leading Across the Middle East and Africa",https://www.bionixus.com/bionixus-industries/insights/mdf-wood-manufacturing-market-research-trackers-mea
/pharmaceutical-market-research-turkey,https://www.bionixus.com/pharmaceutical-market-research-turkey,200,true,2624,false,-624,"Pharmaceutical Market Research Company in Turkey | BioNixus","Pharmaceutical Market Research Company in Turkey",https://www.bionixus.com/pharmaceutical-market-research-turkey
/pharmaceutical-market-research-germany,https://www.bionixus.com/pharmaceutical-market-research-germany,200,true,2608,false,-608,"Pharmaceutical Market Research Germany | BioNixus","Pharmaceutical Market Research Company in Germany",https://www.bionixus.com/pharmaceutical-market-research-germany
/gcc-market-access-guide,https://www.bionixus.com/gcc-market-access-guide,200,true,2603,false,-603,"GCC Market Entry Guide 2026: Pharma & MedTech Access","GCC market entry guide 2026 — pharmaceutical and medtech market access, registration, pricing, and reimbursement",https://www.bionixus.com/gcc-market-access-guide
/fr/quantitative-healthcare-market-research,https://www.bionixus.com/fr/quantitative-healthcare-market-research,200,true,2596,false,-596,"Recherche Quantitative en Santé | Enquêtes HCP GC | BioNixus","Recherche Quantitative en Santé : enquêtes HCP, échantillonnage et modes CATI / CAPI / en ligne au GCC et en Europe",https://www.bionixus.com/fr/quantitative-healthcare-market-research
/pharmaceutical-market-research-argentina,https://www.bionixus.com/pharmaceutical-market-research-argentina,200,true,2596,false,-596,"Pharmaceutical Market Research Company in Argenti | BioNixus","Pharmaceutical Market Research Company in Argentina",https://www.bionixus.com/pharmaceutical-market-research-argentina
/pharmaceutical-market-research-france,https://www.bionixus.com/pharmaceutical-market-research-france,200,true,2591,false,-591,"Pharmaceutical Market Research France | BioNixus","Pharmaceutical Market Research Company in France",https://www.bionixus.com/pharmaceutical-market-research-france
/usa-medtech-market-research,https://www.bionixus.com/usa-medtech-market-research,200,true,2555,false,-555,"MedTech Market Research Company in United States (2026) | F","MedTech & Medical Devices Market Research Company in United States",https://www.bionixus.com/usa-medtech-market-research
/pharmaceutical-market-research-canada,https://www.bionixus.com/pharmaceutical-market-research-canada,200,true,2521,false,-521,"Pharmaceutical Market Research Company in Canada | BioNixus","Pharmaceutical Market Research Company in Canada",https://www.bionixus.com/pharmaceutical-market-research-canada
/healthcare-market-research/egypt,https://www.bionixus.com/healthcare-market-research/egypt,200,true,2517,false,-517,"Healthcare Market Research in Egypt | BioNixus","Healthcare Market Research in Egypt",https://www.bionixus.com/healthcare-market-research/egypt
/oman-healthcare-market-report,https://www.bionixus.com/oman-healthcare-market-report,200,true,2500,false,-500,"Oman Healthcare Market 2026: Size, Vision 2040 & Forecast","Oman Healthcare Market Report 2026: Pharmaceutical Intelligence, MOH Access, and Vision 2040 Strategy",https://www.bionixus.com/oman-healthcare-market-report
/pharmaceutical-market-research-south-korea,https://www.bionixus.com/pharmaceutical-market-research-south-korea,200,true,2498,false,-498,"Pharmaceutical Market Research South Korea | BioNixus","Pharmaceutical Market Research Company in South Korea",https://www.bionixus.com/pharmaceutical-market-research-south-korea
/uae-in-vitro-diagnostics-devices-market,https://www.bionixus.com/uae-in-vitro-diagnostics-devices-market,200,true,2476,false,-476,"UAE In-Vitro Diagnostics Devices Market Research | BioNixus","UAE In-Vitro Diagnostics Devices Market: Research and Commercial Intelligence",https://www.bionixus.com/uae-in-vitro-diagnostics-devices-market
/pharmaceutical-product-registration-saudi-arabia,https://www.bionixus.com/pharmaceutical-product-registration-saudi-arabia,200,true,2466,false,-466,"SFDA Pricing Submission & Launch Readiness | Saudi Arabia","SFDA Pricing Submission and Commercial Launch Readiness in Saudi Arabia",https://www.bionixus.com/pharmaceutical-product-registration-saudi-arabia
/pharmaceutical-market-research-sweden,https://www.bionixus.com/pharmaceutical-market-research-sweden,200,true,2465,false,-465,"Pharmaceutical Market Research Company in Sweden | BioNixus","Pharmaceutical Market Research Company in Sweden",https://www.bionixus.com/pharmaceutical-market-research-sweden
/pharmaceutical-companies-qatar,https://www.bionixus.com/pharmaceutical-companies-qatar,200,true,2454,false,-454,"Top 18 Pharmaceutical Companies in Qatar (2026 Ranked List)","Pharmaceutical Companies in Qatar",https://www.bionixus.com/pharmaceutical-companies-qatar
/pharmaceutical-market-research-switzerland,https://www.bionixus.com/pharmaceutical-market-research-switzerland,200,true,2454,false,-454,"Pharmaceutical Market Research Switzerland | BioNixus","Pharmaceutical Market Research Company in Switzerland",https://www.bionixus.com/pharmaceutical-market-research-switzerland
/pharmaceutical-market-research-ireland,https://www.bionixus.com/pharmaceutical-market-research-ireland,200,true,2449,false,-449,"Pharmaceutical Market Research Company in Ireland | BioNixus","Pharmaceutical Market Research Company in Ireland",https://www.bionixus.com/pharmaceutical-market-research-ireland
/pharmaceutical-market-research-spain,https://www.bionixus.com/pharmaceutical-market-research-spain,200,true,2445,false,-445,"Pharmaceutical Market Research Spain | BioNixus","Pharmaceutical Market Research Company in Spain",https://www.bionixus.com/pharmaceutical-market-research-spain
/market-research-uae,https://www.bionixus.com/market-research-uae,200,true,2437,false,-437,"Market Research in UAE | Pharma & Healthcare | BioNixus","Market Research in the UAE",https://www.bionixus.com/market-research-uae
/brand-tracking-pharma-gcc,https://www.bionixus.com/brand-tracking-pharma-gcc,200,true,2436,false,-436,"Brand Tracking Pharma GCC | BioNixus","Brand Tracking Pharma GCC",https://www.bionixus.com/brand-tracking-pharma-gcc
/pharmaceutical-market-research-netherlands,https://www.bionixus.com/pharmaceutical-market-research-netherlands,200,true,2434,false,-434,"Pharmaceutical Market Research Company in the | BioNixus","Pharmaceutical Market Research Company in the Netherlands",https://www.bionixus.com/pharmaceutical-market-research-netherlands
/healthcare-market-research/therapy/immunology,https://www.bionixus.com/healthcare-market-research/therapy/immunology,200,true,2422,false,-422,"Immunology Research Guide: Biologics & Patient Pathways |...","Immunology market research guide",https://www.bionixus.com/healthcare-market-research/therapy/immunology
/diabetes-market-research-uae,https://www.bionixus.com/diabetes-market-research-uae,200,true,2421,false,-421,"Diabetes Market Research UAE | BioNixus","Diabetes Market Research UAE",https://www.bionixus.com/diabetes-market-research-uae
/saudi-arabia-healthcare-market-report,https://www.bionixus.com/saudi-arabia-healthcare-market-report,200,true,2412,false,-412,"Saudi Arabia Healthcare Market Report 2026 | BioNixus","Saudi Arabia Healthcare Market Report 2026: Market Size, Pharmaceutical Intelligence, and Vision 2030 Strategy",https://www.bionixus.com/saudi-arabia-healthcare-market-report
/uae-healthcare-market-report,https://www.bionixus.com/uae-healthcare-market-report,200,true,2409,false,-409,"UAE Healthcare Market Report 2026: Size, Pharma & Devices","UAE Healthcare Market Report 2026: Market Size, Pharmaceutical Intelligence, and Commercial Strategy",https://www.bionixus.com/uae-healthcare-market-report
/market-research-in-saudi-arabia,https://www.bionixus.com/market-research-in-saudi-arabia,200,true,2408,false,-408,"Market Research Company in Saudi Arabia | BioNixus","Market Research Company in Saudi Arabia",https://www.bionixus.com/market-research-in-saudi-arabia
/market-research-ksa,https://www.bionixus.com/market-research-ksa,200,true,2390,false,-390,"Market Research KSA | Pharma & Healthcare | BioNixus","Market Research KSA",https://www.bionixus.com/market-research-ksa
/pharmaceutical-companies-egypt,https://www.bionixus.com/pharmaceutical-companies-egypt,200,true,2386,false,-386,"Top 40 Pharmaceutical Companies in Egypt (2026 Ranked List)","Pharmaceutical Companies in Egypt",https://www.bionixus.com/pharmaceutical-companies-egypt
/healthcare-market-research/united-states,https://www.bionixus.com/healthcare-market-research/united-states,200,true,2385,false,-385,"Healthcare Market Research in United States | BioNixus","Healthcare Market Research in the United States",https://www.bionixus.com/healthcare-market-research/united-states
/pharmaceutical-companies-usa,https://www.bionixus.com/pharmaceutical-companies-usa,200,true,2377,false,-377,"Top Pharmaceutical Companies in USA (2026 Ranked List)","Pharmaceutical Companies in the USA",https://www.bionixus.com/pharmaceutical-companies-usa
/pharmaceutical-companies-dubai,https://www.bionixus.com/pharmaceutical-companies-dubai,200,true,2369,false,-369,"Pharmaceutical Companies in Dubai (2026): HQs & Distributors","Pharmaceutical Companies in Dubai: Regional Headquarters, Manufacturers and Distributors",https://www.bionixus.com/pharmaceutical-companies-dubai
/pharmaceutical-market-research-denmark,https://www.bionixus.com/pharmaceutical-market-research-denmark,200,true,2354,false,-354,"Pharmaceutical Market Research Denmark | BioNixus","Pharmaceutical Market Research Company in Denmark",https://www.bionixus.com/pharmaceutical-market-research-denmark
/uk-medtech-market-research,https://www.bionixus.com/uk-medtech-market-research,200,true,2353,false,-353,"MedTech Market Research Company in United Kingdom (2026) |.","MedTech & Medical Devices Market Research Company in United Kingdom",https://www.bionixus.com/uk-medtech-market-research
/uae-obesity-market,https://www.bionixus.com/uae-obesity-market,200,true,2350,false,-350,"UAE Obesity Market Insights: GLP-1 & Bariatric | BioNixus","UAE Obesity Market Insights: Access, Prescribing, and Patient Pathways",https://www.bionixus.com/uae-obesity-market
/gcc-otc-drugs-market,https://www.bionixus.com/gcc-otc-drugs-market,200,true,2344,false,-344,"GCC Over the Counter (OTC) Drugs Market Research | BioNixus","GCC Over the Counter (OTC) Drugs Market: Category & Shopper Intelligence",https://www.bionixus.com/gcc-otc-drugs-market
/ar/healthcare-market-research,https://www.bionixus.com/ar/healthcare-market-research,200,true,2339,false,-339,"أبحاث السوق الصحي | BioNixus — الشرق الأوسط والخليج","أبحاث السوق الصحي في الخليج والشرق الأوسط",https://www.bionixus.com/ar/healthcare-market-research
/saudi-arabia-diagnostic-labs-market,https://www.bionixus.com/saudi-arabia-diagnostic-labs-market,200,true,2339,false,-339,"Saudi Arabia Diagnostic Labs Market Research | BioNixus","Saudi Arabia Diagnostic Labs Market: Operator, Network and Outsourcing Intelligence",https://www.bionixus.com/saudi-arabia-diagnostic-labs-market
/fr/bionixus-market-research-middle-east,https://www.bionixus.com/fr/bionixus-market-research-middle-east,200,true,2338,false,-338,"Études Pharmaceutiques Moyen-Orient | Programmes | BioNixus","Études pharmaceutiques Moyen-Orient qui accélèrent les décisions de lancement au CCG",https://www.bionixus.com/fr/bionixus-market-research-middle-east
/saudi-arabia-cardiovascular-devices-market,https://www.bionixus.com/saudi-arabia-cardiovascular-devices-market,200,true,2332,false,-332,"Saudi Arabia Cardiovascular Devices Market | BioNixus","Saudi Arabia Cardiovascular Devices Market: Primary Research and Commercial Intelligence",https://www.bionixus.com/saudi-arabia-cardiovascular-devices-market
/specialist-physician-panel-uae,https://www.bionixus.com/specialist-physician-panel-uae,200,true,2332,false,-332,"Specialist Physician Panel UAE | BioNixus","Specialist Physician Panel UAE",https://www.bionixus.com/specialist-physician-panel-uae
/egypt-medical-tourism-market,https://www.bionixus.com/egypt-medical-tourism-market,200,true,2308,false,-308,"Egypt Medical Tourism Market Research & Insights | BioNixus","Egypt Medical Tourism Market: Research, Demand, and Provider Strategy",https://www.bionixus.com/egypt-medical-tourism-market
/bionixus-saudi-arabia-oncology-insights,https://www.bionixus.com/bionixus-saudi-arabia-oncology-insights,200,true,2304,false,-304,"BioNixus Saudi Arabia Oncology Insights & Research","BioNixus Saudi Arabia Oncology Insights: Programmes, Evidence, and Access Research",https://www.bionixus.com/bionixus-saudi-arabia-oncology-insights
/uae-healthcare-market-research,https://www.bionixus.com/uae-healthcare-market-research,200,true,2298,false,-298,"Healthcare Market Research in UAE 2026 | BioNixus","Healthcare Providers & Hospitals market research company in UAE",https://www.bionixus.com/uae-healthcare-market-research
/china-healthcare-market-report,https://www.bionixus.com/china-healthcare-market-report,200,true,2296,false,-296,"China Healthcare Market Report 2026 | BioNixus","China Healthcare Market Report 2026: NMPA Approval, NRDL Reimbursement, and VBP Commercial Intelligence",https://www.bionixus.com/china-healthcare-market-report
/pharmaceutical-companies-oman,https://www.bionixus.com/pharmaceutical-companies-oman,200,true,2294,false,-294,"Top Pharmaceutical Companies in Oman (2026 Ranked List)","Pharmaceutical Companies in Oman",https://www.bionixus.com/pharmaceutical-companies-oman
/ar/market-research-uae,https://www.bionixus.com/ar/market-research-uae,200,true,2293,false,-293,"أبحاث السوق في الإمارات العربية المتحدة | BioNixus","أبحاث السوق في الإمارات العربية المتحدة",https://www.bionixus.com/ar/market-research-uae
/turkey-medical-tourism-market,https://www.bionixus.com/turkey-medical-tourism-market,200,true,2291,false,-291,"Turkey Medical Tourism Market Research & Data | BioNixus","Turkey Medical Tourism Market: Research, Demand, and Competitive Position",https://www.bionixus.com/turkey-medical-tourism-market
/saudi-arabia-healthcare-market-research,https://www.bionixus.com/saudi-arabia-healthcare-market-research,200,true,2285,false,-285,"Healthcare Market Research in Saudi Arabia 2026 | BioNixus","Healthcare Providers & Hospitals market research company in Saudi Arabia",https://www.bionixus.com/saudi-arabia-healthcare-market-research
/ar/healthcare-market-research/saudi-arabia,https://www.bionixus.com/ar/healthcare-market-research/saudi-arabia,200,true,2284,false,-284,"أبحاث السوق الصحي في المملكة العربية السعودية | BioNixus","أبحاث السوق الصحي في المملكة العربية السعودية",https://www.bionixus.com/ar/healthcare-market-research/saudi-arabia
/saudi-arabia-biotechnology-market,https://www.bionixus.com/saudi-arabia-biotechnology-market,200,true,2284,false,-284,"Saudi Arabia Biotechnology Market Research | BioNixus","Saudi Arabia Biotechnology Market: Primary Research and Entry Intelligence",https://www.bionixus.com/saudi-arabia-biotechnology-market
/saudi-arabia-aesthetics-market,https://www.bionixus.com/saudi-arabia-aesthetics-market,200,true,2282,false,-282,"Saudi Arabia Aesthetics Market Research Study | BioNixus","Saudi Arabia Aesthetics Market: Clinic, Consumer, and Device Research",https://www.bionixus.com/saudi-arabia-aesthetics-market
/healthcare-market-research/therapy/biologics,https://www.bionixus.com/healthcare-market-research/therapy/biologics,200,true,2281,false,-281,"Biologics Research Guide: Biosimilars & Market Ac | BioNixus","Biologics market research guide",https://www.bionixus.com/healthcare-market-research/therapy/biologics
/healthcare-market-research/therapy/biosimilars,https://www.bionixus.com/healthcare-market-research/therapy/biosimilars,200,true,2277,false,-277,"Biosimilars Market Research | BioNixus","Biosimilars market research",https://www.bionixus.com/healthcare-market-research/therapy/biosimilars
/gcc-generic-injectables-market,https://www.bionixus.com/gcc-generic-injectables-market,200,true,2276,false,-276,"GCC Generic Injectables Market Research & Intelli | BioNixus","GCC Generic Injectables Market: Research & Commercial Intelligence",https://www.bionixus.com/gcc-generic-injectables-market
/saudi-arabia-home-infusion-therapy-market,https://www.bionixus.com/saudi-arabia-home-infusion-therapy-market,200,true,2273,false,-273,"Saudi Arabia Home Infusion Therapy Market | BioNixus","Saudi Arabia Home Infusion Therapy Market: Provider, Payer, and Clinical Research",https://www.bionixus.com/saudi-arabia-home-infusion-therapy-market
/saudi-arabia-plasma-fractional-laser-market,https://www.bionixus.com/saudi-arabia-plasma-fractional-laser-market,200,true,2267,false,-267,"Saudi Arabia Plasma Fractional Laser Market | BioNixus","Saudi Arabia Plasma Fractional Laser Market: Device Demand and Clinic Purchasing Research",https://www.bionixus.com/saudi-arabia-plasma-fractional-laser-market
/bionixus-uae-oncology-insights,https://www.bionixus.com/bionixus-uae-oncology-insights,200,true,2264,false,-264,"BioNixus UAE Oncology Insights & Research","BioNixus UAE Oncology Insights: Programmes, Payer Pathways, and Evidence",https://www.bionixus.com/bionixus-uae-oncology-insights
/kuwait-obesity-market,https://www.bionixus.com/kuwait-obesity-market,200,true,2260,false,-260,"Kuwait Obesity Market Insights: Access & Demand | BioNixus","Kuwait Obesity Market Insights: Access, Procurement, and Patient Pathways",https://www.bionixus.com/kuwait-obesity-market
/gcc-clinical-trials-market,https://www.bionixus.com/gcc-clinical-trials-market,200,true,2259,false,-259,"GCC Clinical Trials Market — Site Feasibility | BioNixus","GCC Clinical Trials Market: Feasibility & Landscape Intelligence",https://www.bionixus.com/gcc-clinical-trials-market
/gcc-personalized-medicine-market,https://www.bionixus.com/gcc-personalized-medicine-market,200,true,2256,false,-256,"GCC Personalized Medicine Market — Genomics | BioNixus","GCC Personalized Medicine Market: Genomics & Precision Intelligence",https://www.bionixus.com/gcc-personalized-medicine-market
/gcc-pharmacy-market,https://www.bionixus.com/gcc-pharmacy-market,200,true,2253,false,-253,"GCC Pharmacy Market Research — Retail, E-Pharmacy | BioNixus","GCC Pharmacy Market: Retail, E-Pharmacy & Community Intelligence",https://www.bionixus.com/gcc-pharmacy-market
/market-research,https://www.bionixus.com/market-research,200,true,2252,false,-252,"Market Research Services Hub | BioNixus","Market research for healthcare, pharma & industry",https://www.bionixus.com/market-research
/australia-medtech-market-research,https://www.bionixus.com/australia-medtech-market-research,200,true,2249,false,-249,"MedTech Market Research Company in Australia (2026) | TGA...","MedTech & Medical Devices Market Research Company in Australia",https://www.bionixus.com/australia-medtech-market-research
/market-research-saudi,https://www.bionixus.com/market-research-saudi,200,true,2247,false,-247,"Market Research Saudi | Pharma & Healthcare | BioNixus","Market Research Saudi",https://www.bionixus.com/market-research-saudi
/gcc-biopharmaceuticals-market,https://www.bionixus.com/gcc-biopharmaceuticals-market,200,true,2239,false,-239,"GCC Biopharmaceuticals Market — Biologics | BioNixus","GCC Biopharmaceuticals Market: Biologics & Localization Intelligence",https://www.bionixus.com/gcc-biopharmaceuticals-market
/egypt-financial-services-market-research,https://www.bionixus.com/egypt-financial-services-market-research,200,true,2238,false,-238,"Financial Services Market Research in Egypt 2026 | BioNixus","Financial Services & Banking market research company in Egypt",https://www.bionixus.com/egypt-financial-services-market-research
/healthcare-market-research/abu-dhabi,https://www.bionixus.com/healthcare-market-research/abu-dhabi,200,true,2235,false,-235,"Healthcare Market Research in Abu Dhabi | BioNixus","Pharmaceutical Market Research in Abu Dhabi",https://www.bionixus.com/healthcare-market-research/abu-dhabi
/saudi-arabia-skincare-market,https://www.bionixus.com/saudi-arabia-skincare-market,200,true,2233,false,-233,"Saudi Arabia Skincare Market Research & Insights | BioNixus","Saudi Arabia Skincare Market: Consumer, Shopper, and Dermocosmetic Research",https://www.bionixus.com/saudi-arabia-skincare-market
/pharmaceutical-companies-bahrain,https://www.bionixus.com/pharmaceutical-companies-bahrain,200,true,2232,false,-232,"Top 16 Pharmaceutical Companies in Bahrain (2026 Ranked)","Pharmaceutical Companies in Bahrain",https://www.bionixus.com/pharmaceutical-companies-bahrain
/usa-healthcare-market-report,https://www.bionixus.com/usa-healthcare-market-report,200,true,2232,false,-232,"USA Healthcare Market Research Report 2026 | BioNixus","USA Healthcare Market Report 2026: FDA Approval, Medicare IRA Negotiations, and Commercial Market Intelligence",https://www.bionixus.com/usa-healthcare-market-report
/skyrizi-tops-julys-pharma-rankings-and-what-it-means-for-omnichannel-engagement,https://www.bionixus.com/skyrizi-tops-julys-pharma-rankings-and-what-it-means-for-omnichannel-engagement,200,true,2228,false,-228,"Skyrizi July Rankings: Omnichannel Lessons | BioNixus","Skyrizi Tops July&#x27;s Pharma Rankings — and What It Means for Omnichannel Engagement",https://www.bionixus.com/skyrizi-tops-julys-pharma-rankings-and-what-it-means-for-omnichannel-engagement
/saudi-arabia-obesity-market,https://www.bionixus.com/saudi-arabia-obesity-market,200,true,2227,false,-227,"Saudi Arabia Obesity Market & GLP-1 Access | BioNixus","Saudi Arabia Obesity Market: GLP-1 Access, Bariatric Surgery, and Patient Journey Research",https://www.bionixus.com/saudi-arabia-obesity-market
/healthcare-market-research/riyadh,https://www.bionixus.com/healthcare-market-research/riyadh,200,true,2221,false,-221,"Healthcare Market Research in Riyadh | BioNixus","Pharmaceutical Market Research in Riyadh",https://www.bionixus.com/healthcare-market-research/riyadh
/healthcare-market-research/therapy/rare-diseases,https://www.bionixus.com/healthcare-market-research/therapy/rare-diseases,200,true,2214,false,-214,"Rare Disease & Orphan Drug Market Research | BioNixus","Rare disease market research",https://www.bionixus.com/healthcare-market-research/therapy/rare-diseases
/healthcare-market-research/jeddah,https://www.bionixus.com/healthcare-market-research/jeddah,200,true,2209,false,-209,"Healthcare Market Research in Jeddah | BioNixus","Pharmaceutical Market Research in Jeddah",https://www.bionixus.com/healthcare-market-research/jeddah
/healthcare-market-research/qatar,https://www.bionixus.com/healthcare-market-research/qatar,200,true,2206,false,-206,"Healthcare Market Research Qatar | MOPH Fieldwork | BioNixus","Healthcare Market Research in Qatar",https://www.bionixus.com/healthcare-market-research/qatar
/saudi-arabia-pharmaceutical-packaging-market,https://www.bionixus.com/saudi-arabia-pharmaceutical-packaging-market,200,true,2204,false,-204,"Saudi Arabia Pharmaceutical Packaging Market | BioNixus","Saudi Arabia Pharmaceutical Packaging Market: Supply Chain and Compliance Research",https://www.bionixus.com/saudi-arabia-pharmaceutical-packaging-market
/services,https://www.bionixus.com/services,200,true,2203,false,-203,"Market Research Services | Pharma, Healthcare & B | BioNixus","Market research services for pharma, healthcare, and commercial industries",https://www.bionixus.com/services
/gcc-tablet-market,https://www.bionixus.com/gcc-tablet-market,200,true,2200,false,-200,"GCC Tablet Market Research — Oral Solid Dose | BioNixus","GCC Tablet Market: Oral Solid Dose Manufacturing & Supply Intelligence",https://www.bionixus.com/gcc-tablet-market
/saudi-arabia-precision-medicine-market,https://www.bionixus.com/saudi-arabia-precision-medicine-market,200,true,2199,false,-199,"Saudi Arabia Precision Medicine Market Research | BioNixus","Saudi Arabia Precision Medicine Market: Testing, Access and Adoption Research",https://www.bionixus.com/saudi-arabia-precision-medicine-market
/saudi-arabia-regenerative-medicine-market,https://www.bionixus.com/saudi-arabia-regenerative-medicine-market,200,true,2199,false,-199,"Saudi Arabia Regenerative Medicine Market | BioNixus","Saudi Arabia Regenerative Medicine Market: Adoption and Access Research",https://www.bionixus.com/saudi-arabia-regenerative-medicine-market
/healthcare-market-research/dubai,https://www.bionixus.com/healthcare-market-research/dubai,200,true,2194,false,-194,"Healthcare Market Research Dubai | BioNixus","Pharmaceutical Market Research in Dubai",https://www.bionixus.com/healthcare-market-research/dubai
/pt/services,https://www.bionixus.com/pt/services,200,true,2194,false,-194,"Pesquisa de Mercado Farmacêutico no Brasil e LATA | BioNixus","Pesquisa de mercado farmacêutico e de saúde para o Brasil e a América Latina",https://www.bionixus.com/pt/services
/healthcare-market-research/oman,https://www.bionixus.com/healthcare-market-research/oman,200,true,2186,false,-186,"Healthcare Market Research Oman | MOH Fieldwork | BioNixus","Healthcare Market Research in Oman",https://www.bionixus.com/healthcare-market-research/oman
/pt/insights/top-empresas-pesquisa-mercado-saude-brasil-2026,https://www.bionixus.com/pt/insights/top-empresas-pesquisa-mercado-saude-brasil-2026,200,true,2184,false,-184,"Brasil: Empresas de Pesquisa de Mercado em Saúde | BioNixus","5 Melhores Empresas de Pesquisa de Mercado em Saúde no Brasil (2026)",https://www.bionixus.com/pt/insights/top-empresas-pesquisa-mercado-saude-brasil-2026
/nielsen-alternative,https://www.bionixus.com/nielsen-alternative,200,true,2181,false,-181,"Nielsen Alternatives &amp; Competitors: Ranked (2026)","Nielsen Alternatives & Competitors Built for How Brands Really Sell",https://www.bionixus.com/nielsen-alternative
/ar/market-research-ksa,https://www.bionixus.com/ar/market-research-ksa,200,true,2177,false,-177,"أبحاث السوق في المملكة العربية السعودية (KSA) | BioNixus","أبحاث السوق في السعودية (KSA)",https://www.bionixus.com/ar/market-research-ksa
/germany-medtech-market-research,https://www.bionixus.com/germany-medtech-market-research,200,true,2177,false,-177,"MedTech Market Research Company in Germany (2026) | BfArM /","MedTech & Medical Devices Market Research Company in Germany",https://www.bionixus.com/germany-medtech-market-research
/middle-east-biomarkers-market,https://www.bionixus.com/middle-east-biomarkers-market,200,true,2177,false,-177,"Middle East Biomarkers Market Research & Insights | BioNixus","Middle East Biomarkers Market: Testing Adoption & Access Intelligence",https://www.bionixus.com/middle-east-biomarkers-market
/saudi-arabia-cell-therapy-market,https://www.bionixus.com/saudi-arabia-cell-therapy-market,200,true,2177,false,-177,"Saudi Arabia Cell Therapy Market Research | BioNixus","Saudi Arabia Cell Therapy Market: Capability, Access and Demand Research",https://www.bionixus.com/saudi-arabia-cell-therapy-market
/saudi-arabia-medtech-market-research,https://www.bionixus.com/saudi-arabia-medtech-market-research,200,true,2176,false,-176,"MedTech Market Research in Saudi Arabia 2026 | BioNixus","MedTech & Medical Devices market research company in Saudi Arabia",https://www.bionixus.com/saudi-arabia-medtech-market-research
/ar/services,https://www.bionixus.com/ar/services,200,true,2174,false,-174,"أبحاث السوق الدوائية في السعودية والخليج | BioNixus","أبحاث السوق الدوائية والصحية للسعودية ودول الخليج",https://www.bionixus.com/ar/services
/japan-medtech-market-research,https://www.bionixus.com/japan-medtech-market-research,200,true,2172,false,-172,"MedTech Market Research Company in Japan (2026) | PMDA...","MedTech & Medical Devices Market Research Company in Japan",https://www.bionixus.com/japan-medtech-market-research
/market-research-egypt,https://www.bionixus.com/market-research-egypt,200,true,2171,false,-171,"Market Research Egypt | Pharma & Healthcare | BioNixus","Market Research Egypt",https://www.bionixus.com/market-research-egypt
/healthcare-market-research/bahrain,https://www.bionixus.com/healthcare-market-research/bahrain,200,true,2166,false,-166,"Healthcare Market Research Bahrain | NHRA Fieldwo | BioNixus","Healthcare Market Research in Bahrain",https://www.bionixus.com/healthcare-market-research/bahrain
/saudi-arabia-consumer-health-market-research,https://www.bionixus.com/saudi-arabia-consumer-health-market-research,200,true,2164,false,-164,"Consumer Health Market Research in Saudi Arabia 2 | BioNixus","Consumer Health & OTC market research company in Saudi Arabia",https://www.bionixus.com/saudi-arabia-consumer-health-market-research
/gcc-medical-tourism-market,https://www.bionixus.com/gcc-medical-tourism-market,200,true,2161,false,-161,"GCC Medical Tourism Market Research | BioNixus","GCC Medical Tourism Market: Inbound & Outbound Patient Flow Intelligence",https://www.bionixus.com/gcc-medical-tourism-market
/market-research-in-uae,https://www.bionixus.com/market-research-in-uae,200,true,2161,false,-161,"Research Companies in UAE | Market Research | BioNixus","Market Research Company in the UAE",https://www.bionixus.com/market-research-in-uae
/healthcare-market-research/south-africa,https://www.bionixus.com/healthcare-market-research/south-africa,200,true,2159,false,-159,"Healthcare Market Research in South Africa | BioNixus","Pharmaceutical Market Research in South Africa",https://www.bionixus.com/healthcare-market-research/south-africa
/gcc-intravenous-solutions-market,https://www.bionixus.com/gcc-intravenous-solutions-market,200,true,2158,false,-158,"GCC Intravenous Solutions Market Research | BioNixus","GCC Intravenous Solutions Market: Tender, Supply & Manufacturing Intelligence",https://www.bionixus.com/gcc-intravenous-solutions-market
/healthcare-market-research/south-korea,https://www.bionixus.com/healthcare-market-research/south-korea,200,true,2157,false,-157,"Healthcare Market Research in South Korea | BioNixus","Pharmaceutical Market Research in South Korea",https://www.bionixus.com/healthcare-market-research/south-korea
/market-research-qatar,https://www.bionixus.com/market-research-qatar,200,true,2157,false,-157,"Market Research Qatar | Pharma & Healthcare | BioNixus","Market Research in Qatar",https://www.bionixus.com/market-research-qatar
/market-research-kuwait,https://www.bionixus.com/market-research-kuwait,200,true,2153,false,-153,"Market Research Kuwait | Pharma & Healthcare | BioNixus","Market Research Kuwait",https://www.bionixus.com/market-research-kuwait
/pharmaceutical-market-research-dubai,https://www.bionixus.com/pharmaceutical-market-research-dubai,200,true,2153,false,-153,"Healthcare Market Research Dubai | Pharma Fieldwork UAE | BioNixus","Pharmaceutical Market Research Companies in Dubai — BioNixus UAE",https://www.bionixus.com/pharmaceutical-market-research-dubai
/saudi-arabia-home-diagnostic-testing-market,https://www.bionixus.com/saudi-arabia-home-diagnostic-testing-market,200,true,2153,false,-153,"Saudi Arabia Home Diagnostic Testing Market | BioNixus","Saudi Arabia Home Diagnostic Testing Market: Consumer, Channel and Regulatory Research",https://www.bionixus.com/saudi-arabia-home-diagnostic-testing-market
/saudi-arabia-molecular-diagnostics-market,https://www.bionixus.com/saudi-arabia-molecular-diagnostics-market,200,true,2153,false,-153,"Saudi Arabia Molecular Diagnostics Market | BioNixus","Saudi Arabia Molecular Diagnostics Market: Assay Adoption and Commercial Research",https://www.bionixus.com/saudi-arabia-molecular-diagnostics-market
/market-research-oman,https://www.bionixus.com/market-research-oman,200,true,2151,false,-151,"Market Research Oman | Pharma & Healthcare | BioNixus","Market Research in Oman",https://www.bionixus.com/market-research-oman
/healthcare-market-research/canada,https://www.bionixus.com/healthcare-market-research/canada,200,true,2149,false,-149,"Healthcare Market Research in Canada | BioNixus","Pharmaceutical Market Research in Canada",https://www.bionixus.com/healthcare-market-research/canada
/gcc-obesity-market,https://www.bionixus.com/gcc-obesity-market,200,true,2148,false,-148,"GCC Obesity Market Research — GLP-1 & Bariatric | BioNixus","GCC Obesity Market: GLP-1 Access, Bariatric Care & Payer Intelligence",https://www.bionixus.com/gcc-obesity-market
/healthcare-market-research/services/market-access,https://www.bionixus.com/healthcare-market-research/services/market-access,200,true,2148,false,-148,"market access Healthcare Research Service | BioNixus","Market access research service",https://www.bionixus.com/healthcare-market-research/services/market-access
/es/insights/top-empresas-investigacion-mercado-salud-argentina-2026,https://www.bionixus.com/es/insights/top-empresas-investigacion-mercado-salud-argentina-2026,200,true,2147,false,-147,"Argentina: Investigación de Mercado en Salud 2026 | BioNixus","5 Mejores Empresas de Investigación de Mercado en Salud en Argentina (2026)",https://www.bionixus.com/es/insights/top-empresas-investigacion-mercado-salud-argentina-2026
/saudi-arabia-api-market,https://www.bionixus.com/saudi-arabia-api-market,200,true,2147,false,-147,"Saudi Arabia API Market Research | BioNixus","Saudi Arabia API Market: Active Pharmaceutical Ingredient Research",https://www.bionixus.com/saudi-arabia-api-market
/fr/services,https://www.bionixus.com/fr/services,200,true,2146,false,-146,"Études de marché pharmaceutiques France & Europe | BioNixus","Études de marché pharmaceutiques et santé pour la France et l&#x27;Europe",https://www.bionixus.com/fr/services
/market-research-bahrain,https://www.bionixus.com/market-research-bahrain,200,true,2146,false,-146,"Market Research Bahrain | Pharma & Healthcare | BioNixus","Market Research in Bahrain",https://www.bionixus.com/market-research-bahrain
/saudi-arabia-diagnostic-testing-market,https://www.bionixus.com/saudi-arabia-diagnostic-testing-market,200,true,2145,false,-145,"Saudi Arabia Diagnostic Testing Market Research | BioNixus","Saudi Arabia Diagnostic Testing Market: Demand, Pathways and Payer Research",https://www.bionixus.com/saudi-arabia-diagnostic-testing-market
/pharmaceutical-market-research-kuwait,https://www.bionixus.com/pharmaceutical-market-research-kuwait,200,true,2143,false,-143,"Pharmaceutical Market Research Company in Kuwait | BioNixus","Pharmaceutical Market Research Company in Kuwait",https://www.bionixus.com/pharmaceutical-market-research-kuwait
/middle-east-biologics-market,https://www.bionixus.com/middle-east-biologics-market,200,true,2135,false,-135,"Middle East Biologics Market Research & Access | BioNixus","Middle East Biologics Market: Access, Biosimilars & Prescriber Intelligence",https://www.bionixus.com/middle-east-biologics-market
/healthcare-market-research/italy,https://www.bionixus.com/healthcare-market-research/italy,200,true,2132,false,-132,"Healthcare Market Research in Italy | BioNixus","Pharmaceutical Market Research in Italy",https://www.bionixus.com/healthcare-market-research/italy
/middle-east-in-vitro-diagnostics-market,https://www.bionixus.com/middle-east-in-vitro-diagnostics-market,200,true,2131,false,-131,"Middle East In Vitro Diagnostics Market Research | BioNixus","Middle East In Vitro Diagnostics Market: Laboratory & Tender Intelligence",https://www.bionixus.com/middle-east-in-vitro-diagnostics-market
/saudi-arabia-medical-devices-market-report,https://www.bionixus.com/saudi-arabia-medical-devices-market-report,200,true,2130,false,-130,"Saudi Arabia Medical Devices Market 2026 | SFDA & Vision 2030","Saudi Arabia Medical Devices Market Report 2026: Hospital Consumption and Commercial Intelligence",https://www.bionixus.com/saudi-arabia-medical-devices-market-report
/healthcare-market-research/brazil,https://www.bionixus.com/healthcare-market-research/brazil,200,true,2129,false,-129,"Healthcare Market Research in Brazil | BioNixus","Pharmaceutical Market Research in Brazil",https://www.bionixus.com/healthcare-market-research/brazil
/healthcare-market-research/therapy/oncology,https://www.bionixus.com/healthcare-market-research/therapy/oncology,200,true,2129,false,-129,"Oncology Market Research | BioNixus","Oncology market research",https://www.bionixus.com/healthcare-market-research/therapy/oncology
/bionixus-market-research-middle-east,https://www.bionixus.com/bionixus-market-research-middle-east,200,true,2127,false,-127,"Middle East Pharmaceutical Market Research | BioNixus","Middle East Pharmaceutical Market Research That Moves GCC Launch Decisions Faster",https://www.bionixus.com/bionixus-market-research-middle-east
/saudi-arabia-in-vitro-diagnostics-market,https://www.bionixus.com/saudi-arabia-in-vitro-diagnostics-market,200,true,2127,false,-127,"Saudi Arabia In-Vitro Diagnostics (IVD) Market | BioNixus","Saudi Arabia In-Vitro Diagnostics (IVD) Market: Registration, Tender and Channel Research",https://www.bionixus.com/saudi-arabia-in-vitro-diagnostics-market
/ar/market-research-saudi,https://www.bionixus.com/ar/market-research-saudi,200,true,2126,false,-126,"أبحاث السوق السعودية | BioNixus","أبحاث السوق في السعودية",https://www.bionixus.com/ar/market-research-saudi
/kuwait-consumer-health-market-research,https://www.bionixus.com/kuwait-consumer-health-market-research,200,true,2126,false,-126,"Consumer Health Market Research in Kuwait 2026 | BioNixus","Consumer Health & OTC market research company in Kuwait",https://www.bionixus.com/kuwait-consumer-health-market-research
/oman-consumer-health-market-research,https://www.bionixus.com/oman-consumer-health-market-research,200,true,2125,false,-125,"Consumer Health Market Research in Oman 2026 | BioNixus","Consumer Health & OTC market research company in Oman",https://www.bionixus.com/oman-consumer-health-market-research
/qatar-consumer-health-market-research,https://www.bionixus.com/qatar-consumer-health-market-research,200,true,2123,false,-123,"Consumer Health Market Research in Qatar 2026 | BioNixus","Consumer Health & OTC market research company in Qatar",https://www.bionixus.com/qatar-consumer-health-market-research
/gcc-nutraceuticals-market,https://www.bionixus.com/gcc-nutraceuticals-market,200,true,2121,false,-121,"GCC Nutraceuticals Market Research & Insights | BioNixus","GCC Nutraceuticals Market: Supplements, Claims & Channel Intelligence",https://www.bionixus.com/gcc-nutraceuticals-market
/saudi-arabia-biotech-market-research,https://www.bionixus.com/saudi-arabia-biotech-market-research,200,true,2120,false,-120,"Biotech Market Research in Saudi Arabia 2026 | BioNixus","Biotech & Life Sciences market research company in Saudi Arabia",https://www.bionixus.com/saudi-arabia-biotech-market-research
/france-medtech-market-research,https://www.bionixus.com/france-medtech-market-research,200,true,2116,false,-116,"MedTech Market Research Company in France (2026) | ANSM...","MedTech & Medical Devices Market Research Company in France",https://www.bionixus.com/france-medtech-market-research
/saudi-arabia-cancer-biomarkers-market,https://www.bionixus.com/saudi-arabia-cancer-biomarkers-market,200,true,2116,false,-116,"Saudi Arabia Cancer Biomarkers Market Research | BioNixus","Saudi Arabia Cancer Biomarkers Market: Testing Pathways and Launch Research",https://www.bionixus.com/saudi-arabia-cancer-biomarkers-market
/biosimilar-market-entry-saudi-arabia,https://www.bionixus.com/biosimilar-market-entry-saudi-arabia,200,true,2113,false,-113,"Saudi Arabia Biosimilar Market 2026: Size, SFDA &amp; Entry","Saudi Arabia Biosimilar Market 2026: Size, SFDA Pathway and Entry Strategy",https://www.bionixus.com/biosimilar-market-entry-saudi-arabia
/healthcare-market-research/kenya,https://www.bionixus.com/healthcare-market-research/kenya,200,true,2111,false,-111,"Healthcare Market Research in Kenya | BioNixus","Pharmaceutical Market Research in Kenya",https://www.bionixus.com/healthcare-market-research/kenya
/healthcare-market-research/libya,https://www.bionixus.com/healthcare-market-research/libya,200,true,2111,false,-111,"Healthcare Market Research in Libya | BioNixus","Pharmaceutical Market Research in Libya",https://www.bionixus.com/healthcare-market-research/libya
/healthcare-market-research/mexico,https://www.bionixus.com/healthcare-market-research/mexico,200,true,2111,false,-111,"Healthcare Market Research in Mexico | BioNixus","Pharmaceutical Market Research in Mexico",https://www.bionixus.com/healthcare-market-research/mexico
/healthcare-market-research/nigeria,https://www.bionixus.com/healthcare-market-research/nigeria,200,true,2111,false,-111,"Healthcare Market Research in Nigeria | BioNixus","Pharmaceutical Market Research in Nigeria",https://www.bionixus.com/healthcare-market-research/nigeria
/saudi-arabia-biocatalyst-market,https://www.bionixus.com/saudi-arabia-biocatalyst-market,200,true,2111,false,-111,"Saudi Arabia Biocatalyst Market Research | BioNixus","Saudi Arabia Biocatalyst Market: Enzyme Adoption and Process Research",https://www.bionixus.com/saudi-arabia-biocatalyst-market
/healthcare-market-research/sweden,https://www.bionixus.com/healthcare-market-research/sweden,200,true,2110,false,-110,"Healthcare Market Research in Sweden | BioNixus","Pharmaceutical Market Research in Sweden",https://www.bionixus.com/healthcare-market-research/sweden
/healthcare-market-research/australia,https://www.bionixus.com/healthcare-market-research/australia,200,true,2109,false,-109,"Healthcare Market Research in Australia | BioNixus","Pharmaceutical Market Research in Australia",https://www.bionixus.com/healthcare-market-research/australia
/healthcare-market-research/china,https://www.bionixus.com/healthcare-market-research/china,200,true,2109,false,-109,"Healthcare Market Research in China | BioNixus","Pharmaceutical Market Research in China",https://www.bionixus.com/healthcare-market-research/china
/healthcare-market-research/india,https://www.bionixus.com/healthcare-market-research/india,200,true,2109,false,-109,"Healthcare Market Research in India | BioNixus","Pharmaceutical Market Research in India",https://www.bionixus.com/healthcare-market-research/india
/healthcare-market-research/turkey,https://www.bionixus.com/healthcare-market-research/turkey,200,true,2109,false,-109,"Healthcare Market Research Turkey | TITCK Fieldwo | BioNixus","Healthcare Market Research in Turkey",https://www.bionixus.com/healthcare-market-research/turkey
/healthcare-market-research/denmark,https://www.bionixus.com/healthcare-market-research/denmark,200,true,2108,false,-108,"Healthcare Market Research in Denmark | BioNixus","Pharmaceutical Market Research in Denmark",https://www.bionixus.com/healthcare-market-research/denmark
/healthcare-market-research/switzerland,https://www.bionixus.com/healthcare-market-research/switzerland,200,true,2108,false,-108,"Healthcare Market Research in Switzerland | BioNixus","Pharmaceutical Market Research in Switzerland",https://www.bionixus.com/healthcare-market-research/switzerland
/qatar-medtech-market-research,https://www.bionixus.com/qatar-medtech-market-research,200,true,2107,false,-107,"MedTech Market Research in Qatar 2026 | BioNixus","MedTech & Medical Devices market research company in Qatar",https://www.bionixus.com/qatar-medtech-market-research
/healthcare-market-research/algeria,https://www.bionixus.com/healthcare-market-research/algeria,200,true,2106,false,-106,"Healthcare Market Research in Algeria | BioNixus","Pharmaceutical Market Research in Algeria",https://www.bionixus.com/healthcare-market-research/algeria
/healthcare-market-research/iraq,https://www.bionixus.com/healthcare-market-research/iraq,200,true,2106,false,-106,"Healthcare Market Research in Iraq | BioNixus","Pharmaceutical Market Research in Iraq",https://www.bionixus.com/healthcare-market-research/iraq
/healthcare-market-research/jordan,https://www.bionixus.com/healthcare-market-research/jordan,200,true,2106,false,-106,"Healthcare Market Research in Jordan | BioNixus","Pharmaceutical Market Research in Jordan",https://www.bionixus.com/healthcare-market-research/jordan
/healthcare-market-research/lebanon,https://www.bionixus.com/healthcare-market-research/lebanon,200,true,2106,false,-106,"Healthcare Market Research in Lebanon | BioNixus","Pharmaceutical Market Research in Lebanon",https://www.bionixus.com/healthcare-market-research/lebanon
/healthcare-market-research/morocco,https://www.bionixus.com/healthcare-market-research/morocco,200,true,2106,false,-106,"Healthcare Market Research in Morocco | BioNixus","Pharmaceutical Market Research in Morocco",https://www.bionixus.com/healthcare-market-research/morocco
/healthcare-market-research/tunisia,https://www.bionixus.com/healthcare-market-research/tunisia,200,true,2106,false,-106,"Healthcare Market Research in Tunisia | BioNixus","Pharmaceutical Market Research in Tunisia",https://www.bionixus.com/healthcare-market-research/tunisia
/saudi-arabia-cancer-immunotherapy-market,https://www.bionixus.com/saudi-arabia-cancer-immunotherapy-market,200,true,2104,false,-104,"Saudi Arabia Cancer Immunotherapy Market Research | BioNixus","Saudi Arabia Cancer Immunotherapy Market: Access and Prescribing Research",https://www.bionixus.com/saudi-arabia-cancer-immunotherapy-market
/china-medtech-market-research,https://www.bionixus.com/china-medtech-market-research,200,true,2099,false,-99,"MedTech Market Research Company in China (2026) | NMPA...","MedTech & Medical Devices Market Research Company in China",https://www.bionixus.com/china-medtech-market-research
/singapore-medtech-market-research,https://www.bionixus.com/singapore-medtech-market-research,200,true,2097,false,-97,"MedTech Market Research Company in Singapore (2026) | HSA...","MedTech & Medical Devices Market Research Company in Singapore",https://www.bionixus.com/singapore-medtech-market-research
/saudi-arabia-genetic-testing-market,https://www.bionixus.com/saudi-arabia-genetic-testing-market,200,true,2093,false,-93,"Saudi Arabia Genetic Testing Market Research | BioNixus","Saudi Arabia Genetic Testing Market: Screening, Rare Disease and Access Research",https://www.bionixus.com/saudi-arabia-genetic-testing-market
/es/services,https://www.bionixus.com/es/services,200,true,2092,false,-92,"Investigación de mercado farmacéutico en España | BioNixus","Investigación de mercado farmacéutico y sanitario para España y Europa",https://www.bionixus.com/es/services
/oman-medtech-market-research,https://www.bionixus.com/oman-medtech-market-research,200,true,2092,false,-92,"MedTech Market Research in Oman 2026 | BioNixus","MedTech & Medical Devices market research company in Oman",https://www.bionixus.com/oman-medtech-market-research
/pharmaceutical-market-research-oman,https://www.bionixus.com/pharmaceutical-market-research-oman,200,true,2090,false,-90,"Pharmaceutical Market Research Company in Oman | BioNixus","Healthcare & Pharmaceutical Market Research Company in Oman",https://www.bionixus.com/pharmaceutical-market-research-oman
/new-zealand-medtech-market-research,https://www.bionixus.com/new-zealand-medtech-market-research,200,true,2089,false,-89,"MedTech Market Research Company in New Zealand (2026) |...","MedTech & Medical Devices Market Research Company in New Zealand",https://www.bionixus.com/new-zealand-medtech-market-research
/egypt-healthcare-market-report,https://www.bionixus.com/egypt-healthcare-market-report,200,true,2087,false,-87,"Egypt Healthcare Market 2026: Size, UHI Rollout & Forecast","Egypt Healthcare Market Report 2026: Pharmaceutical Intelligence, UHI Access, and EDA Registration",https://www.bionixus.com/egypt-healthcare-market-report
/south-korea-medtech-market-research,https://www.bionixus.com/south-korea-medtech-market-research,200,true,2087,false,-87,"MedTech Market Research Company in South Korea (2026) | MFD","MedTech & Medical Devices Market Research Company in South Korea",https://www.bionixus.com/south-korea-medtech-market-research
/healthcare-market-research/germany,https://www.bionixus.com/healthcare-market-research/germany,200,true,2085,false,-85,"Healthcare Market Research Germany | AMNOG & G-BA | BioNixus","Pharmaceutical Market Research in Germany",https://www.bionixus.com/healthcare-market-research/germany
/oman-biotech-market-research,https://www.bionixus.com/oman-biotech-market-research,200,true,2085,false,-85,"Biotech Market Research in Oman 2026 | BioNixus","Biotech & Life Sciences market research company in Oman",https://www.bionixus.com/oman-biotech-market-research
/healthcare-market-research/services/physician-insights,https://www.bionixus.com/healthcare-market-research/services/physician-insights,200,true,2084,false,-84,"physician insights Healthcare Research Service | BioNixus","Physician insights research service",https://www.bionixus.com/healthcare-market-research/services/physician-insights
/qatar-personalized-medicine-market,https://www.bionixus.com/qatar-personalized-medicine-market,200,true,2081,false,-81,"Qatar Personalized Medicine Market: Genomics & Access","Qatar Personalized Medicine Market: Genomics, Precision Oncology & Access Intelligence",https://www.bionixus.com/qatar-personalized-medicine-market
/market-research-saudi-arabia-pharmaceutical,https://www.bionixus.com/market-research-saudi-arabia-pharmaceutical,200,true,2080,false,-80,"Pharma Market Research Company Saudi Arabia | BioNixus","Pharma Market Research Company in Saudi Arabia",https://www.bionixus.com/market-research-saudi-arabia-pharmaceutical
/saudi-arabia-plasma-fractionation-market,https://www.bionixus.com/saudi-arabia-plasma-fractionation-market,200,true,2080,false,-80,"Saudi Arabia Plasma Fractionation Market Research | BioNixus","Saudi Arabia Plasma Fractionation Market: Demand and Supply Research",https://www.bionixus.com/saudi-arabia-plasma-fractionation-market
/kuwait-medtech-market-research,https://www.bionixus.com/kuwait-medtech-market-research,200,true,2077,false,-77,"MedTech Market Research in Kuwait 2026 | BioNixus","MedTech & Medical Devices market research company in Kuwait",https://www.bionixus.com/kuwait-medtech-market-research
/saudi-arabia-biomarkers-market,https://www.bionixus.com/saudi-arabia-biomarkers-market,200,true,2077,false,-77,"Saudi Arabia Biomarkers Market Research Services | BioNixus","Saudi Arabia Biomarkers Market: Adoption, Infrastructure and Evidence Research",https://www.bionixus.com/saudi-arabia-biomarkers-market
/healthcare-market-research/france,https://www.bionixus.com/healthcare-market-research/france,200,true,2076,false,-76,"Healthcare Market Research France | HAS & ANSM | BioNixus","Pharmaceutical Market Research in France",https://www.bionixus.com/healthcare-market-research/france
/qatar-biotech-market-research,https://www.bionixus.com/qatar-biotech-market-research,200,true,2076,false,-76,"Biotech Market Research in Qatar 2026 | BioNixus","Biotech & Life Sciences market research company in Qatar",https://www.bionixus.com/qatar-biotech-market-research
/healthcare-market-research/spain,https://www.bionixus.com/healthcare-market-research/spain,200,true,2075,false,-75,"Healthcare Market Research Spain | AEMPS Fieldwor | BioNixus","Pharmaceutical Market Research in Spain",https://www.bionixus.com/healthcare-market-research/spain
/uae-medtech-market-research,https://www.bionixus.com/uae-medtech-market-research,200,true,2075,false,-75,"MedTech Market Research in UAE 2026 | BioNixus","MedTech & Medical Devices market research company in UAE",https://www.bionixus.com/uae-medtech-market-research
/saudi-arabia-next-generation-sequencing-market,https://www.bionixus.com/saudi-arabia-next-generation-sequencing-market,200,true,2072,false,-72,"Saudi Arabia Next Generation Sequencing Market | BioNixus","Saudi Arabia Next Generation Sequencing Market: Capability, Adoption and Access Research",https://www.bionixus.com/saudi-arabia-next-generation-sequencing-market
/uae-consumer-health-market-research,https://www.bionixus.com/uae-consumer-health-market-research,200,true,2072,false,-72,"Consumer Health Market Research in UAE 2026 | BioNixus","Consumer Health & OTC market research company in UAE",https://www.bionixus.com/uae-consumer-health-market-research
/egypt-medtech-market-research,https://www.bionixus.com/egypt-medtech-market-research,200,true,2071,false,-71,"MedTech Market Research in Egypt 2026 | BioNixus","MedTech & Medical Devices market research company in Egypt",https://www.bionixus.com/egypt-medtech-market-research
/healthcare-market-research/therapy/respiratory,https://www.bionixus.com/healthcare-market-research/therapy/respiratory,200,true,2071,false,-71,"Respiratory Market Research | BioNixus","Respiratory market research",https://www.bionixus.com/healthcare-market-research/therapy/respiratory
/healthcare-market-research/therapy/aesthetic-medicine,https://www.bionixus.com/healthcare-market-research/therapy/aesthetic-medicine,200,true,2069,false,-69,"Aesthetic Medicine Market Research | BioNixus","Aesthetic medicine market research",https://www.bionixus.com/healthcare-market-research/therapy/aesthetic-medicine
/kuwait-biotech-market-research,https://www.bionixus.com/kuwait-biotech-market-research,200,true,2069,false,-69,"Biotech Market Research in Kuwait 2026 | BioNixus","Biotech & Life Sciences market research company in Kuwait",https://www.bionixus.com/kuwait-biotech-market-research
/egypt-consumer-health-market-research,https://www.bionixus.com/egypt-consumer-health-market-research,200,true,2066,false,-66,"Consumer Health Market Research in Egypt 2026 | BioNixus","Consumer Health & OTC market research company in Egypt",https://www.bionixus.com/egypt-consumer-health-market-research
/italy-medtech-market-research,https://www.bionixus.com/italy-medtech-market-research,200,true,2066,false,-66,"MedTech Market Research Company in Italy (2026) | AIFA / EU","MedTech & Medical Devices Market Research Company in Italy",https://www.bionixus.com/italy-medtech-market-research
/bahrain-consumer-health-market-research,https://www.bionixus.com/bahrain-consumer-health-market-research,200,true,2065,false,-65,"Consumer Health Market Research in Bahrain 2026 | BioNixus","Consumer Health & OTC market research company in Bahrain",https://www.bionixus.com/bahrain-consumer-health-market-research
/healthcare-market-research/services/quantitative-research,https://www.bionixus.com/healthcare-market-research/services/quantitative-research,200,true,2065,false,-65,"quantitative research Healthcare Research Service | BioNixus","Quantitative research research service",https://www.bionixus.com/healthcare-market-research/services/quantitative-research
/healthcare-market-research/therapy/cardiology,https://www.bionixus.com/healthcare-market-research/therapy/cardiology,200,true,2062,false,-62,"Cardiology Market Research | BioNixus","Cardiology market research",https://www.bionixus.com/healthcare-market-research/therapy/cardiology
/healthcare-market-research/services/kol-mapping,https://www.bionixus.com/healthcare-market-research/services/kol-mapping,200,true,2061,false,-61,"kol mapping Healthcare Research Service | BioNixus","Kol mapping research service",https://www.bionixus.com/healthcare-market-research/services/kol-mapping
/healthcare-market-research/japan,https://www.bionixus.com/healthcare-market-research/japan,200,true,2059,false,-59,"Healthcare Market Research Japan | PMDA Fieldwork | BioNixus","Pharmaceutical Market Research in Japan",https://www.bionixus.com/healthcare-market-research/japan
/ar/market-research-kuwait,https://www.bionixus.com/ar/market-research-kuwait,200,true,2055,false,-55,"أبحاث السوق في الكويت | BioNixus","أبحاث السوق في الكويت",https://www.bionixus.com/ar/market-research-kuwait
/healthcare-market-research/norway,https://www.bionixus.com/healthcare-market-research/norway,200,true,2055,false,-55,"Healthcare Market Research Norway | NoMA & HTA | BioNixus","Pharmaceutical Market Research in Norway",https://www.bionixus.com/healthcare-market-research/norway
/healthcare-market-research/services/qualitative-research,https://www.bionixus.com/healthcare-market-research/services/qualitative-research,200,true,2055,false,-55,"qualitative research Healthcare Research Service | BioNixus","Qualitative research research service",https://www.bionixus.com/healthcare-market-research/services/qualitative-research
/healthcare-market-research/singapore,https://www.bionixus.com/healthcare-market-research/singapore,200,true,2052,false,-52,"Healthcare Market Research Singapore | HSA Fieldw | BioNixus","Healthcare Market Research in Singapore",https://www.bionixus.com/healthcare-market-research/singapore
/kuwait-healthcare-market-research,https://www.bionixus.com/kuwait-healthcare-market-research,200,true,2052,false,-52,"Healthcare Market Research in Kuwait 2026 | BioNixus","Healthcare Providers & Hospitals market research company in Kuwait",https://www.bionixus.com/kuwait-healthcare-market-research
/oman-healthcare-market-research,https://www.bionixus.com/oman-healthcare-market-research,200,true,2051,false,-51,"Healthcare Market Research in Oman 2026 | BioNixus","Healthcare Providers & Hospitals market research company in Oman",https://www.bionixus.com/oman-healthcare-market-research
/ar/market-research-egypt,https://www.bionixus.com/ar/market-research-egypt,200,true,2049,false,-49,"Market Research Egypt | BioNixus","أبحاث السوق في مصر",https://www.bionixus.com/ar/market-research-egypt
/qatar-healthcare-market-research,https://www.bionixus.com/qatar-healthcare-market-research,200,true,2049,false,-49,"Healthcare Market Research in Qatar 2026 | BioNixus","Healthcare Providers & Hospitals market research company in Qatar",https://www.bionixus.com/qatar-healthcare-market-research
/pharmaceutical-market-research-jordan,https://www.bionixus.com/pharmaceutical-market-research-jordan,200,true,2047,false,-47,"Pharmaceutical Market Research Company in Jordan | BioNixus","Pharmaceutical Market Research Company in Jordan",https://www.bionixus.com/pharmaceutical-market-research-jordan
/uae-biotech-market-research,https://www.bionixus.com/uae-biotech-market-research,200,true,2047,false,-47,"Biotech Market Research in UAE 2026 | BioNixus","Biotech & Life Sciences market research company in UAE",https://www.bionixus.com/uae-biotech-market-research
/pt/methodology,https://www.bionixus.com/pt/methodology,200,true,2040,false,-40,"Metodologia de pesquisa de mercado em saúde | BioNixus","Metodologia de pesquisa de mercado em saúde",https://www.bionixus.com/pt/methodology
/saudi-arabia-biologics-market,https://www.bionixus.com/saudi-arabia-biologics-market,200,true,2038,false,-38,"Saudi Arabia Biologics Market 2026: Size, SFDA, Biosimilars","Saudi Arabia Biologics Market: Size, SFDA Access, NUPCO Tenders & Biosimilar Uptake",https://www.bionixus.com/saudi-arabia-biologics-market
/gfk-alternative-egypt,https://www.bionixus.com/gfk-alternative-egypt,200,true,2036,false,-36,"GfK Alternative in Egypt — International Market Research | BioNixus","GfK Alternative in Egypt — International Market Research by BioNixus",https://www.bionixus.com/gfk-alternative-egypt
/egypt-biotech-market-research,https://www.bionixus.com/egypt-biotech-market-research,200,true,2033,false,-33,"Biotech Market Research in Egypt 2026 | BioNixus","Biotech & Life Sciences market research company in Egypt",https://www.bionixus.com/egypt-biotech-market-research
/fr/methodology,https://www.bionixus.com/fr/methodology,200,true,2028,false,-28,"Méthodologie des études de marché santé | BioNixus","Méthodologie des études de marché santé",https://www.bionixus.com/fr/methodology
/bahrain-medtech-market-research,https://www.bionixus.com/bahrain-medtech-market-research,200,true,2027,false,-27,"MedTech Market Research in Bahrain 2026 | BioNixus","MedTech & Medical Devices market research company in Bahrain",https://www.bionixus.com/bahrain-medtech-market-research
/pharmaceutical-market-research-bahrain,https://www.bionixus.com/pharmaceutical-market-research-bahrain,200,true,2027,false,-27,"Healthcare Market Research Company in Bahrain | BioNixus","Healthcare & Pharmaceutical Market Research Company in Bahrain",https://www.bionixus.com/pharmaceutical-market-research-bahrain
/brazil-medtech-market-research,https://www.bionixus.com/brazil-medtech-market-research,200,true,2023,false,-23,"MedTech Market Research Company in Brazil (2026) | ANVISA...","MedTech & Medical Devices Market Research Company in Brazil",https://www.bionixus.com/brazil-medtech-market-research
/switzerland-medtech-market-research,https://www.bionixus.com/switzerland-medtech-market-research,200,true,2022,false,-22,"MedTech Market Research Company in Switzerland (2026) |...","MedTech & Medical Devices Market Research Company in Switzerland",https://www.bionixus.com/switzerland-medtech-market-research
/spain-medtech-market-research,https://www.bionixus.com/spain-medtech-market-research,200,true,2020,false,-20,"MedTech Market Research Company in Spain (2026) | AEMPS...","MedTech & Medical Devices Market Research Company in Spain",https://www.bionixus.com/spain-medtech-market-research
/gcc-pharmaceutical-market-research,https://www.bionixus.com/gcc-pharmaceutical-market-research,200,true,2019,false,-19,"GCC Biologics & Generic Injectables Market 2026 | BioNixus","GCC Biologics & Generic Injectables Market Research 2026 — Precision Medicine & Drug Repurposing",https://www.bionixus.com/gcc-pharmaceutical-market-research
/denmark-medtech-market-research,https://www.bionixus.com/denmark-medtech-market-research,200,true,2018,false,-18,"MedTech Market Research Company in Denmark (2026) | Danish.","MedTech & Medical Devices Market Research Company in Denmark",https://www.bionixus.com/denmark-medtech-market-research
/kantar-health-alternative-gcc,https://www.bionixus.com/kantar-health-alternative-gcc,200,true,2018,false,-18,"Kantar Health Alternative in GCC & Middle East | BioNixus","Kantar Health Alternative for GCC and Middle East — BioNixus",https://www.bionixus.com/kantar-health-alternative-gcc
/bahrain-biotech-market-research,https://www.bionixus.com/bahrain-biotech-market-research,200,true,2017,false,-17,"Biotech Market Research in Bahrain 2026 | BioNixus","Biotech & Life Sciences market research company in Bahrain",https://www.bionixus.com/bahrain-biotech-market-research
/market-research-in-egypt,https://www.bionixus.com/market-research-in-egypt,200,true,2011,false,-11,"Market Research Companies in Egypt | BioNixus","Market Research Company in Egypt",https://www.bionixus.com/market-research-in-egypt
/malaysia-medtech-market-research,https://www.bionixus.com/malaysia-medtech-market-research,200,true,2009,false,-9,"MedTech Market Research Company in Malaysia (2026) | MDA...","MedTech & Medical Devices Market Research Company in Malaysia",https://www.bionixus.com/malaysia-medtech-market-research
/iqvia-alternative-saudi-arabia,https://www.bionixus.com/iqvia-alternative-saudi-arabia,200,true,2006,false,-6,"IQVIA Alternative Saudi Arabia (2026) | Competitors","IQVIA alternative for pharmaceutical research in Saudi Arabia",https://www.bionixus.com/iqvia-alternative-saudi-arabia
/bahrain-healthcare-market-research,https://www.bionixus.com/bahrain-healthcare-market-research,200,true,2001,false,-1,"Healthcare Market Research in Bahrain 2026 | BioNixus","Healthcare Providers & Hospitals market research company in Bahrain",https://www.bionixus.com/bahrain-healthcare-market-research
/es/methodology,https://www.bionixus.com/es/methodology,200,true,2001,false,-1,"Metodología de investigación de mercado sanitario | BioNixus","Metodología de investigación de mercado sanitario",https://www.bionixus.com/es/methodology