pathname,url,status,word_count,in_sitemap,pass,thin,not_found,title,h1
/videos/consumer-b2b-market-research,https://www.bionixus.com/videos/consumer-b2b-market-research,200,7,true,false,true,false,Videos Consumer B2b Market Research | BioNixus,
/videos/healthcare-market-research-overview,https://www.bionixus.com/videos/healthcare-market-research-overview,200,7,true,false,true,false,Videos Healthcare Market Research Overview | BioNixus,
/ar/blog/%d8%b3%d9%88%d9%82-%d8%a7%d9%84%d8%af%d9%88%d8%a7%d8%a1-%d8%a7%d9%84%d8%b3%d8%b9%d9%88%d8%af%d9%8a-2026,https://www.bionixus.com/ar/blog/%d8%b3%d9%88%d9%82-%d8%a7%d9%84%d8%af%d9%88%d8%a7%d8%a1-%d8%a7%d9%84%d8%b3%d8%b9%d9%88%d8%af%d9%8a-2026,200,18,true,false,true,false,سوق الدواء السعودي 2026: رؤى واتجاهات | BioNixus,سوق الدواء السعودي 2026 — BioNixus
/ar/blog/saudi-pharma-market-2026,https://www.bionixus.com/ar/blog/saudi-pharma-market-2026,200,18,true,false,true,false,Saudi Pharma Market 2026 | مدونة BioNixus,Saudi Pharma Market 2026 — BioNixus
/ar/blog/pharmaceutical-market-research-middle-east-gcc,https://www.bionixus.com/ar/blog/pharmaceutical-market-research-middle-east-gcc,200,20,true,false,true,false,Pharmaceutical Market Research Middle East GCC | مدونة BioNixus,Pharmaceutical Market Research Middle East GCC — BioNixus
/ar/blog/%d8%a3%d8%a8%d8%ad%d8%a7%d8%ab-%d8%a7%d9%84%d8%b3%d9%88%d9%82-%d8%a7%d9%84%d8%af%d9%88%d8%a7%d8%a6%d9%8a%d8%a9-%d9%81%d9%8a-%d8%a7%d9%84%d8%b4%d8%b1%d9%82-%d8%a7%d9%84%d8%a3%d9%88%d8%b3%d8%b7-%d9%88-%d8%af%d9%88%d9%84-%d8%a7%d9%84%d8%ae%d9%84%d9%8a%d8%ac-%d8%a7%d9%84%d8%b9%d8%b1%d8%a8%d9%8a,https://www.bionixus.com/ar/blog/%d8%a3%d8%a8%d8%ad%d8%a7%d8%ab-%d8%a7%d9%84%d8%b3%d9%88%d9%82-%d8%a7%d9%84%d8%af%d9%88%d8%a7%d8%a6%d9%8a%d8%a9-%d9%81%d9%8a-%d8%a7%d9%84%d8%b4%d8%b1%d9%82-%d8%a7%d9%84%d8%a3%d9%88%d8%b3%d8%b7-%d9%88-%d8%af%d9%88%d9%84-%d8%a7%d9%84%d8%ae%d9%84%d9%8a%d8%ac-%d8%a7%d9%84%d8%b9%d8%b1%d8%a8%d9%8a,200,24,true,false,true,false,أبحاث السوق الصيدلانية الشرق الأوسط والخليج 2026 | BioNixus,أبحاث السوق الدوائية في الشرق الأوسط و دول الخليج العربي — BioNixus
/zh/insights,https://www.bionixus.com/zh/insights,200,27,true,false,true,false,Insights | BioNixus,BioNixus 洞察为何对医药与医疗健康至关重要
/de/blog/gesundheitsmarkt-deutschland-2026,https://www.bionixus.com/de/blog/gesundheitsmarkt-deutschland-2026,200,106,true,false,true,false,Blog Gesundheitsmarkt Deutschland 2026 | BioNixus,
/de/blog/pharmamarktforschung-deutschland-2026,https://www.bionixus.com/de/blog/pharmamarktforschung-deutschland-2026,200,106,true,false,true,false,Blog Pharmamarktforschung Deutschland 2026 | BioNixus,
/de/blog/amnog-frueher-nutzen-marktzugang-2026,https://www.bionixus.com/de/blog/amnog-frueher-nutzen-marktzugang-2026,200,108,true,false,true,false,Blog Amnog Frueher Nutzen Marktzugang 2026 | BioNixus,
/de/blog/deutsche-pharmaunternehmen-2026-pipeline-updates,https://www.bionixus.com/de/blog/deutsche-pharmaunternehmen-2026-pipeline-updates,200,108,true,false,true,false,Blog Deutsche Pharmaunternehmen 2026 Pipeline Upd | BioNixus,
/media,https://www.bionixus.com/media,200,132,true,false,true,false,Media Kit & Press Contact | BioNixus,Media kit
/zh/market-research-healthcare,https://www.bionixus.com/zh/market-research-healthcare,200,137,true,false,true,false,Healthcare Market Research | 欧洲与中东医药Healthcare市场研究,服务欧洲与中东制药决策的healthcare market research
/videos,https://www.bionixus.com/videos,200,142,true,false,true,false,Market Research Videos | BioNixus,Market research videos
/fr/blog/etudes-marche-pharmaceutique-france-2026,https://www.bionixus.com/fr/blog/etudes-marche-pharmaceutique-france-2026,200,143,true,false,true,false,Blog Etudes Marche Pharmaceutique France 2026 | BioNixus,
/fr/blog/evaluation-economique-has-france-2026,https://www.bionixus.com/fr/blog/evaluation-economique-has-france-2026,200,143,true,false,true,false,Blog Evaluation Economique Has France 2026 | BioNixus,
/clinical-diagnostics-proposal-request,https://www.bionixus.com/clinical-diagnostics-proposal-request,200,145,true,false,true,false,Register for Clinical Diagnostics Proposal | BioNixus,Receive the full market assessment proposal
/templates/country-research-brief,https://www.bionixus.com/templates/country-research-brief,200,177,true,false,true,false,Country Research Brief Template | BioNixus,Country research brief template
/templates/mystery-shop-retail-brief,https://www.bionixus.com/templates/mystery-shop-retail-brief,200,191,true,false,true,false,Mystery Shop Retail Brief (GCC) | BioNixus,Mystery-shop retail brief (GCC)
/news,https://www.bionixus.com/news,200,192,true,false,true,false,News & Press Releases | BioNixus,News
/de/insights,https://www.bionixus.com/de/insights,200,210,true,false,true,false,BioNixus Insights für Pharma- und Gesundheitsstrategie,Warum BioNixus Insights in Pharma und Gesundheitswesen zählen
/tools/syndicated-data-gap,https://www.bionixus.com/tools/syndicated-data-gap,200,213,true,false,true,false,Syndicated Data Gap Diagnostic | BioNixus,Syndicated data gap diagnostic
/ar/insights,https://www.bionixus.com/ar/insights,200,227,true,false,true,false,رؤى بيونكسس لاستراتيجيات الرعاية الصحية والأدوية,لماذا تُحدث رؤى بيونكسس فرقاً في الرعاية الصحية والأدوية
/ru/insights,https://www.bionixus.com/ru/insights,200,237,true,false,true,false,Аналитика BioNixus для фармацевтической стратегии,Почему аналитика BioNixus важна в здравоохранении и фармацевтике
/zh/methodology,https://www.bionixus.com/zh/methodology,200,247,true,false,true,false,Healthcare Research Methodology & Process | BioNixus,医疗健康市场研究方法
/zh/about,https://www.bionixus.com/zh/about,200,266,true,false,true,false,关于 BioNixus | 基于受监管医药的全球市场研究 | BioNixus,全球市场研究——建立在医药这一我们服务的最受监管行业之上，并扩展至跨行业信赖
/ar/arabic-blog-alsawdyh,https://www.bionixus.com/ar/arabic-blog-alsawdyh,200,287,true,false,true,false,المدونة العربية: أبحاث السوق الدوائي في السعودية | BioNixus,دليل أبحاث السوق الدوائي في السعودية
/bionixus-ai-chatbots-increase-sales-and-lead-generation,https://www.bionixus.com/bionixus-ai-chatbots-increase-sales-and-lead-generation,200,294,true,false,true,false,AI Chatbots in Pharmaceutical Market Research | BioNixus,AI Chatbots for Healthcare Market Research and Lead Generation
/es/insights,https://www.bionixus.com/es/insights,200,298,true,false,true,false,Insights de BioNixus para estrategia sanitaria y farmacéuti,Por qué los insights de BioNixus importan en salud y farmacia
/pt/insights,https://www.bionixus.com/pt/insights,200,300,true,false,true,false,Insights BioNixus para estratégia em saúde e farmacêutica,Por que os insights da BioNixus são decisivos em saúde e farmacêutica
/fr/insights,https://www.bionixus.com/fr/insights,200,302,true,false,true,false,Insights BioNixus pour la stratégie santé et pharma,Pourquoi les insights BioNixus comptent en santé et pharmacie
/ar/market-research-healthcare,https://www.bionixus.com/ar/market-research-healthcare,200,319,true,false,true,false,Healthcare Market Research | ابحاث healthcare ودوائية لاوروبا...,Healthcare market research لقرارات دوائية في اوروبا والشرق الاوسط
/zh/strategic-portfolio,https://www.bionixus.com/zh/strategic-portfolio,200,325,true,false,true,false,BioNixus 战略产品组合 | EMEA 与 MENA 制药研究能力,战略产品组合：贯穿 EMEA 与 MENA 的制药研究与市场准入能力
/de/market-research-healthcare,https://www.bionixus.com/de/market-research-healthcare,200,335,true,false,true,false,Healthcare Market Research | Pharma Healthcare Market...,Healthcare market research fuer pharmazeutische Entscheidungen in Europa und Nahost
/es/market-research-healthcare,https://www.bionixus.com/es/market-research-healthcare,200,346,true,false,true,false,Healthcare Market Research | Investigacion healthcare y...,Healthcare market research para decisiones farmaceuticas en Europa y Oriente Medio
/zh/bionixus-market-research-middle-east,https://www.bionixus.com/zh/bionixus-market-research-middle-east,200,354,true,false,true,false,中东制药市场研究 | 海湾国家证据项目 | BioNixus,加速海湾国家上市决策的中东制药市场研究
/fr/market-research-healthcare,https://www.bionixus.com/fr/market-research-healthcare,200,359,true,false,true,false,Healthcare Market Research | Recherche healthcare et...,Healthcare market research pour decisions pharmaceutiques en Europe et Moyen-Orient
/zh/insights/top-market-research-companies-egypt-2026,https://www.bionixus.com/zh/insights/top-market-research-companies-egypt-2026,200,365,true,false,true,false,埃及最佳市场研究公司 5 强（2026）| 买家指南 | BioNixus,埃及最佳市场研究公司 5 强（2026）
/insights,https://www.bionixus.com/insights,200,394,true,false,true,false,BioNixus Insights for Healthcare & Pharma Strateg | BioNixus,Why BioNixus Insights Matter in Healthcare and Pharmaceuticals
/qualitative-market-research,https://www.bionixus.com/qualitative-market-research,200,414,true,false,true,false,Qualitative Market Research for Healthcare and Ph | BioNixus,Qualitative Market Research for Pharmaceutical Strategy
/zh/bionixus-industries,https://www.bionixus.com/zh/bionixus-industries,200,423,true,false,true,false,Bionixus Industries | BioNixus,一家研究机构，<em>服务我们所覆盖的每一个行业</em>
/case-studies,https://www.bionixus.com/case-studies,200,429,true,false,true,false,Healthcare & Pharmaceutical Case Studies | BioNixus,"Real-World Research.<br class=""hidden md:block""/> Measurable Results."
/insights/saudi-arabia-biosimilar-market-size-methodology-2026,https://www.bionixus.com/insights/saudi-arabia-biosimilar-market-size-methodology-2026,200,439,true,false,true,false,Saudi Arabia Biosimilar Market Size: Why Figures | BioNixus,Why Saudi Arabia biosimilar market figures disagree (USD 382M vs USD 664M)
/faq,https://www.bionixus.com/faq,200,469,true,false,true,false,FAQ | Healthcare & Pharma Market Research | BioNixus,Frequently Asked Questions
/insights/saudi-arabia-cancer-diagnostics-market-size-methodology-2026,https://www.bionixus.com/insights/saudi-arabia-cancer-diagnostics-market-size-methodology-2026,200,477,true,false,true,false,Saudi Arabia Cancer Diagnostics Market Size: Why | BioNixus,Why Saudi Arabia cancer diagnostics market figures disagree (USD ~0.9B–2.1B)
/ar/pharmaceutical-companies-oman,https://www.bionixus.com/ar/pharmaceutical-companies-oman,200,507,true,false,true,false,شركات الأدوية في عُمان 2026 | دليل الشركات,شركات الأدوية في عُمان
/insights/saudi-arabia-vaccine-market-size-methodology-2026,https://www.bionixus.com/insights/saudi-arabia-vaccine-market-size-methodology-2026,200,512,true,false,true,false,Saudi Arabia Vaccine Market Size: Why Figures Dif | BioNixus,Why Saudi Arabia vaccine market figures disagree (USD 248M vs USD 536M+)
/zh,https://www.bionixus.com/zh,200,518,true,false,true,false,EMEA Healthcare Market Research (Chinese) | BioNixus,"以研究塑造<!-- --> <em class=""font-medium not-italic text-transparent bg-clip-text bg-gradient-to-br from-[#C9A84C] to-[#E4CC7A]"">您的战略</em>"
/ar/pharmaceutical-companies-qatar,https://www.bionixus.com/ar/pharmaceutical-companies-qatar,200,520,true,false,true,false,شركات الأدوية في قطر 2026 | دليل الشركات,شركات الأدوية في قطر
/ar/pharmaceutical-companies-saudi-arabia,https://www.bionixus.com/ar/pharmaceutical-companies-saudi-arabia,200,531,true,false,true,false,شركات الأدوية في السعودية 2026 | دليل الشركات,شركات الأدوية في السعودية
/ar/pharmaceutical-companies-kuwait,https://www.bionixus.com/ar/pharmaceutical-companies-kuwait,200,534,true,false,true,false,شركات الأدوية في الكويت 2026 | دليل الشركات,شركات الأدوية في الكويت
/ar/pharmaceutical-companies-uae,https://www.bionixus.com/ar/pharmaceutical-companies-uae,200,545,true,false,true,false,شركات الأدوية في الإمارات 2026 | دليل الشركات,شركات الأدوية في الإمارات
/febrile-neutropenia-market,https://www.bionixus.com/febrile-neutropenia-market,200,548,true,false,true,false,"Febrile Neutropenia Market 2026: Size, G-CSF & Forecast",Febrile Neutropenia Market: Supportive-Care &amp; Protocol Intelligence
/japan-neurology-devices-market,https://www.bionixus.com/japan-neurology-devices-market,200,549,true,false,true,false,Japan Neurology Devices Market Research | BioNixus,Japan Neurology Devices Market: Clinical &amp; Access Intelligence
/japan-medical-disposables-market,https://www.bionixus.com/japan-medical-disposables-market,200,551,true,false,true,false,Japan Medical Disposables Market Research | BioNixus,Japan Medical Disposables Market: Procurement &amp; Adoption Intelligence
/bionixus-industries/insights,https://www.bionixus.com/bionixus-industries/insights,200,562,true,false,true,false,Industry Insights Blog | B2B & B2C Market Researc | BioNixus,B2B &amp; B2C Market Research Insights
/mek-inhibitors-market,https://www.bionixus.com/mek-inhibitors-market,200,569,true,false,true,false,MEK Inhibitors Market Access Research | BioNixus,MEK Inhibitors Market Access: Oncology Evidence &amp; Commercial Intelligence
/consumer-market-research,https://www.bionixus.com/consumer-market-research,200,570,true,false,true,false,Consumer & Business Market Research Company — FMC | BioNixus,Consumer &amp; Business Market Research — Global Coverage
/italy-clinical-trials-market,https://www.bionixus.com/italy-clinical-trials-market,200,572,true,false,true,false,Italy Clinical Trials Market Research | BioNixus,"Italy Clinical Trials Market: Site, Feasibility &amp; Sponsor Intelligence"
/doxorubicin-market,https://www.bionixus.com/doxorubicin-market,200,577,true,false,true,false,Doxorubicin Market Access Research | BioNixus,"Doxorubicin Market Access: Protocol, Tender &amp; Formulation Intelligence"
/japan-medical-device-market-access,https://www.bionixus.com/japan-medical-device-market-access,200,588,true,false,true,false,Japan Medical Device Market Access & Automation | BioNixus,Japan Medical Device Market Access &amp; Medical Automation Intelligence
/ar/pharmaceutical-companies-egypt,https://www.bionixus.com/ar/pharmaceutical-companies-egypt,200,595,true,false,true,false,شركات الأدوية في مصر 2026 | دليل الشركات,شركات الأدوية في مصر
/italy-medical-device-connectivity-market,https://www.bionixus.com/italy-medical-device-connectivity-market,200,604,true,false,true,false,Italy Medical Device Connectivity & Digital Healt | BioNixus,Italy Medical Device Connectivity &amp; Digital Health Market Intelligence
/italy-portable-diagnostic-devices-market,https://www.bionixus.com/italy-portable-diagnostic-devices-market,200,617,true,false,true,false,Italy Portable Diagnostic Devices Market Research | BioNixus,Italy Portable Diagnostic Devices Market: POCT &amp; Adoption Intelligence
/singapore-ivd-market-access,https://www.bionixus.com/singapore-ivd-market-access,200,617,true,false,true,false,Singapore IVD Market Access Research | BioNixus,"Singapore IVD Market Access: Lab, Hospital &amp; Regulatory Intelligence"
/zh/contact,https://www.bionixus.com/zh/contact,200,618,true,false,true,false,联系 BioNixus | 医疗与制药市场研究咨询,Connect with a global market research team.
/italy-oncology-antiinfective-market-access,https://www.bionixus.com/italy-oncology-antiinfective-market-access,200,632,true,false,true,false,Italy Oncology & Anti-infective Market Access Res | BioNixus,"Italy Oncology &amp; Anti-infective Market Access: AIFA, Hospital &amp; Regional Intelligence"
/gcc-medication-management-market,https://www.bionixus.com/gcc-medication-management-market,200,653,true,false,true,false,GCC Medication Management Market Research | BioNixus,"GCC Medication Management Market: Pharmacy, Automation &amp; Adherence Intelligence"
/insights/top-education-market-research-companies-bahrain-2026,https://www.bionixus.com/insights/top-education-market-research-companies-bahrain-2026,200,664,true,false,true,false,Top 4 Education Market Research Firms in Bahrain (2026),"<span class=""h1-kicker"">Ranking 2026 · Bahrain · Education</span>4 Best Education Market Research Firms in Bahrain (2026 Rankings)"
/insights/top-education-market-research-companies-kuwait-2026,https://www.bionixus.com/insights/top-education-market-research-companies-kuwait-2026,200,664,true,false,true,false,Top 4 Education Market Research Firms in Kuwait (2026),"<span class=""h1-kicker"">Ranking 2026 · Kuwait · Education</span>4 Best Education Market Research Firms in Kuwait (2026 Rankings)"
/insights/top-education-market-research-companies-oman-2026,https://www.bionixus.com/insights/top-education-market-research-companies-oman-2026,200,664,true,false,true,false,Top 4 Education Market Research Firms in Oman (2026),"<span class=""h1-kicker"">Ranking 2026 · Oman · Education</span>4 Best Education Market Research Firms in Oman (2026 Rankings)"
/insights/top-education-market-research-companies-qatar-2026,https://www.bionixus.com/insights/top-education-market-research-companies-qatar-2026,200,664,true,false,true,false,Top 4 Education Market Research Firms in Qatar (2026),"<span class=""h1-kicker"">Ranking 2026 · Qatar · Education</span>4 Best Education Market Research Firms in Qatar (2026 Rankings)"
/insights/top-media-market-research-companies-bahrain-2026,https://www.bionixus.com/insights/top-media-market-research-companies-bahrain-2026,200,665,true,false,true,false,Top 4 Media Market Research Firms in Bahrain (2026),"<span class=""h1-kicker"">Ranking 2026 · Bahrain · Media</span>4 Best Media &amp; Entertainment Market Research Firms in Bahrain (2026 Rankings)"
/insights/top-media-market-research-companies-kuwait-2026,https://www.bionixus.com/insights/top-media-market-research-companies-kuwait-2026,200,665,true,false,true,false,Top 4 Media Market Research Firms in Kuwait (2026),"<span class=""h1-kicker"">Ranking 2026 · Kuwait · Media</span>4 Best Media &amp; Entertainment Market Research Firms in Kuwait (2026 Rankings)"
/insights/top-media-market-research-companies-oman-2026,https://www.bionixus.com/insights/top-media-market-research-companies-oman-2026,200,665,true,false,true,false,Top 4 Media Market Research Firms in Oman (2026),"<span class=""h1-kicker"">Ranking 2026 · Oman · Media</span>4 Best Media &amp; Entertainment Market Research Firms in Oman (2026 Rankings)"
/insights/top-media-market-research-companies-qatar-2026,https://www.bionixus.com/insights/top-media-market-research-companies-qatar-2026,200,665,true,false,true,false,Top 4 Media Market Research Firms in Qatar (2026),"<span class=""h1-kicker"">Ranking 2026 · Qatar · Media</span>4 Best Media &amp; Entertainment Market Research Firms in Qatar (2026 Rankings)"
/insights/top-telecom-market-research-companies-bahrain-2026,https://www.bionixus.com/insights/top-telecom-market-research-companies-bahrain-2026,200,665,true,false,true,false,Top 4 Telecom Market Research Firms in Bahrain (2026),"<span class=""h1-kicker"">Ranking 2026 · Bahrain · Telecom</span>4 Best Telecom &amp; Connectivity Market Research Firms in Bahrain (2026 Rankings)"
/insights/top-telecom-market-research-companies-kuwait-2026,https://www.bionixus.com/insights/top-telecom-market-research-companies-kuwait-2026,200,665,true,false,true,false,Top 4 Telecom Market Research Firms in Kuwait (2026),"<span class=""h1-kicker"">Ranking 2026 · Kuwait · Telecom</span>4 Best Telecom &amp; Connectivity Market Research Firms in Kuwait (2026 Rankings)"
/insights/top-telecom-market-research-companies-oman-2026,https://www.bionixus.com/insights/top-telecom-market-research-companies-oman-2026,200,665,true,false,true,false,Top 4 Telecom Market Research Firms in Oman (2026),"<span class=""h1-kicker"">Ranking 2026 · Oman · Telecom</span>4 Best Telecom &amp; Connectivity Market Research Firms in Oman (2026 Rankings)"
/insights/top-telecom-market-research-companies-qatar-2026,https://www.bionixus.com/insights/top-telecom-market-research-companies-qatar-2026,200,665,true,false,true,false,Top 4 Telecom Market Research Firms in Qatar (2026),"<span class=""h1-kicker"">Ranking 2026 · Qatar · Telecom</span>4 Best Telecom &amp; Connectivity Market Research Firms in Qatar (2026 Rankings)"
/insights/top-biotech-market-research-companies-bahrain-2026,https://www.bionixus.com/insights/top-biotech-market-research-companies-bahrain-2026,200,666,true,false,true,false,Top 4 Biotech Market Research Firms in Bahrain (2026),"<span class=""h1-kicker"">Ranking 2026 · Bahrain · Biotech</span>4 Best Biotech &amp; Life Sciences Market Research Firms in Bahrain (2026 Rankings)"
/insights/top-biotech-market-research-companies-kuwait-2026,https://www.bionixus.com/insights/top-biotech-market-research-companies-kuwait-2026,200,666,true,false,true,false,Top 4 Biotech Market Research Firms in Kuwait (2026),"<span class=""h1-kicker"">Ranking 2026 · Kuwait · Biotech</span>4 Best Biotech &amp; Life Sciences Market Research Firms in Kuwait (2026 Rankings)"
/insights/top-biotech-market-research-companies-oman-2026,https://www.bionixus.com/insights/top-biotech-market-research-companies-oman-2026,200,666,true,false,true,false,Top 4 Biotech Market Research Firms in Oman (2026),"<span class=""h1-kicker"">Ranking 2026 · Oman · Biotech</span>4 Best Biotech &amp; Life Sciences Market Research Firms in Oman (2026 Rankings)"
/insights/top-biotech-market-research-companies-qatar-2026,https://www.bionixus.com/insights/top-biotech-market-research-companies-qatar-2026,200,666,true,false,true,false,Top 4 Biotech Market Research Firms in Qatar (2026),"<span class=""h1-kicker"">Ranking 2026 · Qatar · Biotech</span>4 Best Biotech &amp; Life Sciences Market Research Firms in Qatar (2026 Rankings)"
/insights/top-healthcare-market-research-companies-bahrain-2026,https://www.bionixus.com/insights/top-healthcare-market-research-companies-bahrain-2026,200,666,true,false,true,false,Top 4 Healthcare Market Research Firms in Bahrain (2026),"<span class=""h1-kicker"">Ranking 2026 · Bahrain · Healthcare</span>4 Best Healthcare Providers &amp; Hospitals Market Research Firms in Bahrain (2026 Rankings)"
/insights/top-healthcare-market-research-companies-oman-2026,https://www.bionixus.com/insights/top-healthcare-market-research-companies-oman-2026,200,666,true,false,true,false,Top 4 Healthcare Market Research Firms in Oman (2026),"<span class=""h1-kicker"">Ranking 2026 · Oman · Healthcare</span>4 Best Healthcare Providers &amp; Hospitals Market Research Firms in Oman (2026 Rankings)"
/insights/top-healthcare-market-research-companies-qatar-2026,https://www.bionixus.com/insights/top-healthcare-market-research-companies-qatar-2026,200,666,true,false,true,false,Top 4 Healthcare Market Research Firms in Qatar (2026),"<span class=""h1-kicker"">Ranking 2026 · Qatar · Healthcare</span>4 Best Healthcare Providers &amp; Hospitals Market Research Firms in Qatar (2026 Rankings)"
/insights/top-medtech-market-research-companies-bahrain-2026,https://www.bionixus.com/insights/top-medtech-market-research-companies-bahrain-2026,200,666,true,false,true,false,Top 4 MedTech Market Research Firms in Bahrain (2026),"<span class=""h1-kicker"">Ranking 2026 · Bahrain · MedTech</span>4 Best MedTech &amp; Medical Devices Market Research Firms in Bahrain (2026 Rankings)"
/insights/top-medtech-market-research-companies-kuwait-2026,https://www.bionixus.com/insights/top-medtech-market-research-companies-kuwait-2026,200,666,true,false,true,false,Top 4 MedTech Market Research Firms in Kuwait (2026),"<span class=""h1-kicker"">Ranking 2026 · Kuwait · MedTech</span>4 Best MedTech &amp; Medical Devices Market Research Firms in Kuwait (2026 Rankings)"
/insights/top-medtech-market-research-companies-oman-2026,https://www.bionixus.com/insights/top-medtech-market-research-companies-oman-2026,200,666,true,false,true,false,Top 4 MedTech Market Research Firms in Oman (2026),"<span class=""h1-kicker"">Ranking 2026 · Oman · MedTech</span>4 Best MedTech &amp; Medical Devices Market Research Firms in Oman (2026 Rankings)"
/insights/top-medtech-market-research-companies-qatar-2026,https://www.bionixus.com/insights/top-medtech-market-research-companies-qatar-2026,200,666,true,false,true,false,Top 4 MedTech Market Research Firms in Qatar (2026),"<span class=""h1-kicker"">Ranking 2026 · Qatar · MedTech</span>4 Best MedTech &amp; Medical Devices Market Research Firms in Qatar (2026 Rankings)"
/insights/top-healthcare-market-research-companies-egypt-2026,https://www.bionixus.com/insights/top-healthcare-market-research-companies-egypt-2026,200,671,true,false,true,false,Top 4 Healthcare Market Research Firms in Egypt (2026),"<span class=""h1-kicker"">Ranking 2026 · Egypt · Healthcare</span>4 Best Healthcare Providers &amp; Hospitals Market Research Firms in Egypt (2026 Rankings)"
/insights/top-education-market-research-companies-egypt-2026,https://www.bionixus.com/insights/top-education-market-research-companies-egypt-2026,200,677,true,false,true,false,Top 4 Education Market Research Firms in Egypt (2026),"<span class=""h1-kicker"">Ranking 2026 · Egypt · Education</span>4 Best Education Market Research Firms in Egypt (2026 Rankings)"
/insights/top-education-market-research-companies-uae-2026,https://www.bionixus.com/insights/top-education-market-research-companies-uae-2026,200,678,true,false,true,false,Top 4 Education Market Research Firms in UAE (2026),"<span class=""h1-kicker"">Ranking 2026 · UAE · Education</span>4 Best Education Market Research Firms in UAE (2026 Rankings)"
/insights/top-media-market-research-companies-egypt-2026,https://www.bionixus.com/insights/top-media-market-research-companies-egypt-2026,200,678,true,false,true,false,Top 4 Media Market Research Firms in Egypt (2026),"<span class=""h1-kicker"">Ranking 2026 · Egypt · Media</span>4 Best Media &amp; Entertainment Market Research Firms in Egypt (2026 Rankings)"
/insights/top-telecom-market-research-companies-egypt-2026,https://www.bionixus.com/insights/top-telecom-market-research-companies-egypt-2026,200,678,true,false,true,false,Top 4 Telecom Market Research Firms in Egypt (2026),"<span class=""h1-kicker"">Ranking 2026 · Egypt · Telecom</span>4 Best Telecom &amp; Connectivity Market Research Firms in Egypt (2026 Rankings)"
/insights/top-media-market-research-companies-uae-2026,https://www.bionixus.com/insights/top-media-market-research-companies-uae-2026,200,679,true,false,true,false,Top 4 Media Market Research Firms in UAE (2026),"<span class=""h1-kicker"">Ranking 2026 · UAE · Media</span>4 Best Media &amp; Entertainment Market Research Firms in UAE (2026 Rankings)"
/insights/top-telecom-market-research-companies-uae-2026,https://www.bionixus.com/insights/top-telecom-market-research-companies-uae-2026,200,679,true,false,true,false,Top 4 Telecom Market Research Firms in UAE (2026),"<span class=""h1-kicker"">Ranking 2026 · UAE · Telecom</span>4 Best Telecom &amp; Connectivity Market Research Firms in UAE (2026 Rankings)"
/insights/top-biotech-market-research-companies-egypt-2026,https://www.bionixus.com/insights/top-biotech-market-research-companies-egypt-2026,200,686,true,false,true,false,Top 4 Biotech Market Research Firms in Egypt (2026),"<span class=""h1-kicker"">Ranking 2026 · Egypt · Biotech</span>4 Best Biotech &amp; Life Sciences Market Research Firms in Egypt (2026 Rankings)"
/insights/top-biotech-market-research-companies-uae-2026,https://www.bionixus.com/insights/top-biotech-market-research-companies-uae-2026,200,686,true,false,true,false,Top 4 Biotech Market Research Firms in UAE (2026),"<span class=""h1-kicker"">Ranking 2026 · UAE · Biotech</span>4 Best Biotech &amp; Life Sciences Market Research Firms in UAE (2026 Rankings)"
/insights/top-medtech-market-research-companies-egypt-2026,https://www.bionixus.com/insights/top-medtech-market-research-companies-egypt-2026,200,686,true,false,true,false,Top 4 MedTech Market Research Firms in Egypt (2026),"<span class=""h1-kicker"">Ranking 2026 · Egypt · MedTech</span>4 Best MedTech &amp; Medical Devices Market Research Firms in Egypt (2026 Rankings)"
/insights/top-medtech-market-research-companies-uae-2026,https://www.bionixus.com/insights/top-medtech-market-research-companies-uae-2026,200,686,true,false,true,false,Top 4 MedTech Market Research Firms in UAE (2026),"<span class=""h1-kicker"">Ranking 2026 · UAE · MedTech</span>4 Best MedTech &amp; Medical Devices Market Research Firms in UAE (2026 Rankings)"
/real-world-evidence-italy,https://www.bionixus.com/real-world-evidence-italy,200,688,true,false,true,false,Real-World Evidence (RWE) in Italy | BioNixus,Real-World Evidence in Italy: Practice-Pattern Insight for Access &amp; Medical Teams
/real-world-evidence-spain,https://www.bionixus.com/real-world-evidence-spain,200,690,true,false,true,false,Real-World Evidence (RWE) in Spain | BioNixus,Real-World Evidence in Spain: Practice-Pattern Insight for Access &amp; Medical Teams
/resources,https://www.bionixus.com/resources,200,691,true,false,true,false,Resources | BioNixus — Market Research Guides & Whitepapers,"Guides, Whitepapers &amp; Market Intelligence"
/insights/top-consumer-health-market-research-companies-bahrain-2026,https://www.bionixus.com/insights/top-consumer-health-market-research-companies-bahrain-2026,200,692,true,false,true,false,Top 4 Consumer Health Market Research Firms Bahrain 2026,"<span class=""h1-kicker"">Ranking 2026 · Bahrain · Consumer Health</span>4 Best Consumer Health &amp; OTC Market Research Firms in Bahrain (2026 Rankings)"
/insights/top-consumer-health-market-research-companies-kuwait-2026,https://www.bionixus.com/insights/top-consumer-health-market-research-companies-kuwait-2026,200,692,true,false,true,false,Top 4 Consumer Health Market Research Firms in Kuwait (2026),"<span class=""h1-kicker"">Ranking 2026 · Kuwait · Consumer Health</span>4 Best Consumer Health &amp; OTC Market Research Firms in Kuwait (2026 Rankings)"
/insights/top-consumer-health-market-research-companies-oman-2026,https://www.bionixus.com/insights/top-consumer-health-market-research-companies-oman-2026,200,692,true,false,true,false,Top 4 Consumer Health Market Research Firms in Oman (2026),"<span class=""h1-kicker"">Ranking 2026 · Oman · Consumer Health</span>4 Best Consumer Health &amp; OTC Market Research Firms in Oman (2026 Rankings)"
/insights/top-consumer-health-market-research-companies-qatar-2026,https://www.bionixus.com/insights/top-consumer-health-market-research-companies-qatar-2026,200,692,true,false,true,false,Top 4 Consumer Health Market Research Firms in Qatar (2026),"<span class=""h1-kicker"">Ranking 2026 · Qatar · Consumer Health</span>4 Best Consumer Health &amp; OTC Market Research Firms in Qatar (2026 Rankings)"
/insights/top-public-sector-market-research-companies-bahrain-2026,https://www.bionixus.com/insights/top-public-sector-market-research-companies-bahrain-2026,200,692,true,false,true,false,Top 4 Public Sector Market Research Firms in Bahrain (2026),"<span class=""h1-kicker"">Ranking 2026 · Bahrain · Public Sector</span>4 Best Public Sector &amp; Government Market Research Firms in Bahrain (2026 Rankings)"
/insights/top-public-sector-market-research-companies-kuwait-2026,https://www.bionixus.com/insights/top-public-sector-market-research-companies-kuwait-2026,200,692,true,false,true,false,Top 4 Public Sector Market Research Firms in Kuwait (2026),"<span class=""h1-kicker"">Ranking 2026 · Kuwait · Public Sector</span>4 Best Public Sector &amp; Government Market Research Firms in Kuwait (2026 Rankings)"
/insights/top-public-sector-market-research-companies-oman-2026,https://www.bionixus.com/insights/top-public-sector-market-research-companies-oman-2026,200,692,true,false,true,false,Top 4 Public Sector Market Research Firms in Oman (2026),"<span class=""h1-kicker"">Ranking 2026 · Oman · Public Sector</span>4 Best Public Sector &amp; Government Market Research Firms in Oman (2026 Rankings)"
/insights/top-public-sector-market-research-companies-qatar-2026,https://www.bionixus.com/insights/top-public-sector-market-research-companies-qatar-2026,200,692,true,false,true,false,Top 4 Public Sector Market Research Firms in Qatar (2026),"<span class=""h1-kicker"">Ranking 2026 · Qatar · Public Sector</span>4 Best Public Sector &amp; Government Market Research Firms in Qatar (2026 Rankings)"
/real-world-evidence-turkey,https://www.bionixus.com/real-world-evidence-turkey,200,694,true,false,true,false,Real-World Evidence (RWE) in Turkey | BioNixus,Real-World Evidence in Turkey: Practice-Pattern Insight for Access &amp; Medical Teams
/real-world-evidence-france,https://www.bionixus.com/real-world-evidence-france,200,697,true,false,true,false,Real-World Evidence (RWE) in France | BioNixus,Real-World Evidence in France: Practice-Pattern Insight for Access &amp; Medical Teams
/real-world-evidence-germany,https://www.bionixus.com/real-world-evidence-germany,200,698,true,false,true,false,Real-World Evidence (RWE) in Germany | BioNixus,Real-World Evidence in Germany: Practice-Pattern Insight for Access &amp; Medical Teams
/real-world-evidence-europe,https://www.bionixus.com/real-world-evidence-europe,200,701,true,false,true,false,Real-World Evidence (RWE) in Europe | BioNixus,Real-World Evidence in Europe: Practice-Pattern Insight for Access &amp; Medical Teams
/mea-clinical-trial-imaging-market,https://www.bionixus.com/mea-clinical-trial-imaging-market,200,702,true,false,true,false,Middle East & Africa Clinical Trial Imaging Marke | BioNixus,Middle East &amp; Africa Clinical Trial Imaging Market Intelligence
/real-world-evidence-canada,https://www.bionixus.com/real-world-evidence-canada,200,702,true,false,true,false,Real-World Evidence (RWE) in Canada | BioNixus,Real-World Evidence in Canada: Practice-Pattern Insight for Access &amp; Medical Teams
/real-world-evidence-oman,https://www.bionixus.com/real-world-evidence-oman,200,702,true,false,true,false,Real-World Evidence (RWE) in Oman | BioNixus,Real-World Evidence in Oman: Practice-Pattern Insight for Access &amp; Medical Teams
/real-world-evidence-bahrain,https://www.bionixus.com/real-world-evidence-bahrain,200,704,true,false,true,false,Real-World Evidence (RWE) in Bahrain | BioNixus,Real-World Evidence in Bahrain: Practice-Pattern Insight for Access &amp; Medical Teams
/insights/top-education-market-research-companies-saudi-arabia-2026,https://www.bionixus.com/insights/top-education-market-research-companies-saudi-arabia-2026,200,705,true,false,true,false,Top 4 Education Market Research Firms in Saudi Arabia (2026),"<span class=""h1-kicker"">Ranking 2026 · Saudi Arabia · Education</span>4 Best Education Market Research Firms in Saudi Arabia (2026 Rankings)"
/insights/top-public-sector-market-research-companies-egypt-2026,https://www.bionixus.com/insights/top-public-sector-market-research-companies-egypt-2026,200,705,true,false,true,false,Top 4 Public Sector Market Research Firms in Egypt (2026),"<span class=""h1-kicker"">Ranking 2026 · Egypt · Public Sector</span>4 Best Public Sector &amp; Government Market Research Firms in Egypt (2026 Rankings)"
/insights/top-media-market-research-companies-saudi-arabia-2026,https://www.bionixus.com/insights/top-media-market-research-companies-saudi-arabia-2026,200,706,true,false,true,false,Top 4 Media Market Research Firms in Saudi Arabia (2026),"<span class=""h1-kicker"">Ranking 2026 · Saudi Arabia · Media</span>4 Best Media &amp; Entertainment Market Research Firms in Saudi Arabia (2026 Rankings)"
/insights/top-public-sector-market-research-companies-uae-2026,https://www.bionixus.com/insights/top-public-sector-market-research-companies-uae-2026,200,706,true,false,true,false,Top 4 Public Sector Market Research Firms in UAE (2026),"<span class=""h1-kicker"">Ranking 2026 · UAE · Public Sector</span>4 Best Public Sector &amp; Government Market Research Firms in UAE (2026 Rankings)"
/insights/top-telecom-market-research-companies-saudi-arabia-2026,https://www.bionixus.com/insights/top-telecom-market-research-companies-saudi-arabia-2026,200,706,true,false,true,false,Top 4 Telecom Market Research Firms in Saudi Arabia (2026),"<span class=""h1-kicker"">Ranking 2026 · Saudi Arabia · Telecom</span>4 Best Telecom &amp; Connectivity Market Research Firms in Saudi Arabia (2026 Rankings)"
/real-world-evidence-kuwait,https://www.bionixus.com/real-world-evidence-kuwait,200,707,true,false,true,false,Real-World Evidence (RWE) in Kuwait | BioNixus,Real-World Evidence in Kuwait: Practice-Pattern Insight for Access &amp; Medical Teams
/real-world-evidence-egypt,https://www.bionixus.com/real-world-evidence-egypt,200,709,true,false,true,false,Real-World Evidence (RWE) in Egypt | BioNixus,Real-World Evidence in Egypt: Practice-Pattern Insight for Access &amp; Medical Teams
/insights/top-consumer-health-market-research-companies-egypt-2026,https://www.bionixus.com/insights/top-consumer-health-market-research-companies-egypt-2026,200,712,true,false,true,false,Top 4 Consumer Health Market Research Firms in Egypt (2026),"<span class=""h1-kicker"">Ranking 2026 · Egypt · Consumer Health</span>4 Best Consumer Health &amp; OTC Market Research Firms in Egypt (2026 Rankings)"
/insights/top-consumer-health-market-research-companies-uae-2026,https://www.bionixus.com/insights/top-consumer-health-market-research-companies-uae-2026,200,712,true,false,true,false,Top 4 Consumer Health Market Research Firms in UAE (2026),"<span class=""h1-kicker"">Ranking 2026 · UAE · Consumer Health</span>4 Best Consumer Health &amp; OTC Market Research Firms in UAE (2026 Rankings)"
/pharma-insights-italy,https://www.bionixus.com/pharma-insights-italy,200,712,true,false,true,false,Pharma Insights Italy | Market Research | BioNixus,Pharma Insights in Italy: Evidence for Launch &amp; Access Decisions
/real-world-evidence-qatar,https://www.bionixus.com/real-world-evidence-qatar,200,712,true,false,true,false,Real-World Evidence (RWE) in Qatar | BioNixus,Real-World Evidence in Qatar: Practice-Pattern Insight for Access &amp; Medical Teams
/insights/top-biotech-market-research-companies-saudi-arabia-2026,https://www.bionixus.com/insights/top-biotech-market-research-companies-saudi-arabia-2026,200,714,true,false,true,false,Top 4 Biotech Market Research Firms in Saudi Arabia (2026),"<span class=""h1-kicker"">Ranking 2026 · Saudi Arabia · Biotech</span>4 Best Biotech &amp; Life Sciences Market Research Firms in Saudi Arabia (2026 Rankings)"
/insights/top-medtech-market-research-companies-saudi-arabia-2026,https://www.bionixus.com/insights/top-medtech-market-research-companies-saudi-arabia-2026,200,714,true,false,true,false,Top 4 MedTech Market Research Firms in Saudi Arabia (2026),"<span class=""h1-kicker"">Ranking 2026 · Saudi Arabia · MedTech</span>4 Best MedTech &amp; Medical Devices Market Research Firms in Saudi Arabia (2026 Rankings)"
/pharma-insights-spain,https://www.bionixus.com/pharma-insights-spain,200,714,true,false,true,false,Pharma Insights Spain | Market Research | BioNixus,Pharma Insights in Spain: Evidence for Launch &amp; Access Decisions
/pharma-insights-turkey,https://www.bionixus.com/pharma-insights-turkey,200,714,true,false,true,false,Pharma Insights Turkey | Market Research | BioNixus,Pharma Insights in Turkey: Evidence for Launch &amp; Access Decisions
/real-world-evidence-uk,https://www.bionixus.com/real-world-evidence-uk,200,715,true,false,true,false,Real-World Evidence (RWE) in United Kingdom | BioNixus,Real-World Evidence in United Kingdom: Practice-Pattern Insight for Access &amp; Medical Teams
/gcc-functional-service-providers-market,https://www.bionixus.com/gcc-functional-service-providers-market,200,717,true,false,true,false,GCC Functional Service Providers (FSP) Market 2026 | Size,GCC Functional Service Providers (FSP) Market: Sponsor &amp; Delivery Intelligence
/pharma-insights-france,https://www.bionixus.com/pharma-insights-france,200,721,true,false,true,false,Pharma Insights France | Market Research | BioNixus,Pharma Insights in France: Evidence for Launch &amp; Access Decisions
/pharma-insights-germany,https://www.bionixus.com/pharma-insights-germany,200,722,true,false,true,false,Pharma Insights Germany | Market Research | BioNixus,Pharma Insights in Germany: Evidence for Launch &amp; Access Decisions
/pharma-insights-oman,https://www.bionixus.com/pharma-insights-oman,200,722,true,false,true,false,Pharma Insights Oman | Market Research | BioNixus,Pharma Insights in Oman: Evidence for Launch &amp; Access Decisions
/pharma-insights-bahrain,https://www.bionixus.com/pharma-insights-bahrain,200,724,true,false,true,false,Pharma Insights Bahrain | Market Research | BioNixus,Pharma Insights in Bahrain: Evidence for Launch &amp; Access Decisions
/real-world-evidence-united-states,https://www.bionixus.com/real-world-evidence-united-states,200,724,true,false,true,false,Real-World Evidence (RWE) in United States | BioNixus,Real-World Evidence in United States: Practice-Pattern Insight for Access &amp; Medical Teams
/pharma-insights-europe,https://www.bionixus.com/pharma-insights-europe,200,725,true,false,true,false,Pharma Insights Europe | Market Research | BioNixus,Pharma Insights in Europe: Evidence for Launch &amp; Access Decisions
/pharma-insights-canada,https://www.bionixus.com/pharma-insights-canada,200,726,true,false,true,false,Pharma Insights Canada | Market Research | BioNixus,Pharma Insights in Canada: Evidence for Launch &amp; Access Decisions
/real-world-evidence-saudi-arabia,https://www.bionixus.com/real-world-evidence-saudi-arabia,200,726,true,false,true,false,Real-World Evidence (RWE) in Saudi Arabia | BioNixus,Real-World Evidence in Saudi Arabia: Practice-Pattern Insight for Access &amp; Medical Teams
/pharma-insights-kuwait,https://www.bionixus.com/pharma-insights-kuwait,200,727,true,false,true,false,Pharma Insights Kuwait | Market Research | BioNixus,Pharma Insights in Kuwait: Evidence for Launch &amp; Access Decisions
/pharma-insights-egypt,https://www.bionixus.com/pharma-insights-egypt,200,729,true,false,true,false,Pharma Insights Egypt | Market Research | BioNixus,Pharma Insights in Egypt: Evidence for Launch &amp; Access Decisions
/real-world-evidence-uae,https://www.bionixus.com/real-world-evidence-uae,200,729,true,false,true,false,Real-World Evidence (RWE) in United Arab Emirates | BioNixus,Real-World Evidence in United Arab Emirates: Practice-Pattern Insight for Access &amp; Medical Teams
/fr/healthcare-market-research/france,https://www.bionixus.com/fr/healthcare-market-research/france,200,731,true,false,true,false,Études de marché pharmaceutique France | HAS et A | BioNixus,Études de marché pharmaceutique en France
/pharma-insights-qatar,https://www.bionixus.com/pharma-insights-qatar,200,732,true,false,true,false,Pharma Insights Qatar | Market Research | BioNixus,Pharma Insights in Qatar: Evidence for Launch &amp; Access Decisions
/insights/top-public-sector-market-research-companies-saudi-arabia-2026,https://www.bionixus.com/insights/top-public-sector-market-research-companies-saudi-arabia-2026,200,733,true,false,true,false,Top 4 Public Sector Market Research Firms Saudi Arabia 2026,"<span class=""h1-kicker"">Ranking 2026 · Saudi Arabia · Public Sector</span>4 Best Public Sector &amp; Government Market Research Firms in Saudi Arabia (2026 Rankings)"
/market-research/fmcg,https://www.bionixus.com/market-research/fmcg,200,734,true,false,true,false,FMCG & Consumer Goods Market Research Company | BioNixus,FMCG &amp; Consumer Goods Market Research Company (2026)
/insights/top-consumer-health-market-research-companies-saudi-arabia-2026,https://www.bionixus.com/insights/top-consumer-health-market-research-companies-saudi-arabia-2026,200,740,true,false,true,false,Top Consumer Health Market Research Saudi Arabia 2026,"<span class=""h1-kicker"">Ranking 2026 · Saudi Arabia · Consumer Health</span>4 Best Consumer Health &amp; OTC Market Research Firms in Saudi Arabia (2026 Rankings)"
/pharma-insights-uk,https://www.bionixus.com/pharma-insights-uk,200,740,true,false,true,false,Pharma Insights United Kingdom | Market Research | BioNixus,Pharma Insights in United Kingdom: Evidence for Launch &amp; Access Decisions
/zh/services,https://www.bionixus.com/zh/services,200,745,true,false,true,false,Services | BioNixus,面向中国与亚太市场的医药及医疗健康市场研究
/pharma-insights-saudi-arabia,https://www.bionixus.com/pharma-insights-saudi-arabia,200,747,true,false,true,false,Pharma Insights Saudi Arabia | Market Research | BioNixus,Pharma Insights in Saudi Arabia: Evidence for Launch &amp; Access Decisions
/market-research-healthcare,https://www.bionixus.com/market-research-healthcare,200,748,true,false,true,false,Healthcare Market Research Services | Pharma Evid | BioNixus,Healthcare market research for pharmaceutical decisions in Europe and the Middle East
/pt/market-research-healthcare,https://www.bionixus.com/pt/market-research-healthcare,200,748,true,false,true,false,Healthcare Market Research Services | Pharma Evid | BioNixus,Healthcare market research for pharmaceutical decisions in Europe and the Middle East
/ru/market-research-healthcare,https://www.bionixus.com/ru/market-research-healthcare,200,748,true,false,true,false,Healthcare Market Research Services | Pharma Evid | BioNixus,Healthcare market research for pharmaceutical decisions in Europe and the Middle East
/pharma-insights-united-states,https://www.bionixus.com/pharma-insights-united-states,200,749,true,false,true,false,Pharma Insights United States | Market Research | BioNixus,Pharma Insights in United States: Evidence for Launch &amp; Access Decisions
/pharma-insights-uae,https://www.bionixus.com/pharma-insights-uae,200,751,true,false,true,false,Pharma Insights United Arab Emirates | Market Res | BioNixus,Pharma Insights in United Arab Emirates: Evidence for Launch &amp; Access Decisions
/market-research/financial-services,https://www.bionixus.com/market-research/financial-services,200,752,true,false,true,false,Financial Services Market Research Company | BioNixus,Financial Services Market Research Company (2026)
/insights/top-retail-market-research-companies-bahrain-2026,https://www.bionixus.com/insights/top-retail-market-research-companies-bahrain-2026,200,765,true,false,true,false,Top 4 Retail Market Research Firms in Bahrain (2026),"<span class=""h1-kicker"">Ranking 2026 · Bahrain · Retail</span>4 Best Retail &amp; Shopper Market Research Firms in Bahrain (2026 Rankings)"
/market-research/telecom,https://www.bionixus.com/market-research/telecom,200,765,true,false,true,false,Telecom Market Research Company | BioNixus,Telecom Market Research Company (2026)
/insights/top-fmcg-market-research-companies-bahrain-2026,https://www.bionixus.com/insights/top-fmcg-market-research-companies-bahrain-2026,200,766,true,false,true,false,Top 4 FMCG Market Research Firms in Bahrain (2026),"<span class=""h1-kicker"">Ranking 2026 · Bahrain · FMCG</span>4 Best FMCG &amp; Consumer Goods Market Research Firms in Bahrain (2026 Rankings)"
/insights/top-automotive-market-research-companies-bahrain-2026,https://www.bionixus.com/insights/top-automotive-market-research-companies-bahrain-2026,200,769,true,false,true,false,Top 4 Automotive Market Research Firms in Bahrain (2026),"<span class=""h1-kicker"">Ranking 2026 · Bahrain · Automotive</span>4 Best Automotive Market Research Firms in Bahrain (2026 Rankings)"
/insights/top-automotive-market-research-companies-kuwait-2026,https://www.bionixus.com/insights/top-automotive-market-research-companies-kuwait-2026,200,769,true,false,true,false,Top 4 Automotive Market Research Firms in Kuwait (2026),"<span class=""h1-kicker"">Ranking 2026 · Kuwait · Automotive</span>4 Best Automotive Market Research Firms in Kuwait (2026 Rankings)"
/insights/top-automotive-market-research-companies-oman-2026,https://www.bionixus.com/insights/top-automotive-market-research-companies-oman-2026,200,769,true,false,true,false,Top 4 Automotive Market Research Firms in Oman (2026),"<span class=""h1-kicker"">Ranking 2026 · Oman · Automotive</span>4 Best Automotive Market Research Firms in Oman (2026 Rankings)"
/insights/top-automotive-market-research-companies-qatar-2026,https://www.bionixus.com/insights/top-automotive-market-research-companies-qatar-2026,200,769,true,false,true,false,Top 4 Automotive Market Research Firms in Qatar (2026),"<span class=""h1-kicker"">Ranking 2026 · Qatar · Automotive</span>4 Best Automotive Market Research Firms in Qatar (2026 Rankings)"
/insights/top-energy-market-research-companies-bahrain-2026,https://www.bionixus.com/insights/top-energy-market-research-companies-bahrain-2026,200,770,true,false,true,false,Top 4 Energy Market Research Firms in Bahrain (2026),"<span class=""h1-kicker"">Ranking 2026 · Bahrain · Energy</span>4 Best Energy &amp; Industrials Market Research Firms in Bahrain (2026 Rankings)"
/insights/top-energy-market-research-companies-kuwait-2026,https://www.bionixus.com/insights/top-energy-market-research-companies-kuwait-2026,200,770,true,false,true,false,Top 4 Energy Market Research Firms in Kuwait (2026),"<span class=""h1-kicker"">Ranking 2026 · Kuwait · Energy</span>4 Best Energy &amp; Industrials Market Research Firms in Kuwait (2026 Rankings)"
/insights/top-energy-market-research-companies-oman-2026,https://www.bionixus.com/insights/top-energy-market-research-companies-oman-2026,200,770,true,false,true,false,Top 4 Energy Market Research Firms in Oman (2026),"<span class=""h1-kicker"">Ranking 2026 · Oman · Energy</span>4 Best Energy &amp; Industrials Market Research Firms in Oman (2026 Rankings)"
/insights/top-energy-market-research-companies-qatar-2026,https://www.bionixus.com/insights/top-energy-market-research-companies-qatar-2026,200,770,true,false,true,false,Top 4 Energy Market Research Firms in Qatar (2026),"<span class=""h1-kicker"">Ranking 2026 · Qatar · Energy</span>4 Best Energy &amp; Industrials Market Research Firms in Qatar (2026 Rankings)"
/insights/top-hospitality-market-research-companies-bahrain-2026,https://www.bionixus.com/insights/top-hospitality-market-research-companies-bahrain-2026,200,770,true,false,true,false,Top 4 Hospitality Market Research Firms in Bahrain (2026),"<span class=""h1-kicker"">Ranking 2026 · Bahrain · Hospitality</span>4 Best Hospitality &amp; Tourism Market Research Firms in Bahrain (2026 Rankings)"
/insights/top-hospitality-market-research-companies-kuwait-2026,https://www.bionixus.com/insights/top-hospitality-market-research-companies-kuwait-2026,200,770,true,false,true,false,Top 4 Hospitality Market Research Firms in Kuwait (2026),"<span class=""h1-kicker"">Ranking 2026 · Kuwait · Hospitality</span>4 Best Hospitality &amp; Tourism Market Research Firms in Kuwait (2026 Rankings)"
/insights/top-hospitality-market-research-companies-oman-2026,https://www.bionixus.com/insights/top-hospitality-market-research-companies-oman-2026,200,770,true,false,true,false,Top 4 Hospitality Market Research Firms in Oman (2026),"<span class=""h1-kicker"">Ranking 2026 · Oman · Hospitality</span>4 Best Hospitality &amp; Tourism Market Research Firms in Oman (2026 Rankings)"
/insights/top-hospitality-market-research-companies-qatar-2026,https://www.bionixus.com/insights/top-hospitality-market-research-companies-qatar-2026,200,770,true,false,true,false,Top 4 Hospitality Market Research Firms in Qatar (2026),"<span class=""h1-kicker"">Ranking 2026 · Qatar · Hospitality</span>4 Best Hospitality &amp; Tourism Market Research Firms in Qatar (2026 Rankings)"
/insights/top-technology-market-research-companies-bahrain-2026,https://www.bionixus.com/insights/top-technology-market-research-companies-bahrain-2026,200,771,true,false,true,false,Top 4 Technology Market Research Firms in Bahrain (2026),"<span class=""h1-kicker"">Ranking 2026 · Bahrain · Technology</span>4 Best Technology &amp; B2B Software Market Research Firms in Bahrain (2026 Rankings)"
/insights/top-technology-market-research-companies-kuwait-2026,https://www.bionixus.com/insights/top-technology-market-research-companies-kuwait-2026,200,771,true,false,true,false,Top 4 Technology Market Research Firms in Kuwait (2026),"<span class=""h1-kicker"">Ranking 2026 · Kuwait · Technology</span>4 Best Technology &amp; B2B Software Market Research Firms in Kuwait (2026 Rankings)"
/insights/top-technology-market-research-companies-oman-2026,https://www.bionixus.com/insights/top-technology-market-research-companies-oman-2026,200,771,true,false,true,false,Top 4 Technology Market Research Firms in Oman (2026),"<span class=""h1-kicker"">Ranking 2026 · Oman · Technology</span>4 Best Technology &amp; B2B Software Market Research Firms in Oman (2026 Rankings)"
/insights/top-technology-market-research-companies-qatar-2026,https://www.bionixus.com/insights/top-technology-market-research-companies-qatar-2026,200,771,true,false,true,false,Top 4 Technology Market Research Firms in Qatar (2026),"<span class=""h1-kicker"">Ranking 2026 · Qatar · Technology</span>4 Best Technology &amp; B2B Software Market Research Firms in Qatar (2026 Rankings)"
/market-research/public-sector,https://www.bionixus.com/market-research/public-sector,200,779,true,false,true,false,Public Sector & Government Market Research Compan | BioNixus,Public Sector &amp; Government Market Research Company (2026)
/market-research/media,https://www.bionixus.com/market-research/media,200,780,true,false,true,false,Media & Entertainment Market Research Company | BioNixus,Media &amp; Entertainment Market Research Company (2026)
/bionixus-vs-nielsen,https://www.bionixus.com/bionixus-vs-nielsen,200,781,true,false,true,false,BioNixus vs NielsenIQ (2026) | Account-Level Primary,BioNixus vs Nielsen — who each is for
/insights/top-retail-market-research-companies-kuwait-2026,https://www.bionixus.com/insights/top-retail-market-research-companies-kuwait-2026,200,781,true,false,true,false,Top 4 Retail Market Research Firms in Kuwait (2026),"<span class=""h1-kicker"">Ranking 2026 · Kuwait · Retail</span>4 Best Retail &amp; Shopper Market Research Firms in Kuwait (2026 Rankings)"
/insights/top-retail-market-research-companies-oman-2026,https://www.bionixus.com/insights/top-retail-market-research-companies-oman-2026,200,781,true,false,true,false,Top 4 Retail Market Research Firms in Oman (2026),"<span class=""h1-kicker"">Ranking 2026 · Oman · Retail</span>4 Best Retail &amp; Shopper Market Research Firms in Oman (2026 Rankings)"
/insights/top-retail-market-research-companies-qatar-2026,https://www.bionixus.com/insights/top-retail-market-research-companies-qatar-2026,200,781,true,false,true,false,Top 4 Retail Market Research Firms in Qatar (2026),"<span class=""h1-kicker"">Ranking 2026 · Qatar · Retail</span>4 Best Retail &amp; Shopper Market Research Firms in Qatar (2026 Rankings)"
/market-research/retail,https://www.bionixus.com/market-research/retail,200,781,true,false,true,false,Retail & Shopper Market Research Company | BioNixus,Retail &amp; Shopper Market Research Company (2026)
/insights/top-automotive-market-research-companies-egypt-2026,https://www.bionixus.com/insights/top-automotive-market-research-companies-egypt-2026,200,782,true,false,true,false,Top 4 Automotive Market Research Firms in Egypt (2026),"<span class=""h1-kicker"">Ranking 2026 · Egypt · Automotive</span>4 Best Automotive Market Research Firms in Egypt (2026 Rankings)"
/insights/top-fmcg-market-research-companies-kuwait-2026,https://www.bionixus.com/insights/top-fmcg-market-research-companies-kuwait-2026,200,782,true,false,true,false,FMCG Market Research Firms Kuwait 2026 | Ranked,"<span class=""h1-kicker"">Ranking 2026 · Kuwait · FMCG</span>4 Best FMCG &amp; Consumer Goods Market Research Firms in Kuwait (2026 Rankings)"
/insights/top-fmcg-market-research-companies-oman-2026,https://www.bionixus.com/insights/top-fmcg-market-research-companies-oman-2026,200,782,true,false,true,false,FMCG Market Research Firms Oman 2026 | Ranked,"<span class=""h1-kicker"">Ranking 2026 · Oman · FMCG</span>4 Best FMCG &amp; Consumer Goods Market Research Firms in Oman (2026 Rankings)"
/insights/top-fmcg-market-research-companies-qatar-2026,https://www.bionixus.com/insights/top-fmcg-market-research-companies-qatar-2026,200,782,true,false,true,false,Top 4 FMCG Market Research Firms in Qatar (2026),"<span class=""h1-kicker"">Ranking 2026 · Qatar · FMCG</span>4 Best FMCG &amp; Consumer Goods Market Research Firms in Qatar (2026 Rankings)"
/insights/top-automotive-market-research-companies-uae-2026,https://www.bionixus.com/insights/top-automotive-market-research-companies-uae-2026,200,783,true,false,true,false,Top 4 Automotive Market Research Firms in UAE (2026),"<span class=""h1-kicker"">Ranking 2026 · UAE · Automotive</span>4 Best Automotive Market Research Firms in UAE (2026 Rankings)"
/insights/top-energy-market-research-companies-egypt-2026,https://www.bionixus.com/insights/top-energy-market-research-companies-egypt-2026,200,783,true,false,true,false,Top 4 Energy Market Research Firms in Egypt (2026),"<span class=""h1-kicker"">Ranking 2026 · Egypt · Energy</span>4 Best Energy &amp; Industrials Market Research Firms in Egypt (2026 Rankings)"
/insights/top-hospitality-market-research-companies-egypt-2026,https://www.bionixus.com/insights/top-hospitality-market-research-companies-egypt-2026,200,783,true,false,true,false,Top 4 Hospitality Market Research Firms in Egypt (2026),"<span class=""h1-kicker"">Ranking 2026 · Egypt · Hospitality</span>4 Best Hospitality &amp; Tourism Market Research Firms in Egypt (2026 Rankings)"
/insights/top-energy-market-research-companies-uae-2026,https://www.bionixus.com/insights/top-energy-market-research-companies-uae-2026,200,784,true,false,true,false,Top 4 Energy Market Research Firms in UAE (2026),"<span class=""h1-kicker"">Ranking 2026 · UAE · Energy</span>4 Best Energy &amp; Industrials Market Research Firms in UAE (2026 Rankings)"
/insights/top-hospitality-market-research-companies-uae-2026,https://www.bionixus.com/insights/top-hospitality-market-research-companies-uae-2026,200,784,true,false,true,false,Top 4 Hospitality Market Research Firms in UAE (2026),"<span class=""h1-kicker"">Ranking 2026 · UAE · Hospitality</span>4 Best Hospitality &amp; Tourism Market Research Firms in UAE (2026 Rankings)"
/insights/top-technology-market-research-companies-egypt-2026,https://www.bionixus.com/insights/top-technology-market-research-companies-egypt-2026,200,784,true,false,true,false,Top 4 Technology Market Research Firms in Egypt (2026),"<span class=""h1-kicker"">Ranking 2026 · Egypt · Technology</span>4 Best Technology &amp; B2B Software Market Research Firms in Egypt (2026 Rankings)"
/insights/top-technology-market-research-companies-uae-2026,https://www.bionixus.com/insights/top-technology-market-research-companies-uae-2026,200,785,true,false,true,false,Top 4 Technology Market Research Firms in UAE (2026),"<span class=""h1-kicker"">Ranking 2026 · UAE · Technology</span>4 Best Technology &amp; B2B Software Market Research Firms in UAE (2026 Rankings)"
/market-research/education,https://www.bionixus.com/market-research/education,200,785,true,false,true,false,Education Market Research Company | BioNixus,Education Market Research Company (2026)
/market-research/technology,https://www.bionixus.com/market-research/technology,200,787,true,false,true,false,Technology Market Research Company | BioNixus,Technology Market Research Company (2026)
/market-research/automotive,https://www.bionixus.com/market-research/automotive,200,789,true,false,true,false,Automotive Market Research Company | BioNixus,Automotive Market Research Company (2026)
/market-research/hospitality,https://www.bionixus.com/market-research/hospitality,200,790,true,false,true,false,Hospitality & Tourism Market Research Company | BioNixus,Hospitality &amp; Tourism Market Research Company (2026)
/uae-media-market-research,https://www.bionixus.com/uae-media-market-research,200,791,true,false,true,false,Media Market Research in UAE 2026 | BioNixus,<em>Media &amp; Entertainment</em> market research company in <!-- -->UAE
/egypt-education-market-research,https://www.bionixus.com/egypt-education-market-research,200,792,true,false,true,false,Education Market Research in Egypt 2026 | BioNixus,<em>Education</em> market research company in <!-- -->Egypt
/egypt-automotive-market-research,https://www.bionixus.com/egypt-automotive-market-research,200,793,true,false,true,false,Automotive Market Research in Egypt 2026 | BioNixus,<em>Automotive</em> market research company in <!-- -->Egypt
/egypt-media-market-research,https://www.bionixus.com/egypt-media-market-research,200,793,true,false,true,false,Media Market Research in Egypt 2026 | BioNixus,<em>Media &amp; Entertainment</em> market research company in <!-- -->Egypt
/insights/top-retail-market-research-companies-egypt-2026,https://www.bionixus.com/insights/top-retail-market-research-companies-egypt-2026,200,794,true,false,true,false,Top 4 Retail Market Research Firms in Egypt (2026),"<span class=""h1-kicker"">Ranking 2026 · Egypt · Retail</span>4 Best Retail &amp; Shopper Market Research Firms in Egypt (2026 Rankings)"
/egypt-energy-market-research,https://www.bionixus.com/egypt-energy-market-research,200,795,true,false,true,false,Energy Market Research in Egypt 2026 | BioNixus,<em>Energy &amp; Industrials</em> market research company in <!-- -->Egypt
/insights/top-fmcg-market-research-companies-egypt-2026,https://www.bionixus.com/insights/top-fmcg-market-research-companies-egypt-2026,200,795,true,false,true,false,FMCG Market Research Firms Egypt 2026 | Ranked,"<span class=""h1-kicker"">Ranking 2026 · Egypt · FMCG</span>4 Best FMCG &amp; Consumer Goods Market Research Firms in Egypt (2026 Rankings)"
/insights/top-retail-market-research-companies-uae-2026,https://www.bionixus.com/insights/top-retail-market-research-companies-uae-2026,200,795,true,false,true,false,Top 4 Retail Market Research Firms in UAE (2026),"<span class=""h1-kicker"">Ranking 2026 · UAE · Retail</span>4 Best Retail &amp; Shopper Market Research Firms in UAE (2026 Rankings)"
/insights/top-fmcg-market-research-companies-uae-2026,https://www.bionixus.com/insights/top-fmcg-market-research-companies-uae-2026,200,796,true,false,true,false,Top 4 FMCG Market Research Firms in UAE (2026),"<span class=""h1-kicker"">Ranking 2026 · UAE · FMCG</span>4 Best FMCG &amp; Consumer Goods Market Research Firms in UAE (2026 Rankings)"
/uae-education-market-research,https://www.bionixus.com/uae-education-market-research,200,796,true,false,true,false,Education Market Research in UAE 2026 | BioNixus,<em>Education</em> market research company in <!-- -->UAE
/uae-hospitality-market-research,https://www.bionixus.com/uae-hospitality-market-research,200,796,true,false,true,false,Hospitality Market Research in UAE 2026 | BioNixus,<em>Hospitality &amp; Tourism</em> market research company in <!-- -->UAE
/insights/top-financial-services-market-research-companies-bahrain-2026,https://www.bionixus.com/insights/top-financial-services-market-research-companies-bahrain-2026,200,797,true,false,true,false,Top 4 Financial Services Market Research Firms Bahrain 2026,"<span class=""h1-kicker"">Ranking 2026 · Bahrain · Financial Services</span>4 Best Financial Services &amp; Banking Market Research Firms in Bahrain (2026 Rankings)"
/insights/top-financial-services-market-research-companies-kuwait-2026,https://www.bionixus.com/insights/top-financial-services-market-research-companies-kuwait-2026,200,797,true,false,true,false,Top 4 Financial Services Market Research Firms Kuwait 2026,"<span class=""h1-kicker"">Ranking 2026 · Kuwait · Financial Services</span>4 Best Financial Services &amp; Banking Market Research Firms in Kuwait (2026 Rankings)"
/insights/top-financial-services-market-research-companies-oman-2026,https://www.bionixus.com/insights/top-financial-services-market-research-companies-oman-2026,200,797,true,false,true,false,Top 4 Financial Services Market Research Firms Oman 2026,"<span class=""h1-kicker"">Ranking 2026 · Oman · Financial Services</span>4 Best Financial Services &amp; Banking Market Research Firms in Oman (2026 Rankings)"
/insights/top-financial-services-market-research-companies-qatar-2026,https://www.bionixus.com/insights/top-financial-services-market-research-companies-qatar-2026,200,797,true,false,true,false,Top 4 Financial Services Market Research Firms Qatar 2026,"<span class=""h1-kicker"">Ranking 2026 · Qatar · Financial Services</span>4 Best Financial Services &amp; Banking Market Research Firms in Qatar (2026 Rankings)"
/insights/top-real-estate-market-research-companies-bahrain-2026,https://www.bionixus.com/insights/top-real-estate-market-research-companies-bahrain-2026,200,797,true,false,true,false,Top 4 Real Estate Market Research Firms in Bahrain (2026),"<span class=""h1-kicker"">Ranking 2026 · Bahrain · Real Estate</span>4 Best Real Estate &amp; Construction Market Research Firms in Bahrain (2026 Rankings)"
/uae-automotive-market-research,https://www.bionixus.com/uae-automotive-market-research,200,799,true,false,true,false,Automotive Market Research in UAE 2026 | BioNixus,<em>Automotive</em> market research company in <!-- -->UAE
/egypt-telecom-market-research,https://www.bionixus.com/egypt-telecom-market-research,200,800,true,false,true,false,Telecom Market Research in Egypt 2026 | BioNixus,<em>Telecom &amp; Connectivity</em> market research company in <!-- -->Egypt
/uae-telecom-market-research,https://www.bionixus.com/uae-telecom-market-research,200,802,true,false,true,false,Telecom Market Research in UAE 2026 | BioNixus,<em>Telecom &amp; Connectivity</em> market research company in <!-- -->UAE
/market-research/energy,https://www.bionixus.com/market-research/energy,200,803,true,false,true,false,Energy & Industrials Market Research Company | BioNixus,Energy &amp; Industrials Market Research Company (2026)
/bionixus-vs-kantar,https://www.bionixus.com/bionixus-vs-kantar,200,804,true,false,true,false,BioNixus vs Kantar (2026) | Brand-Test vs Accounts,BioNixus vs Kantar — the brand-test objection
/egypt-hospitality-market-research,https://www.bionixus.com/egypt-hospitality-market-research,200,804,true,false,true,false,Hospitality Market Research in Egypt 2026 | BioNixus,<em>Hospitality &amp; Tourism</em> market research company in <!-- -->Egypt
/egypt-retail-market-research,https://www.bionixus.com/egypt-retail-market-research,200,805,true,false,true,false,Retail Market Research in Egypt 2026 | BioNixus,<em>Retail &amp; Shopper</em> market research company in <!-- -->Egypt
/uae-energy-market-research,https://www.bionixus.com/uae-energy-market-research,200,806,true,false,true,false,Energy Market Research in UAE 2026 | BioNixus,<em>Energy &amp; Industrials</em> market research company in <!-- -->UAE
/de/contact,https://www.bionixus.com/de/contact,200,807,true,false,true,false,BioNixus kontaktieren | Angebot für Gesundheitsmarktforschu,Connect with a global market research team.
/uae-retail-market-research,https://www.bionixus.com/uae-retail-market-research,200,807,true,false,true,false,Retail Market Research in UAE 2026 | BioNixus,<em>Retail &amp; Shopper</em> market research company in <!-- -->UAE
/uae-technology-market-research,https://www.bionixus.com/uae-technology-market-research,200,807,true,false,true,false,Technology Market Research in UAE 2026 | BioNixus,<em>Technology &amp; B2B Software</em> market research company in <!-- -->UAE
/uae-fmcg-market-research,https://www.bionixus.com/uae-fmcg-market-research,200,809,true,false,true,false,FMCG Market Research in UAE 2026 | BioNixus,<em>FMCG &amp; Consumer Goods</em> market research company in <!-- -->UAE
/insights/top-financial-services-market-research-companies-egypt-2026,https://www.bionixus.com/insights/top-financial-services-market-research-companies-egypt-2026,200,810,true,false,true,false,Banking Market Research Firms Egypt 2026 | Ranked,"<span class=""h1-kicker"">Ranking 2026 · Egypt · Financial Services</span>4 Best Financial Services &amp; Banking Market Research Firms in Egypt (2026 Rankings)"
/egypt-fmcg-market-research,https://www.bionixus.com/egypt-fmcg-market-research,200,811,true,false,true,false,FMCG Market Research in Egypt 2026 | BioNixus,<em>FMCG &amp; Consumer Goods</em> market research company in <!-- -->Egypt
/egypt-technology-market-research,https://www.bionixus.com/egypt-technology-market-research,200,811,true,false,true,false,Technology Market Research in Egypt 2026 | BioNixus,<em>Technology &amp; B2B Software</em> market research company in <!-- -->Egypt
/insights/top-automotive-market-research-companies-saudi-arabia-2026,https://www.bionixus.com/insights/top-automotive-market-research-companies-saudi-arabia-2026,200,811,true,false,true,false,Top 4 Automotive Market Research Firms Saudi Arabia 2026,"<span class=""h1-kicker"">Ranking 2026 · Saudi Arabia · Automotive</span>4 Best Automotive Market Research Firms in Saudi Arabia (2026 Rankings)"
/insights/top-financial-services-market-research-companies-uae-2026,https://www.bionixus.com/insights/top-financial-services-market-research-companies-uae-2026,200,811,true,false,true,false,Banking Market Research Firms UAE 2026 | Ranked,"<span class=""h1-kicker"">Ranking 2026 · UAE · Financial Services</span>4 Best Financial Services &amp; Banking Market Research Firms in UAE (2026 Rankings)"
/insights/top-energy-market-research-companies-saudi-arabia-2026,https://www.bionixus.com/insights/top-energy-market-research-companies-saudi-arabia-2026,200,812,true,false,true,false,Top 4 Energy Market Research Firms in Saudi Arabia (2026),"<span class=""h1-kicker"">Ranking 2026 · Saudi Arabia · Energy</span>4 Best Energy &amp; Industrials Market Research Firms in Saudi Arabia (2026 Rankings)"
/insights/top-hospitality-market-research-companies-saudi-arabia-2026,https://www.bionixus.com/insights/top-hospitality-market-research-companies-saudi-arabia-2026,200,812,true,false,true,false,Top 4 Hospitality Market Research Firms Saudi Arabia 2026,"<span class=""h1-kicker"">Ranking 2026 · Saudi Arabia · Hospitality</span>4 Best Hospitality &amp; Tourism Market Research Firms in Saudi Arabia (2026 Rankings)"
/market-research/real-estate,https://www.bionixus.com/market-research/real-estate,200,812,true,false,true,false,Real Estate Market Research Company | BioNixus,Real Estate Market Research Company (2026)
/insights/top-technology-market-research-companies-saudi-arabia-2026,https://www.bionixus.com/insights/top-technology-market-research-companies-saudi-arabia-2026,200,813,true,false,true,false,Top 4 Technology Market Research Firms Saudi Arabia 2026,"<span class=""h1-kicker"">Ranking 2026 · Saudi Arabia · Technology</span>4 Best Technology &amp; B2B Software Market Research Firms in Saudi Arabia (2026 Rankings)"
/insights/top-real-estate-market-research-companies-kuwait-2026,https://www.bionixus.com/insights/top-real-estate-market-research-companies-kuwait-2026,200,814,true,false,true,false,Top 4 Real Estate Market Research Firms in Kuwait (2026),"<span class=""h1-kicker"">Ranking 2026 · Kuwait · Real Estate</span>4 Best Real Estate &amp; Construction Market Research Firms in Kuwait (2026 Rankings)"
/insights/top-real-estate-market-research-companies-oman-2026,https://www.bionixus.com/insights/top-real-estate-market-research-companies-oman-2026,200,814,true,false,true,false,Top 4 Real Estate Market Research Firms in Oman (2026),"<span class=""h1-kicker"">Ranking 2026 · Oman · Real Estate</span>4 Best Real Estate &amp; Construction Market Research Firms in Oman (2026 Rankings)"
/insights/top-real-estate-market-research-companies-qatar-2026,https://www.bionixus.com/insights/top-real-estate-market-research-companies-qatar-2026,200,814,true,false,true,false,Top 4 Real Estate Market Research Firms in Qatar (2026),"<span class=""h1-kicker"">Ranking 2026 · Qatar · Real Estate</span>4 Best Real Estate &amp; Construction Market Research Firms in Qatar (2026 Rankings)"
/egypt-public-sector-market-research,https://www.bionixus.com/egypt-public-sector-market-research,200,822,true,false,true,false,Public Sector Market Research in Egypt 2026 | BioNixus,<em>Public Sector &amp; Government</em> market research company in <!-- -->Egypt
/insights/top-medtech-market-research-companies-australia-2026,https://www.bionixus.com/insights/top-medtech-market-research-companies-australia-2026,200,823,true,false,true,false,5 Best MedTech Market Research Firms in Australia (2026...,5 Best MedTech Market Research Firms in Australia (2026 Rankings)
/insights/top-medtech-market-research-companies-poland-2026,https://www.bionixus.com/insights/top-medtech-market-research-companies-poland-2026,200,823,true,false,true,false,5 Best MedTech Market Research Firms in Poland (2026...,5 Best MedTech Market Research Firms in Poland (2026 Rankings)
/egypt-real-estate-market-research,https://www.bionixus.com/egypt-real-estate-market-research,200,824,true,false,true,false,Real Estate Market Research in Egypt 2026 | BioNixus,<em>Real Estate &amp; Construction</em> market research company in <!-- -->Egypt
/insights/top-medtech-market-research-companies-malaysia-2026,https://www.bionixus.com/insights/top-medtech-market-research-companies-malaysia-2026,200,824,true,false,true,false,5 Best MedTech Market Research Firms in Malaysia (2026...,5 Best MedTech Market Research Firms in Malaysia (2026 Rankings)
/insights/top-retail-market-research-companies-saudi-arabia-2026,https://www.bionixus.com/insights/top-retail-market-research-companies-saudi-arabia-2026,200,824,true,false,true,false,Top 4 Retail Market Research Firms in Saudi Arabia (2026),"<span class=""h1-kicker"">Ranking 2026 · Saudi Arabia · Retail</span>4 Best Retail &amp; Shopper Market Research Firms in Saudi Arabia (2026 Rankings)"
/insights/top-fmcg-market-research-companies-saudi-arabia-2026,https://www.bionixus.com/insights/top-fmcg-market-research-companies-saudi-arabia-2026,200,825,true,false,true,false,FMCG Market Research Companies Saudi Arabia 2026 | Ranked,"<span class=""h1-kicker"">Ranking 2026 · Saudi Arabia · FMCG</span>4 Best FMCG &amp; Consumer Goods Market Research Firms in Saudi Arabia (2026 Rankings)"
/insights/top-medtech-market-research-companies-brazil-2026,https://www.bionixus.com/insights/top-medtech-market-research-companies-brazil-2026,200,825,true,false,true,false,5 Best MedTech Market Research Firms in Brazil (2026...,5 Best MedTech Market Research Firms in Brazil (2026 Rankings)
/insights/top-medtech-market-research-companies-spain-2026,https://www.bionixus.com/insights/top-medtech-market-research-companies-spain-2026,200,825,true,false,true,false,5 Best MedTech Market Research Firms in Spain (2026 Ranking,5 Best MedTech Market Research Firms in Spain (2026 Rankings)
/uae-public-sector-market-research,https://www.bionixus.com/uae-public-sector-market-research,200,825,true,false,true,false,Public Sector Market Research in UAE 2026 | BioNixus,<em>Public Sector &amp; Government</em> market research company in <!-- -->UAE
/insights/top-medtech-market-research-companies-switzerland-2026,https://www.bionixus.com/insights/top-medtech-market-research-companies-switzerland-2026,200,826,true,false,true,false,5 Best MedTech Market Research Firms in Switzerland (2026...,5 Best MedTech Market Research Firms in Switzerland (2026 Rankings)
/insights/top-medtech-market-research-companies-japan-2026,https://www.bionixus.com/insights/top-medtech-market-research-companies-japan-2026,200,827,true,false,true,false,5 Best MedTech Market Research Firms in Japan (2026 Ranking,5 Best MedTech Market Research Firms in Japan (2026 Rankings)
/insights/top-real-estate-market-research-companies-egypt-2026,https://www.bionixus.com/insights/top-real-estate-market-research-companies-egypt-2026,200,827,true,false,true,false,Real Estate Market Research Egypt 2026 | Ranked,"<span class=""h1-kicker"">Ranking 2026 · Egypt · Real Estate</span>4 Best Real Estate &amp; Construction Market Research Firms in Egypt (2026 Rankings)"
/saudi-arabia-education-market-research,https://www.bionixus.com/saudi-arabia-education-market-research,200,827,true,false,true,false,Education Market Research in Saudi Arabia 2026 | BioNixus,<em>Education</em> market research company in <!-- -->Saudi Arabia
/insights/top-medtech-market-research-companies-france-2026,https://www.bionixus.com/insights/top-medtech-market-research-companies-france-2026,200,828,true,false,true,false,5 Best MedTech Market Research Firms in France (2026...,5 Best MedTech Market Research Firms in France (2026 Rankings)
/insights/top-real-estate-market-research-companies-uae-2026,https://www.bionixus.com/insights/top-real-estate-market-research-companies-uae-2026,200,828,true,false,true,false,Top 4 Real Estate Market Research Firms in UAE (2026),"<span class=""h1-kicker"">Ranking 2026 · UAE · Real Estate</span>4 Best Real Estate &amp; Construction Market Research Firms in UAE (2026 Rankings)"
/uae-real-estate-market-research,https://www.bionixus.com/uae-real-estate-market-research,200,828,true,false,true,false,Real Estate Market Research in UAE 2026 | BioNixus,<em>Real Estate &amp; Construction</em> market research company in <!-- -->UAE
/insights/top-medtech-market-research-companies-singapore-2026,https://www.bionixus.com/insights/top-medtech-market-research-companies-singapore-2026,200,829,true,false,true,false,5 Best MedTech Market Research Firms in Singapore (2026...,5 Best MedTech Market Research Firms in Singapore (2026 Rankings)
/gfk-alternative,https://www.bionixus.com/gfk-alternative,200,830,true,false,true,false,GfK Alternative for Account-Level Research (2026),GfK alternative for account-level retail research
/saudi-arabia-hospitality-market-research,https://www.bionixus.com/saudi-arabia-hospitality-market-research,200,830,true,false,true,false,Hospitality Market Research in Saudi Arabia 2026 | BioNixus,<em>Hospitality &amp; Tourism</em> market research company in <!-- -->Saudi Arabia
/insights/top-medtech-market-research-companies-canada-2026,https://www.bionixus.com/insights/top-medtech-market-research-companies-canada-2026,200,832,true,false,true,false,5 Best MedTech Market Research Firms in Canada (2026...,5 Best MedTech Market Research Firms in Canada (2026 Rankings)
/insights/top-medtech-market-research-companies-china-2026,https://www.bionixus.com/insights/top-medtech-market-research-companies-china-2026,200,832,true,false,true,false,5 Best MedTech Market Research Firms in China (2026 Ranking,5 Best MedTech Market Research Firms in China (2026 Rankings)
/saudi-arabia-media-market-research,https://www.bionixus.com/saudi-arabia-media-market-research,200,832,true,false,true,false,Media Market Research in Saudi Arabia 2026 | BioNixus,<em>Media &amp; Entertainment</em> market research company in <!-- -->Saudi Arabia
/bahrain-automotive-market-research,https://www.bionixus.com/bahrain-automotive-market-research,200,833,true,false,true,false,Automotive Market Research in Bahrain 2026 | BioNixus,<em>Automotive</em> market research company in <!-- -->Bahrain
/bahrain-education-market-research,https://www.bionixus.com/bahrain-education-market-research,200,833,true,false,true,false,Education Market Research in Bahrain 2026 | BioNixus,<em>Education</em> market research company in <!-- -->Bahrain
/saudi-arabia-automotive-market-research,https://www.bionixus.com/saudi-arabia-automotive-market-research,200,833,true,false,true,false,Automotive Market Research in Saudi Arabia 2026 | BioNixus,<em>Automotive</em> market research company in <!-- -->Saudi Arabia
/saudi-arabia-energy-market-research,https://www.bionixus.com/saudi-arabia-energy-market-research,200,834,true,false,true,false,Energy Market Research in Saudi Arabia 2026 | BioNixus,<em>Energy &amp; Industrials</em> market research company in <!-- -->Saudi Arabia
/saudi-arabia-retail-market-research,https://www.bionixus.com/saudi-arabia-retail-market-research,200,834,true,false,true,false,Retail Market Research in Saudi Arabia 2026 | BioNixus,<em>Retail &amp; Shopper</em> market research company in <!-- -->Saudi Arabia
/uae-financial-services-market-research,https://www.bionixus.com/uae-financial-services-market-research,200,835,true,false,true,false,Financial Services Market Research in UAE 2026 | BioNixus,<em>Financial Services &amp; Banking</em> market research company in <!-- -->UAE
/bahrain-energy-market-research,https://www.bionixus.com/bahrain-energy-market-research,200,837,true,false,true,false,Energy Market Research in Bahrain 2026 | BioNixus,<em>Energy &amp; Industrials</em> market research company in <!-- -->Bahrain
/bahrain-hospitality-market-research,https://www.bionixus.com/bahrain-hospitality-market-research,200,837,true,false,true,false,Hospitality Market Research in Bahrain 2026 | BioNixus,<em>Hospitality &amp; Tourism</em> market research company in <!-- -->Bahrain
/bahrain-media-market-research,https://www.bionixus.com/bahrain-media-market-research,200,837,true,false,true,false,Media Market Research in Bahrain 2026 | BioNixus,<em>Media &amp; Entertainment</em> market research company in <!-- -->Bahrain
/bahrain-retail-market-research,https://www.bionixus.com/bahrain-retail-market-research,200,837,true,false,true,false,Retail Market Research in Bahrain 2026 | BioNixus,<em>Retail &amp; Shopper</em> market research company in <!-- -->Bahrain
/bahrain-telecom-market-research,https://www.bionixus.com/bahrain-telecom-market-research,200,837,true,false,true,false,Telecom Market Research in Bahrain 2026 | BioNixus,<em>Telecom &amp; Connectivity</em> market research company in <!-- -->Bahrain
/insights/top-medtech-market-research-companies-italy-2026,https://www.bionixus.com/insights/top-medtech-market-research-companies-italy-2026,200,838,true,false,true,false,5 Best MedTech Market Research Firms in Italy (2026 Ranking,5 Best MedTech Market Research Firms in Italy (2026 Rankings)
/insights/top-financial-services-market-research-companies-saudi-arabia-2026,https://www.bionixus.com/insights/top-financial-services-market-research-companies-saudi-arabia-2026,200,839,true,false,true,false,Top Financial Services Market Research Saudi Arabia 2026,"<span class=""h1-kicker"">Ranking 2026 · Saudi Arabia · Financial Services</span>4 Best Financial Services &amp; Banking Market Research Firms in Saudi Arabia (2026 Rankings)"
/bahrain-fmcg-market-research,https://www.bionixus.com/bahrain-fmcg-market-research,200,841,true,false,true,false,FMCG Market Research in Bahrain 2026 | BioNixus,<em>FMCG &amp; Consumer Goods</em> market research company in <!-- -->Bahrain
/bahrain-technology-market-research,https://www.bionixus.com/bahrain-technology-market-research,200,841,true,false,true,false,Technology Market Research in Bahrain 2026 | BioNixus,<em>Technology &amp; B2B Software</em> market research company in <!-- -->Bahrain
/insights/top-medtech-market-research-companies-denmark-2026,https://www.bionixus.com/insights/top-medtech-market-research-companies-denmark-2026,200,841,true,false,true,false,5 Best MedTech Market Research Firms in Denmark (2026...,5 Best MedTech Market Research Firms in Denmark (2026 Rankings)
/saudi-arabia-telecom-market-research,https://www.bionixus.com/saudi-arabia-telecom-market-research,200,841,true,false,true,false,Telecom Market Research in Saudi Arabia 2026 | BioNixus,<em>Telecom &amp; Connectivity</em> market research company in <!-- -->Saudi Arabia
/saudi-arabia-technology-market-research,https://www.bionixus.com/saudi-arabia-technology-market-research,200,842,true,false,true,false,Technology Market Research in Saudi Arabia 2026 | BioNixus,<em>Technology &amp; B2B Software</em> market research company in <!-- -->Saudi Arabia
/saudi-arabia-fmcg-market-research,https://www.bionixus.com/saudi-arabia-fmcg-market-research,200,845,true,false,true,false,FMCG Market Research in Saudi Arabia 2026 | BioNixus,<em>FMCG &amp; Consumer Goods</em> market research company in <!-- -->Saudi Arabia
/insights/top-medtech-market-research-companies-germany-2026,https://www.bionixus.com/insights/top-medtech-market-research-companies-germany-2026,200,848,true,false,true,false,5 Best MedTech Market Research Firms in Germany (2026...,5 Best MedTech Market Research Firms in Germany (2026 Rankings)
/insights/top-medtech-market-research-companies-uk-2026,https://www.bionixus.com/insights/top-medtech-market-research-companies-uk-2026,200,855,true,false,true,false,5 Best MedTech Market Research Firms in United Kingdom (202,5 Best MedTech Market Research Firms in United Kingdom (2026 Rankings)
/saudi-arabia-real-estate-market-research,https://www.bionixus.com/saudi-arabia-real-estate-market-research,200,856,true,false,true,false,Real Estate Market Research in Saudi Arabia 2026 | BioNixus,<em>Real Estate &amp; Construction</em> market research company in <!-- -->Saudi Arabia
/desmoid-tumor-pharma-market-research,https://www.bionixus.com/desmoid-tumor-pharma-market-research,200,857,true,false,true,false,Desmoid Tumour Pharma Market Research Services | BioNixus,Desmoid Tumour Pharma Market Research &amp; Competitive Intelligence Services
/insights/top-real-estate-market-research-companies-saudi-arabia-2026,https://www.bionixus.com/insights/top-real-estate-market-research-companies-saudi-arabia-2026,200,857,true,false,true,false,Real Estate Market Research KSA 2026 | Ranked,"<span class=""h1-kicker"">Ranking 2026 · Saudi Arabia · Real Estate</span>4 Best Real Estate &amp; Construction Market Research Firms in Saudi Arabia (2026 Rankings)"
/ar/contact,https://www.bionixus.com/ar/contact,200,859,true,false,true,false,تواصل مع بيونكسس | عرض أبحاث سوق الرعاية الصحية,Connect with a global market research team.
/insights/top-medtech-market-research-companies-south-korea-2026,https://www.bionixus.com/insights/top-medtech-market-research-companies-south-korea-2026,200,860,true,false,true,false,5 Best MedTech Market Research Firms in South Korea (2026...,5 Best MedTech Market Research Firms in South Korea (2026 Rankings)
/insights/top-medtech-market-research-companies-new-zealand-2026,https://www.bionixus.com/insights/top-medtech-market-research-companies-new-zealand-2026,200,861,true,false,true,false,5 Best MedTech Market Research Firms in New Zealand (2026...,5 Best MedTech Market Research Firms in New Zealand (2026 Rankings)
/saudi-arabia-public-sector-market-research,https://www.bionixus.com/saudi-arabia-public-sector-market-research,200,862,true,false,true,false,Public Sector Market Research in Saudi Arabia 202 | BioNixus,<em>Public Sector &amp; Government</em> market research company in <!-- -->Saudi Arabia
/bahrain-financial-services-market-research,https://www.bionixus.com/bahrain-financial-services-market-research,200,864,true,false,true,false,Financial Services Market Research in Bahrain 202 | BioNixus,<em>Financial Services &amp; Banking</em> market research company in <!-- -->Bahrain
/bahrain-public-sector-market-research,https://www.bionixus.com/bahrain-public-sector-market-research,200,864,true,false,true,false,Public Sector Market Research in Bahrain 2026 | BioNixus,<em>Public Sector &amp; Government</em> market research company in <!-- -->Bahrain
/bahrain-real-estate-market-research,https://www.bionixus.com/bahrain-real-estate-market-research,200,864,true,false,true,false,Real Estate Market Research in Bahrain 2026 | BioNixus,<em>Real Estate &amp; Construction</em> market research company in <!-- -->Bahrain
/saudi-arabia-financial-services-market-research,https://www.bionixus.com/saudi-arabia-financial-services-market-research,200,864,true,false,true,false,Financial Services Market Research in Saudi Arabia 2026 |...,<em>Financial Services &amp; Banking</em> market research company in <!-- -->Saudi Arabia
/kuwait-retail-market-research,https://www.bionixus.com/kuwait-retail-market-research,200,866,true,false,true,false,Retail Market Research in Kuwait 2026 | BioNixus,<em>Retail &amp; Shopper</em> market research company in <!-- -->Kuwait
/mena-pharma-market-data,https://www.bionixus.com/mena-pharma-market-data,200,868,true,false,true,false,MENA Pharmaceutical Market Data 2026 | BioNixus,MENA Pharmaceutical Market Data 2026
/healthcare-bioconvergence-market,https://www.bionixus.com/healthcare-bioconvergence-market,200,869,true,false,true,false,Healthcare Bioconvergence Market Research | BioNixus,Healthcare Bioconvergence Market: Research for Converging Life-Science Platforms
/insights/top-medtech-market-research-companies-usa-2026,https://www.bionixus.com/insights/top-medtech-market-research-companies-usa-2026,200,869,true,false,true,false,5 Best MedTech Market Research Firms in United States (2026,5 Best MedTech Market Research Firms in United States (2026 Rankings)
/iqvia-alternative-saudi-arabia,https://www.bionixus.com/iqvia-alternative-saudi-arabia,200,875,true,false,true,false,IQVIA Alternative in Saudi Arabia (2026),IQVIA alternative for pharmaceutical research in Saudi Arabia
/kuwait-fmcg-market-research,https://www.bionixus.com/kuwait-fmcg-market-research,200,877,true,false,true,false,FMCG Market Research in Kuwait 2026 | BioNixus,<em>FMCG &amp; Consumer Goods</em> market research company in <!-- -->Kuwait
/ru/contact,https://www.bionixus.com/ru/contact,200,878,true,false,true,false,Связаться с BioNixus | Предложение по исследованию рынка,Один разговор может изменить ваш запуск.
/kuwait-energy-market-research,https://www.bionixus.com/kuwait-energy-market-research,200,879,true,false,true,false,Energy Market Research in Kuwait 2026 | BioNixus,<em>Energy &amp; Industrials</em> market research company in <!-- -->Kuwait
/es/contact,https://www.bionixus.com/es/contact,200,880,true,false,true,false,Contactar con BioNixus | Propuesta de investigación sanitar,Connect with a global market research team.
/qatar-education-market-research,https://www.bionixus.com/qatar-education-market-research,200,880,true,false,true,false,Education Market Research in Qatar 2026 | BioNixus,<em>Education</em> market research company in <!-- -->Qatar
/b2b-industries,https://www.bionixus.com/b2b-industries,200,881,true,false,true,false,"B2B Market Research | Technology, Energy, Real Estate & Mor",B2B Industries Market Research
/qatar-retail-market-research,https://www.bionixus.com/qatar-retail-market-research,200,884,true,false,true,false,Retail Market Research in Qatar 2026 | BioNixus,<em>Retail &amp; Shopper</em> market research company in <!-- -->Qatar
/kuwait-automotive-market-research,https://www.bionixus.com/kuwait-automotive-market-research,200,885,true,false,true,false,Automotive Market Research in Kuwait 2026 | BioNixus,<em>Automotive</em> market research company in <!-- -->Kuwait
/kuwait-education-market-research,https://www.bionixus.com/kuwait-education-market-research,200,885,true,false,true,false,Education Market Research in Kuwait 2026 | BioNixus,<em>Education</em> market research company in <!-- -->Kuwait
/oman-telecom-market-research,https://www.bionixus.com/oman-telecom-market-research,200,885,true,false,true,false,Telecom Market Research in Oman 2026 | BioNixus,<em>Telecom &amp; Connectivity</em> market research company in <!-- -->Oman
/qatar-energy-market-research,https://www.bionixus.com/qatar-energy-market-research,200,885,true,false,true,false,Energy Market Research in Qatar 2026 | BioNixus,<em>Energy &amp; Industrials</em> market research company in <!-- -->Qatar
/kuwait-media-market-research,https://www.bionixus.com/kuwait-media-market-research,200,888,true,false,true,false,Media Market Research in Kuwait 2026 | BioNixus,<em>Media &amp; Entertainment</em> market research company in <!-- -->Kuwait
/oman-energy-market-research,https://www.bionixus.com/oman-energy-market-research,200,888,true,false,true,false,Energy Market Research in Oman 2026 | BioNixus,<em>Energy &amp; Industrials</em> market research company in <!-- -->Oman
/kuwait-hospitality-market-research,https://www.bionixus.com/kuwait-hospitality-market-research,200,889,true,false,true,false,Hospitality Market Research in Kuwait 2026 | BioNixus,<em>Hospitality &amp; Tourism</em> market research company in <!-- -->Kuwait
/oman-hospitality-market-research,https://www.bionixus.com/oman-hospitality-market-research,200,889,true,false,true,false,Hospitality Market Research in Oman 2026 | BioNixus,<em>Hospitality &amp; Tourism</em> market research company in <!-- -->Oman
/oman-technology-market-research,https://www.bionixus.com/oman-technology-market-research,200,889,true,false,true,false,Technology Market Research in Oman 2026 | BioNixus,<em>Technology &amp; B2B Software</em> market research company in <!-- -->Oman
/qatar-automotive-market-research,https://www.bionixus.com/qatar-automotive-market-research,200,889,true,false,true,false,Automotive Market Research in Qatar 2026 | BioNixus,<em>Automotive</em> market research company in <!-- -->Qatar
/kuwait-technology-market-research,https://www.bionixus.com/kuwait-technology-market-research,200,890,true,false,true,false,Technology Market Research in Kuwait 2026 | BioNixus,<em>Technology &amp; B2B Software</em> market research company in <!-- -->Kuwait
/japan-general-surgical-devices-market,https://www.bionixus.com/japan-general-surgical-devices-market,200,891,true,false,true,false,Japan General Surgical Devices Market Research | BioNixus,Japan General Surgical Devices Market: Research &amp; Commercial Intelligence
/kuwait-telecom-market-research,https://www.bionixus.com/kuwait-telecom-market-research,200,891,true,false,true,false,Telecom Market Research in Kuwait 2026 | BioNixus,<em>Telecom &amp; Connectivity</em> market research company in <!-- -->Kuwait
/pricing,https://www.bionixus.com/pricing,200,891,true,false,true,false,Market Research Pricing | $10k–$75k Country (2026),"<span class=""h1-kicker"">Market research pricing 2026</span>Priced by project,<br/>not by <em>seat.</em>"
/qatar-hospitality-market-research,https://www.bionixus.com/qatar-hospitality-market-research,200,891,true,false,true,false,Hospitality Market Research in Qatar 2026 | BioNixus,<em>Hospitality &amp; Tourism</em> market research company in <!-- -->Qatar
/oman-education-market-research,https://www.bionixus.com/oman-education-market-research,200,894,true,false,true,false,Education Market Research in Oman 2026 | BioNixus,<em>Education</em> market research company in <!-- -->Oman
/qatar-telecom-market-research,https://www.bionixus.com/qatar-telecom-market-research,200,894,true,false,true,false,Telecom Market Research in Qatar 2026 | BioNixus,<em>Telecom &amp; Connectivity</em> market research company in <!-- -->Qatar
/services/kol-stakeholder-mapping,https://www.bionixus.com/services/kol-stakeholder-mapping,200,894,true,false,true,false,KOL Mapping & Stakeholder Engagement | EMEA — BioNixus,KOL &amp; Stakeholder Mapping
/kuwait-public-sector-market-research,https://www.bionixus.com/kuwait-public-sector-market-research,200,895,true,false,true,false,Public Sector Market Research in Kuwait 2026 | BioNixus,<em>Public Sector &amp; Government</em> market research company in <!-- -->Kuwait
/oman-retail-market-research,https://www.bionixus.com/oman-retail-market-research,200,895,true,false,true,false,Retail Market Research in Oman 2026 | BioNixus,<em>Retail &amp; Shopper</em> market research company in <!-- -->Oman
/fr/contact,https://www.bionixus.com/fr/contact,200,896,true,false,true,false,Contacter BioNixus | Proposition d’études de marché santé,Connect with a global market research team.
/qatar-technology-market-research,https://www.bionixus.com/qatar-technology-market-research,200,896,true,false,true,false,Technology Market Research in Qatar 2026 | BioNixus,<em>Technology &amp; B2B Software</em> market research company in <!-- -->Qatar
/kantar-alternative,https://www.bionixus.com/kantar-alternative,200,897,true,false,true,false,Kantar Alternative for Primary Research (2026),Kantar alternative for commercial primary research
/qatar-media-market-research,https://www.bionixus.com/qatar-media-market-research,200,897,true,false,true,false,Media Market Research in Qatar 2026 | BioNixus,<em>Media &amp; Entertainment</em> market research company in <!-- -->Qatar
/oman-automotive-market-research,https://www.bionixus.com/oman-automotive-market-research,200,898,true,false,true,false,Automotive Market Research in Oman 2026 | BioNixus,<em>Automotive</em> market research company in <!-- -->Oman
/oman-media-market-research,https://www.bionixus.com/oman-media-market-research,200,898,true,false,true,false,Media Market Research in Oman 2026 | BioNixus,<em>Media &amp; Entertainment</em> market research company in <!-- -->Oman
/qatar-fmcg-market-research,https://www.bionixus.com/qatar-fmcg-market-research,200,899,true,false,true,false,FMCG Market Research in Qatar 2026 | BioNixus,<em>FMCG &amp; Consumer Goods</em> market research company in <!-- -->Qatar
/kuwait-financial-services-market-research,https://www.bionixus.com/kuwait-financial-services-market-research,200,900,true,false,true,false,Financial Services Market Research in Kuwait 2026 | BioNixus,<em>Financial Services &amp; Banking</em> market research company in <!-- -->Kuwait
/qatar-public-sector-market-research,https://www.bionixus.com/qatar-public-sector-market-research,200,903,true,false,true,false,Public Sector Market Research in Qatar 2026 | BioNixus,<em>Public Sector &amp; Government</em> market research company in <!-- -->Qatar
/oman-fmcg-market-research,https://www.bionixus.com/oman-fmcg-market-research,200,904,true,false,true,false,FMCG Market Research in Oman 2026 | BioNixus,<em>FMCG &amp; Consumer Goods</em> market research company in <!-- -->Oman
/kuwait-real-estate-market-research,https://www.bionixus.com/kuwait-real-estate-market-research,200,907,true,false,true,false,Real Estate Market Research in Kuwait 2026 | BioNixus,<em>Real Estate &amp; Construction</em> market research company in <!-- -->Kuwait
/contact,https://www.bionixus.com/contact,200,912,true,false,true,false,Contact BioNixus | Global Market Research Company,Connect with a global market research team.
/gcc-generic-pharmaceuticals-market,https://www.bionixus.com/gcc-generic-pharmaceuticals-market,200,912,true,false,true,false,GCC Generic Pharmaceuticals Market Research | BioNixus,GCC Generic Pharmaceuticals Market: Research &amp; Commercial Intelligence
/qatar-real-estate-market-research,https://www.bionixus.com/qatar-real-estate-market-research,200,912,true,false,true,false,Real Estate Market Research in Qatar 2026 | BioNixus,<em>Real Estate &amp; Construction</em> market research company in <!-- -->Qatar
/qatar-financial-services-market-research,https://www.bionixus.com/qatar-financial-services-market-research,200,913,true,false,true,false,Financial Services Market Research in Qatar 2026 | BioNixus,<em>Financial Services &amp; Banking</em> market research company in <!-- -->Qatar
/case-studies/uae-influenza-vaccines-report-2025-2026,https://www.bionixus.com/case-studies/uae-influenza-vaccines-report-2025-2026,200,916,true,false,true,false,UAE Influenza Vaccines Report 2025-2 | BioNixus Case Studies,UAE Influenza Vaccines Report 2025-2026
/oman-public-sector-market-research,https://www.bionixus.com/oman-public-sector-market-research,200,918,true,false,true,false,Public Sector Market Research in Oman 2026 | BioNixus,<em>Public Sector &amp; Government</em> market research company in <!-- -->Oman
/oman-real-estate-market-research,https://www.bionixus.com/oman-real-estate-market-research,200,919,true,false,true,false,Real Estate Market Research in Oman 2026 | BioNixus,<em>Real Estate &amp; Construction</em> market research company in <!-- -->Oman
/oman-financial-services-market-research,https://www.bionixus.com/oman-financial-services-market-research,200,922,true,false,true,false,Financial Services Market Research in Oman 2026 | BioNixus,<em>Financial Services &amp; Banking</em> market research company in <!-- -->Oman
/services/qualitative-research,https://www.bionixus.com/services/qualitative-research,200,929,true,false,true,false,Qualitative Pharma Research | KOL Interviews EMEA — BioNixus,Qualitative Pharmaceutical Research &amp; Expert Insights
/pt/contact,https://www.bionixus.com/pt/contact,200,951,true,false,true,false,Contactar a BioNixus | Proposta de pesquisa em saúde,Fale com uma equipa global de pesquisa de mercado.
/ims-health-alternative,https://www.bionixus.com/ims-health-alternative,200,956,true,false,true,false,IMS Health Alternative — Pharma Primary Research,IMS Health alternative for pharmaceutical audits
/nupco-tender-calendar-events-2026,https://www.bionixus.com/nupco-tender-calendar-events-2026,200,956,true,false,true,false,NUPCO Tender Calendar & Events 2026 | BioNixus,NUPCO Tender Calendar &amp; Events 2026: Planning Intelligence for Saudi Access Teams
/physician-survey-saudi-arabia,https://www.bionixus.com/physician-survey-saudi-arabia,200,964,true,false,true,false,Saudi Physician Surveys (2026) | BioNixus,How to Conduct Physician Surveys in Saudi Arabia: A Complete Guide for Pharma Teams
/services/competitive-intelligence,https://www.bionixus.com/services/competitive-intelligence,200,966,true,false,true,false,Pharma Competitive Intelligence Services (2026) | BioNixus,Pharmaceutical Competitive Intelligence
/singapore-pharmaceutical-market,https://www.bionixus.com/singapore-pharmaceutical-market,200,978,true,false,true,false,Singapore Pharmaceutical Market Intelligence 2026 | BioNixus,"Singapore Pharmaceutical Market: Structure, Access &amp; Commercial Intelligence"
/fr/healthcare-market-research,https://www.bionixus.com/fr/healthcare-market-research,200,983,true,false,true,false,Recherche de marché santé et pharma | Europe et M | BioNixus,Recherche de marché santé et pharmaceutique pour l&#x27;Europe et le Moyen-Orient
/de/bionixus-industries,https://www.bionixus.com/de/bionixus-industries,200,991,true,false,true,false,Marktforschung über Branchen hinweg | BioNixus,"Ein Forschungsunternehmen, <em>das jede Branche, die wir bedienen, begleitet</em>"
/case-studies/cns-case-study,https://www.bionixus.com/case-studies/cns-case-study,200,993,true,false,true,false,CNS Case Study: 6 Brain Health Takea | BioNixus Case Studies,CNS Case Study: 6 Surprising Takeaways Redefining the Future of Brain Health
/b2c-industries,https://www.bionixus.com/b2c-industries,200,1004,true,false,true,false,"B2C Market Research | FMCG, Retail, Telecom, Finance & More",B2C Industries Market Research
/services/clinical-trial-support,https://www.bionixus.com/services/clinical-trial-support,200,1005,true,false,true,false,Clinical Trial Support | Site Identification EMEA — BioNixus,Clinical Trial Support
/ru/about,https://www.bionixus.com/ru/about,200,1026,true,false,true,false,About | BioNixus,"Глобальные исследования рынка — построенные на pharma, наиболее регулируемой отрасли, которую мы обслуживаем, и расширенные на доверие во всех индустриях"
/ar/bionixus-industries,https://www.bionixus.com/ar/bionixus-industries,200,1037,true,false,true,false,أبحاث السوق عبر الصناعات | BioNixus,شركة أبحاث واحدة <em>ترافق كل صناعة نخدمها</em>
/retail-companies-kuwait,https://www.bionixus.com/retail-companies-kuwait,200,1043,true,false,true,false,Top Retail Companies in Kuwait (2026) | Banners,Retail Companies in Kuwait
/real-world-evidence,https://www.bionixus.com/real-world-evidence,200,1056,true,false,true,false,Real World Evidence (RWE) for Pharma | BioNixus EMEA & MENA,Real World Evidence (RWE) for Pharmaceutical and Biotech Teams
/nielsen-alternative,https://www.bionixus.com/nielsen-alternative,200,1062,true,false,true,false,Nielsen Alternatives & Competitors: Ranked (2026),Nielsen alternative for account-level market research
/pharmaceutical-market-research-provider,https://www.bionixus.com/pharmaceutical-market-research-provider,200,1068,true,false,true,false,Pharmaceutical Market Research Company | BioNixus,Pharmaceutical market research company — agency for custom primary research
/retail-companies-oman,https://www.bionixus.com/retail-companies-oman,200,1069,true,false,true,false,Top Retail Companies in Oman (2026) | Banners,Retail Companies in Oman
/real-estate-companies-oman,https://www.bionixus.com/real-estate-companies-oman,200,1075,true,false,true,false,Top Real Estate Companies in Oman (2026),Real Estate Companies in Oman
/sfda-market-access-strategy-saudi-arabia,https://www.bionixus.com/sfda-market-access-strategy-saudi-arabia,200,1083,true,false,true,false,SFDA Market Access Strategy KSA | BioNixus,SFDA Market Access Strategy in Saudi Arabia: 2026 Complete Guide
/ru/bionixus-industries,https://www.bionixus.com/ru/bionixus-industries,200,1088,true,false,true,false,Исследования рынка во всех отраслях | BioNixus,"Одна исследовательская компания, <em>сопровождающая каждую отрасль, которую мы обслуживаем</em>"
/retail-companies-qatar,https://www.bionixus.com/retail-companies-qatar,200,1092,true,false,true,false,Top Retail Companies in Qatar (2026) | Banners,Retail Companies in Qatar
/ar/abhath-suq-adwiyah-saudi-arabia,https://www.bionixus.com/ar/abhath-suq-adwiyah-saudi-arabia,200,1094,true,false,true,false,أبحاث سوق الأدوية في المملكة العربية السعودية | بيونيكسس,أبحاث سوق الأدوية في المملكة العربية السعودية
/real-estate-companies-qatar,https://www.bionixus.com/real-estate-companies-qatar,200,1094,true,false,true,false,Top Real Estate Companies in Qatar (2026),Real Estate Companies in Qatar
/real-estate-companies-kuwait,https://www.bionixus.com/real-estate-companies-kuwait,200,1096,true,false,true,false,Top Real Estate Companies in Kuwait (2026),Real Estate Companies in Kuwait
/pharma-healthcare-industries,https://www.bionixus.com/pharma-healthcare-industries,200,1100,true,false,true,false,Pharma & Healthcare Market Research | BioNixus Industries,Pharma &amp; Healthcare Market Research
/account-level-market-research,https://www.bionixus.com/account-level-market-research,200,1102,true,false,true,false,What Is Account-Level Market Research Data?,What is account-level (and SKU-level) market research data?
/kol-mapping-saudi-arabia-oncology,https://www.bionixus.com/kol-mapping-saudi-arabia-oncology,200,1106,true,false,true,false,KOL Mapping for Oncology in Saudi Arabia | BioNixus MENA Research,"KOL Mapping for Oncology in Saudi Arabia: Methodology, Data, and Engagement Strategy"
/singapore-medtech-manufacturing-market,https://www.bionixus.com/singapore-medtech-manufacturing-market,200,1126,true,false,true,false,Singapore MedTech Manufacturing Market Research | BioNixus,Singapore MedTech Manufacturing Market: Research &amp; Commercial Intelligence
/de/about,https://www.bionixus.com/de/about,200,1159,true,false,true,false,About | BioNixus,"Globale Marktforschung — auf pharmazeutischer Forschung aufgebaut, der am stärksten regulierten Branche, die wir bedienen, und über Branchen hinweg ausgeweitet"
/retail-companies-saudi-arabia,https://www.bionixus.com/retail-companies-saudi-arabia,200,1162,true,false,true,false,Top Retail Companies in Saudi Arabia (2026),Retail Companies in Saudi Arabia
/case-studies/biologics-market-analysis-uae,https://www.bionixus.com/case-studies/biologics-market-analysis-uae,200,1165,true,false,true,false,Biologics Market Analysis in UAE | BioNixus Case Studies,Biologics Market Analysis in UAE
/ar/about,https://www.bionixus.com/ar/about,200,1167,true,false,true,false,About | BioNixus,أبحاث سوق عالمية — مبنية على قطاع الأدوية، أكثر القطاعات تنظيمًا الذي نخدمه، وتوسّعت لتُوثَق عبر الصناعات
/pt/about,https://www.bionixus.com/pt/about,200,1173,true,false,true,false,About | BioNixus,"Pesquisa de mercado global — construída sobre pharma, a indústria mais regulada que servimos, e expandida para ser confiável em todas as indústrias"
/bionixus-industries,https://www.bionixus.com/bionixus-industries,200,1180,true,false,true,false,Market Research Across Industries | BioNixus,One research firm <em>guiding every industry we serve</em>
/es/about,https://www.bionixus.com/es/about,200,1188,true,false,true,false,About | BioNixus,"Investigación de mercado global — construida sobre pharma, la industria más regulada que servimos, y ampliada para ser de confianza en todas las industrias"
/market-research-home,https://www.bionixus.com/market-research-home,200,1190,true,false,true,false,Market research data insights | BioNixus Consultancy,Market Research Precise Accurate Data
/case-studies/gcc-oncology-market,https://www.bionixus.com/case-studies/gcc-oncology-market,200,1199,true,false,true,false,GCC oncology market intelligence case study | BioNixus Case,GCC Oncology Market Review
/retail-companies-egypt,https://www.bionixus.com/retail-companies-egypt,200,1199,true,false,true,false,Top Retail Companies in Egypt (2026) | Banners + Trade,Retail Companies in Egypt
/fr/about,https://www.bionixus.com/fr/about,200,1202,true,false,true,false,À propos de BioNixus | BioNixus,"Recherche marché mondiale — fondée sur le pharma, l’industrie la plus réglementée que nous servons, et étendue à l’ensemble des secteurs"
/retail-companies-uae,https://www.bionixus.com/retail-companies-uae,200,1211,true,false,true,false,Top Retail Companies in UAE (2026) | Banners + Trade,Retail Companies in the UAE
/pharmaceutical-therapy-areas,https://www.bionixus.com/pharmaceutical-therapy-areas,200,1212,true,false,true,false,Pharmaceutical Therapy Areas Market Research | BioNixus,"Pharmaceutical Therapy Areas Market Research Across MENA, UK, and Europe"
/es/bionixus-industries,https://www.bionixus.com/es/bionixus-industries,200,1230,true,false,true,false,Investigación de mercado en todas las industrias | BioNixus,Una firma de investigación <em>que guía cada industria que servimos</em>
/strategic-portfolio,https://www.bionixus.com/strategic-portfolio,200,1232,true,false,true,false,BioNixus Strategic Portfolio | Market Research &amp; Consulting,Market research &amp; <em>strategic consulting</em> portfolio
/fmcg-companies-qatar,https://www.bionixus.com/fmcg-companies-qatar,200,1244,true,false,true,false,Top FMCG Companies in Qatar (2026) | Trade Mix,FMCG Companies in Qatar
/fmcg-companies-kuwait,https://www.bionixus.com/fmcg-companies-kuwait,200,1247,true,false,true,false,Top FMCG Companies in Kuwait (2026) | Trade Mix,FMCG Companies in Kuwait
/fmcg-companies-oman,https://www.bionixus.com/fmcg-companies-oman,200,1249,true,false,true,false,Top FMCG Companies in Oman (2026) | Trade Mix,FMCG Companies in Oman
/pt/bionixus-industries,https://www.bionixus.com/pt/bionixus-industries,200,1249,true,false,true,false,Pesquisa de mercado em todas as indústrias | BioNixus,Uma firma de pesquisa <em>a orientar cada indústria que servimos</em>
/fr/bionixus-industries,https://www.bionixus.com/fr/bionixus-industries,200,1266,true,false,true,false,Recherche marché tous secteurs | BioNixus,Un cabinet de recherche <em>qui accompagne chaque industrie que nous servons</em>
/pt/pesquisa-mercado-saude-brasil,https://www.bionixus.com/pt/pesquisa-mercado-saude-brasil,200,1290,true,false,true,false,Empresa de Pesquisa de Mercado de Saúde no Brasil | BioNixus,Empresa de Pesquisa de Mercado de Saúde no Brasil
/egypt-healthcare-market-research,https://www.bionixus.com/egypt-healthcare-market-research,200,1293,true,false,true,false,Healthcare Market Research Company in Egypt | BioNixus,Healthcare Market Research Company in Egypt
/pt/pesquisa-mercado-farmaceutico-brasil,https://www.bionixus.com/pt/pesquisa-mercado-farmaceutico-brasil,200,1294,true,false,true,false,Empresa de Pesquisa de Mercado Farmacêutico no Br | BioNixus,Empresa de Pesquisa de Mercado Farmacêutico no Brasil
/nf1-pharma-market-research,https://www.bionixus.com/nf1-pharma-market-research,200,1299,true,false,true,false,NF1 Pharma Market Research Services | BioNixus,NF1 Pharma Market Research &amp; Competitive Intelligence Services
/ar/blog,https://www.bionixus.com/ar/blog,200,1321,true,false,true,false,المدونة العربية: أبحاث السوق الصحي والدوائي | BioNixus,تحديثات عربية لأبحاث الرعاية الصحية والدواء
/ar/insights/top-market-research-companies-egypt-2026,https://www.bionixus.com/ar/insights/top-market-research-companies-egypt-2026,200,1322,true,false,true,false,5 أفضل شركات أبحاث السوق في مصر (2026) | دليل المشترين | BioNixus,5 أفضل شركات أبحاث السوق في مصر (2026)
/ar/strategic-portfolio,https://www.bionixus.com/ar/strategic-portfolio,200,1334,true,false,true,false,محفظة BioNixus الاستراتيجية | أبحاث السوق والاستشارات,أبحاث السوق و<em>الاستشارات الاستراتيجية</em>
/fmcg-companies-saudi-arabia,https://www.bionixus.com/fmcg-companies-saudi-arabia,200,1337,true,false,true,false,Top FMCG Companies in Saudi Arabia (2026) | Trade Mix,FMCG Companies in Saudi Arabia
/fmcg-companies-uae,https://www.bionixus.com/fmcg-companies-uae,200,1379,true,false,true,false,Top FMCG Companies in UAE (2026) | Traditional Trade,FMCG Companies in the UAE
/fmcg-companies-egypt,https://www.bionixus.com/fmcg-companies-egypt,200,1384,true,false,true,false,Top FMCG Companies in Egypt (2026) | Traditional Trade,FMCG Companies in Egypt
/about,https://www.bionixus.com/about,200,1397,true,false,true,false,About | BioNixus,"Global market research — <em class=""font-medium not-italic !text-[#C9A84C]"">built on pharma, the most regulated industry we serve,</em> and expanded to be trusted across industries"
/fr/blog,https://www.bionixus.com/fr/blog,200,1436,true,false,true,false,Blog Insights Marché Santé | BioNixus,Insights marché santé pour la France &amp; l’EMEA
/services/quantitative-research,https://www.bionixus.com/services/quantitative-research,200,1441,true,false,true,false,Quantitative Healthcare Research | Physician Surveys EMEA,Quantitative Healthcare Research &amp; Physician Surveys
/de/blog,https://www.bionixus.com/de/blog,200,1447,true,false,true,false,Healthcare Markt-Insights Blog | BioNixus,Healthcare Markt-Insights für DACH &amp; EMEA
/es/blog,https://www.bionixus.com/es/blog,200,1458,true,false,true,false,Healthcare Market Research Blog | BioNixus,Healthcare Market Research Insights
/insights/top-consumer-insights-companies-ksa-2026,https://www.bionixus.com/insights/top-consumer-insights-companies-ksa-2026,200,1491,true,false,true,false,Top Consumer Insights Companies in KSA (2026 Ranking),Top Consumer Insights Companies in KSA (2026 Ranking)
/ar/insights/top-sharaket-abhath-alsuq-alimarat-2026,https://www.bionixus.com/ar/insights/top-sharaket-abhath-alsuq-alimarat-2026,200,1515,true,false,true,false,شركات أبحاث السوق في الإمارات 2026 | بيونيكسس,شركات أبحاث السوق في الإمارات — تصنيف 2026
/de/services,https://www.bionixus.com/de/services,200,1515,true,false,true,false,Pharmazeutische Marktforschung Deutschland & Euro | BioNixus,Pharmazeutische und Gesundheitsmarktforschung für Deutschland und Europa
/spain-medical-devices-market-report,https://www.bionixus.com/spain-medical-devices-market-report,200,1518,true,false,true,false,Spain Medical Devices Market Report 2026 | BioNixus,"Spain Medical Devices Market Report 2026: AEMPS Regulation, SNS Reimbursement, and Regional Procurement Intelligence"
/healthcare-market-research-netherlands,https://www.bionixus.com/healthcare-market-research-netherlands,200,1540,true,false,true,false,Healthcare Market Research Company in the Netherl | BioNixus,Healthcare &amp; Pharmaceutical Market Research in the Netherlands
/uae-pharmaceutical-market-research,https://www.bionixus.com/uae-pharmaceutical-market-research,200,1545,true,false,true,false,Healthcare Market Research Company in UAE | BioNixus,Healthcare &amp; Pharmaceutical Market Research Company in UAE
/healthcare-market-research-usa,https://www.bionixus.com/healthcare-market-research-usa,200,1550,true,false,true,false,Healthcare Market Research Company in USA | BioNixus,Healthcare &amp; Pharmaceutical Market Research in the USA
/healthcare-market-research-spain,https://www.bionixus.com/healthcare-market-research-spain,200,1556,true,false,true,false,Healthcare Market Research Company in Spain | BioNixus,Healthcare Market Research Company in Spain
/client-reviews,https://www.bionixus.com/client-reviews,200,1565,true,false,true,false,Client Reviews | BioNixus Pharmaceutical Market Research,Recommended by more than <!-- -->118<!-- --> happy clients
/de/methodology,https://www.bionixus.com/de/methodology,200,1572,true,false,true,false,Methodik der Gesundheitsmarktforschung | BioNixus,Methodik der Gesundheitsmarktforschung
/egypt-pharmaceutical-market-research,https://www.bionixus.com/egypt-pharmaceutical-market-research,200,1573,true,false,true,false,Pharmaceutical Market Research in Egypt | EDA & U | BioNixus,Healthcare &amp; Pharmaceutical Market Research Company in Egypt
/healthcare-market-research-canada,https://www.bionixus.com/healthcare-market-research-canada,200,1582,true,false,true,false,Healthcare Market Research Company in Canada | BioNixus,Healthcare &amp; Pharmaceutical Market Research in Canada
/healthcare-market-research-sweden,https://www.bionixus.com/healthcare-market-research-sweden,200,1585,true,false,true,false,Healthcare Market Research Company in Sweden | BioNixus,Healthcare &amp; Pharmaceutical Market Research in Sweden
/south-korea-medical-devices-market-report,https://www.bionixus.com/south-korea-medical-devices-market-report,200,1585,true,false,true,false,South Korea Medical Devices Market Report 2026 | BioNixus,"South Korea Medical Devices Market Report 2026: MFDS Regulation, NHIS Reimbursement, and Export Market Intelligence"
/ar/insights/top-sharaket-abhath-sihha-alsaudia-2026,https://www.bionixus.com/ar/insights/top-sharaket-abhath-sihha-alsaudia-2026,200,1590,true,false,true,false,أفضل شركات أبحاث سوق الرعاية الصحية في السعودية (2026) | بيونيكسس,أفضل شركات أبحاث سوق الرعاية الصحية في المملكة العربية السعودية (دليل 2026)
/services/market-access,https://www.bionixus.com/services/market-access,200,1621,true,false,true,false,Market Access Consulting | HTA EMEA & GCC Pricing | BioNixus,Market Access Consulting | HTA EMEA &amp; GCC Pricing
/kuwait-medical-devices-market-report,https://www.bionixus.com/kuwait-medical-devices-market-report,200,1623,true,false,true,false,Kuwait Medical Devices Market Report 2026 | BioNixus,"Kuwait Medical Devices Market Report 2026: CMS Procurement, MOPH Registration, and Hospital Intelligence"
/healthcare-market-research-turkey,https://www.bionixus.com/healthcare-market-research-turkey,200,1625,true,false,true,false,Healthcare Market Research Company in Turkey | BioNixus,Healthcare &amp; Pharmaceutical Market Research in Turkey
/healthcare-market-research-poland,https://www.bionixus.com/healthcare-market-research-poland,200,1629,true,false,true,false,Healthcare Market Research Company in Poland | BioNixus,Healthcare &amp; Pharmaceutical Market Research in Poland
/ar/methodology,https://www.bionixus.com/ar/methodology,200,1632,true,false,true,false,منهجية أبحاث السوق الصحي | BioNixus,منهجية أبحاث السوق الصحي والدوائي
/insights/top-consumer-healthcare-market-research-firms-2026,https://www.bionixus.com/insights/top-consumer-healthcare-market-research-firms-2026,200,1633,true,false,true,false,Top Consumer Healthcare Market Research Firms 202 | BioNixus,Top Consumer Healthcare Market Research Firms (2026 Guide)
/singapore-medical-devices-market-report,https://www.bionixus.com/singapore-medical-devices-market-report,200,1637,true,false,true,false,Singapore Medical Devices Market Report 2026 | BioNixus,"Singapore Medical Devices Market Report 2026: HSA Regulation, ASEAN Distribution Hub, and Medical Tourism Intelligence"
/turkey-medical-devices-market-report,https://www.bionixus.com/turkey-medical-devices-market-report,200,1645,true,false,true,false,Turkey Medical Devices Market Report 2026 | BioNixus,"Turkey Medical Devices Market Report 2026: TİTCK Regulation, SGK SUT Reimbursement, and Medical Tourism Intelligence"
/india-medical-devices-market-report,https://www.bionixus.com/india-medical-devices-market-report,200,1650,true,false,true,false,India Medical Devices Market Report 2026 | BioNixus,"India Medical Devices Market Report 2026: CDSCO MDR 2017, PLI Manufacturing, and Commercial Intelligence"
/healthcare-market-research/therapy/dermatology,https://www.bionixus.com/healthcare-market-research/therapy/dermatology,200,1652,true,false,true,false,Dermatology Market Research | BioNixus,Dermatology market research
/healthcare-market-statistics,https://www.bionixus.com/healthcare-market-statistics,200,1652,true,false,true,false,"Healthcare & Pharma Market Statistics 2026 (MENA, Asia &...","Healthcare &amp; Pharma Market Statistics 2026 (MENA, Asia &amp; Global)"
/healthcare-market-research-ireland,https://www.bionixus.com/healthcare-market-research-ireland,200,1655,true,false,true,false,Healthcare Market Research Company in Ireland | BioNixus,Healthcare &amp; Pharmaceutical Market Research in Ireland
/healthcare-market-research-australia,https://www.bionixus.com/healthcare-market-research-australia,200,1661,true,false,true,false,Healthcare Market Research Company in Australia | BioNixus,Healthcare &amp; Pharmaceutical Market Research in Australia
/healthcare-market-research-norway,https://www.bionixus.com/healthcare-market-research-norway,200,1663,true,false,true,false,Healthcare Market Research Company in Norway | BioNixus,Healthcare &amp; Pharmaceutical Market Research in Norway
/healthcare-market-research-malaysia,https://www.bionixus.com/healthcare-market-research-malaysia,200,1665,true,false,true,false,Healthcare Market Research Company in Malaysia | BioNixus,Healthcare &amp; Pharmaceutical Market Research in Malaysia
/ru/methodology,https://www.bionixus.com/ru/methodology,200,1665,true,false,true,false,Методология исследований рынка здравоохранения | BioNixus,Методология исследований рынка здравоохранения
/healthcare-market-research-uk,https://www.bionixus.com/healthcare-market-research-uk,200,1666,true,false,true,false,Healthcare Market Research Company in the UK | BioNixus,Healthcare &amp; Pharmaceutical Market Research in the UK
/healthcare-market-research-denmark,https://www.bionixus.com/healthcare-market-research-denmark,200,1672,true,false,true,false,Healthcare Market Research Company in Denmark | BioNixus,Healthcare &amp; Pharmaceutical Market Research in Denmark
/pharmacies-saudi-arabia-marketing,https://www.bionixus.com/pharmacies-saudi-arabia-marketing,200,1681,true,false,true,false,Pharmacy Market Research Saudi Arabia: Boost Reta | BioNixus,Market Research &amp; Marketing Automation for Pharmacies in Saudi Arabia
/clinical-diagnostics-market-research,https://www.bionixus.com/clinical-diagnostics-market-research,200,1689,true,false,true,false,Clinical Diagnostics Market Research | QC & Immunohematolog,Clinical Diagnostics Market Assessment
/healthcare-market-research-singapore,https://www.bionixus.com/healthcare-market-research-singapore,200,1690,true,false,true,false,Healthcare Market Research Company in Singapore | BioNixus,Healthcare &amp; Pharmaceutical Market Research in Singapore
/egypt-medical-devices-market-report,https://www.bionixus.com/egypt-medical-devices-market-report,200,1696,true,false,true,false,"Egypt Medical Devices Market 2026: Size, EDA & Forecast","Egypt Medical Devices Market Report 2026: Market Size, UHI Program, and Cairo Hospital Intelligence"
/healthcare-market-research-india,https://www.bionixus.com/healthcare-market-research-india,200,1715,true,false,true,false,Healthcare Market Research Company in India | BioNixus,Healthcare &amp; Pharmaceutical Market Research in India
/healthcare-market-research-argentina,https://www.bionixus.com/healthcare-market-research-argentina,200,1725,true,false,true,false,Healthcare Market Research Company in Argentina | BioNixus,Healthcare &amp; Pharmaceutical Market Research in Argentina
/insights/top-market-research-companies-argentina-2026,https://www.bionixus.com/insights/top-market-research-companies-argentina-2026,200,1740,true,false,true,false,5 Best Market Research Companies in Argentina (20 | BioNixus,5 Best Market Research Companies in Argentina (2026)
/insights/top-healthcare-market-research-companies-argentina-2026,https://www.bionixus.com/insights/top-healthcare-market-research-companies-argentina-2026,200,1742,true,false,true,false,Argentina Healthcare Market Research Firms 2026 | BioNixus,5 Best Healthcare Market Research Firms in Argentina (2026)
/healthcare-market-research/therapy/neurology-cns,https://www.bionixus.com/healthcare-market-research/therapy/neurology-cns,200,1752,true,false,true,false,Neurology & CNS Market Research | BioNixus,Neurology &amp; CNS market research
/pharmaceutical-market-research-usa,https://www.bionixus.com/pharmaceutical-market-research-usa,200,1754,true,false,true,false,Pharmaceutical Market Research Company in USA | BioNixus,Pharmaceutical Market Research Company in USA
/pharmaceutical-companies-singapore,https://www.bionixus.com/pharmaceutical-companies-singapore,200,1758,true,false,true,false,Top Pharmaceutical Companies in Singapore (2026 Ranked),Pharmaceutical Companies in Singapore
/market-research-gcc,https://www.bionixus.com/market-research-gcc,200,1765,true,false,true,false,Market Research GCC: Pharma & Healthcare in 6 Gulf States,Market Research in the GCC (Gulf Cooperation Council)
/healthcare-market-research-switzerland,https://www.bionixus.com/healthcare-market-research-switzerland,200,1766,true,false,true,false,Healthcare Market Research Switzerland | BioNixus,Healthcare Market Research Company in Switzerland
/healthcare-market-research-companies,https://www.bionixus.com/healthcare-market-research-companies,200,1775,true,false,true,false,Healthcare Market Research Companies: 2026 Ranking & Guide,Healthcare Market Research Companies and Agencies: 2026 Ranking and Hiring Guide
/uk-medical-devices-market-report,https://www.bionixus.com/uk-medical-devices-market-report,200,1793,true,false,true,false,UK Medical Devices Market Report 2026 | BioNixus,"UK Medical Devices Market Report 2026: UKCA Marking, NHS Supply Chain, and MHRA Regulatory Intelligence"
/medical-device-companies-usa,https://www.bionixus.com/medical-device-companies-usa,200,1812,true,false,true,false,Top 20 Medical Device Companies in USA (2026 Ranked List),Medical Device Companies in USA
/healthcare-market-research-japan,https://www.bionixus.com/healthcare-market-research-japan,200,1813,true,false,true,false,Healthcare Market Research Company in Japan | BioNixus,Healthcare &amp; Pharmaceutical Market Research in Japan
/healthcare-market-research/therapy/digital-health,https://www.bionixus.com/healthcare-market-research/therapy/digital-health,200,1822,true,false,true,false,Digital Health Market Research | BioNixus,Digital health market research
/ar/insights/top-market-research-companies-kuwait-2026,https://www.bionixus.com/ar/insights/top-market-research-companies-kuwait-2026,200,1823,true,false,true,false,أفضل شركات أبحاث السوق في الكويت (دليل 2026) | BioNixus,أفضل شركات أبحاث السوق في الكويت (دليل 2026)
/pharmaceutical-companies-malaysia,https://www.bionixus.com/pharmaceutical-companies-malaysia,200,1824,true,false,true,false,Top Pharmaceutical Companies in Malaysia (2026 Ranked),Pharmaceutical Companies in Malaysia
/pharmaceutical-companies-brazil,https://www.bionixus.com/pharmaceutical-companies-brazil,200,1825,true,false,true,false,Top Pharmaceutical Companies in Brazil (2026 Ranked List),Pharmaceutical Companies in Brazil
/pharmaceutical-companies-morocco,https://www.bionixus.com/pharmaceutical-companies-morocco,200,1836,true,false,true,false,Top Pharmaceutical Companies in Morocco (2026 Ranked List),Pharmaceutical Companies in Morocco
/pharmaceutical-companies-germany,https://www.bionixus.com/pharmaceutical-companies-germany,200,1840,true,false,true,false,Top Pharmaceutical Companies in Germany (2026 Ranked List),Pharmaceutical Companies in Germany
/healthcare-market-research-south-korea,https://www.bionixus.com/healthcare-market-research-south-korea,200,1845,true,false,true,false,Healthcare Market Research Company in South Korea | BioNixus,Healthcare &amp; Pharmaceutical Market Research in South Korea
/pharmaceutical-companies-canada,https://www.bionixus.com/pharmaceutical-companies-canada,200,1846,true,false,true,false,Top Pharmaceutical Companies in Canada (2026 Ranked List),Pharmaceutical Companies in Canada
/healthcare-market-research/therapy/cardiovascular,https://www.bionixus.com/healthcare-market-research/therapy/cardiovascular,200,1847,true,false,true,false,Cardiovascular Market Research | BioNixus,Cardiovascular market research
/brazil-healthcare-market-research,https://www.bionixus.com/brazil-healthcare-market-research,200,1850,true,false,true,false,Healthcare Market Research Company in Brazil | BioNixus,Healthcare Market Research Company in Brazil
/medical-device-companies-japan,https://www.bionixus.com/medical-device-companies-japan,200,1854,true,false,true,false,Top 18 Medical Device Companies in Japan (2026 Ranked),Medical Device Companies in Japan
/services,https://www.bionixus.com/services,200,1861,true,false,true,false,"Market Research Services | Pharma, Healthcare & B | BioNixus","Market research services for pharma, healthcare, and commercial industries"
/pharmaceutical-companies-switzerland,https://www.bionixus.com/pharmaceutical-companies-switzerland,200,1868,true,false,true,false,Top Pharmaceutical Companies in Switzerland (2026 Ranked),Pharmaceutical Companies in Switzerland
/ar/insights/top-sharaket-abhath-alsuq-alsaudia-2026,https://www.bionixus.com/ar/insights/top-sharaket-abhath-alsuq-alsaudia-2026,200,1874,true,false,true,false,شركات أبحاث السوق في السعودية 2026 | بيونيكسس,شركات أبحاث السوق في السعودية (KSA) — تصنيف 2026
/india-healthcare-market-report,https://www.bionixus.com/india-healthcare-market-report,200,1880,true,false,true,false,India Healthcare Market Report 2026 | BioNixus,"India Healthcare Market Report 2026: CDSCO, Ayushman Bharat, and Pharmaceutical Market Intelligence"
/ar/services,https://www.bionixus.com/ar/services,200,1887,true,false,true,false,أبحاث السوق الدوائية في السعودية والخليج | BioNixus,أبحاث السوق الدوائية والصحية للسعودية ودول الخليج
/medical-device-companies-uae,https://www.bionixus.com/medical-device-companies-uae,200,1887,true,false,true,false,Top Medical Device Companies in UAE (2026 Ranked List),Medical Device Companies in UAE
/germany-medical-devices-market-report,https://www.bionixus.com/germany-medical-devices-market-report,200,1888,true,false,true,false,Germany Medical Devices Market Report 2026 | BioNixus,"Germany Medical Devices Market Report 2026: EU MDR Compliance, DRG Reimbursement, and Hospital Procurement Intelligence"
/healthcare-market-research-bahrain,https://www.bionixus.com/healthcare-market-research-bahrain,200,1889,true,false,true,false,Healthcare Market Research Bahrain | NHRA-Aligned | BioNixus,Healthcare &amp; Pharmaceutical Market Research in Bahrain
/healthcare-market-research/therapy/biosimilars,https://www.bionixus.com/healthcare-market-research/therapy/biosimilars,200,1896,true,false,true,false,Biosimilars Market Research | BioNixus,Biosimilars market research
/pharmaceutical-companies-south-korea,https://www.bionixus.com/pharmaceutical-companies-south-korea,200,1900,true,false,true,false,Top Pharmaceutical Companies in South Korea (2026 Ranked),Pharmaceutical Companies in South Korea
/pharmaceutical-market-research-qatar,https://www.bionixus.com/pharmaceutical-market-research-qatar,200,1903,true,false,true,false,Healthcare Market Research Company in Qatar | BioNixus,Healthcare &amp; Pharmaceutical Market Research Company in Qatar
/healthcare-market-research-china,https://www.bionixus.com/healthcare-market-research-china,200,1908,true,false,true,false,Healthcare Market Research Company in China | BioNixus,Healthcare &amp; Pharmaceutical Market Research in China
/brazil-healthcare-market-report,https://www.bionixus.com/brazil-healthcare-market-report,200,1922,true,false,true,false,"Brazil Healthcare & Pharma Market 2026: Size, ANVISA & Outlook","Brazil Healthcare Market Report 2026: ANVISA, SUS, CONITEC, and Pharmaceutical Market Intelligence"
/turkey-healthcare-market-report,https://www.bionixus.com/turkey-healthcare-market-report,200,1926,true,false,true,false,"Turkey Healthcare Market 2026: Size, TITCK & SGK Outlook","Turkey Healthcare Market Report 2026: TİTCK, SGK Reimbursement, and Europe-MENA Crossroads Market Intelligence"
/pharmaceutical-companies-turkey,https://www.bionixus.com/pharmaceutical-companies-turkey,200,1928,true,false,true,false,Top 20 Pharmaceutical Companies in Turkey (2026 Ranked List),Pharmaceutical Companies in Turkey
/healthcare-market-research-new-zealand,https://www.bionixus.com/healthcare-market-research-new-zealand,200,1934,true,false,true,false,Healthcare Market Research Company in New Zealand | BioNixus,Healthcare &amp; Pharmaceutical Market Research in New Zealand
/insights/top-market-research-companies-qatar-2026,https://www.bionixus.com/insights/top-market-research-companies-qatar-2026,200,1934,true,false,true,false,5 Best Market Research Companies in Qatar (2026) | Ranked Guide,Best Market Research Companies in Qatar (2026 Guide)
/pharmaceutical-companies-china,https://www.bionixus.com/pharmaceutical-companies-china,200,1935,true,false,true,false,Top 20 Pharmaceutical Companies in China (2026 Ranked List),Pharmaceutical Companies in China
/insights/top-pharmaceutical-analytics-companies-worldwide-2026,https://www.bionixus.com/insights/top-pharmaceutical-analytics-companies-worldwide-2026,200,1939,true,false,true,false,Top Pharmaceutical Analytics Companies Worldwide 2026 | Ranked,Top Pharmaceutical Analytics Companies Worldwide (2026 Guide)
/es/insights/top-empresas-investigacion-mercado-argentina-2026,https://www.bionixus.com/es/insights/top-empresas-investigacion-mercado-argentina-2026,200,1940,true,false,true,false,Argentina: Empresas de Investigación de Mercado 2 | BioNixus,5 Mejores Empresas de Investigación de Mercado en Argentina (2026)
/insights/top-global-healthcare-market-research-companies-2026,https://www.bionixus.com/insights/top-global-healthcare-market-research-companies-2026,200,1940,true,false,true,false,Top 10 Healthcare Market Research Companies (2026) | Global,Top Global Healthcare Market Research Companies (2026 Guide)
/pharmaceutical-companies-japan,https://www.bionixus.com/pharmaceutical-companies-japan,200,1940,true,false,true,false,Top 20 Pharmaceutical Companies in Japan (2026 Ranked List),Pharmaceutical Companies in Japan
/pharmaceutical-companies-jordan,https://www.bionixus.com/pharmaceutical-companies-jordan,200,1944,true,false,true,false,Top Pharmaceutical Companies in Jordan (2026 Ranked List),Pharmaceutical Companies in Jordan
/medical-device-companies-saudi-arabia,https://www.bionixus.com/medical-device-companies-saudi-arabia,200,1948,true,false,true,false,Top Medical Device Companies in Saudi Arabia (2026 Ranked),Medical Device Companies in Saudi Arabia
/pharmaceutical-companies-india,https://www.bionixus.com/pharmaceutical-companies-india,200,1948,true,false,true,false,Top 20 Pharmaceutical Companies in India (2026 Ranked List),Pharmaceutical Companies in India
/pharmaceutical-companies-iraq,https://www.bionixus.com/pharmaceutical-companies-iraq,200,1950,true,false,true,false,Top Pharmaceutical Companies in Iraq (2026 KIMADIA Guide),Pharmaceutical Companies in Iraq
/healthcare-market-research-italy,https://www.bionixus.com/healthcare-market-research-italy,200,1952,true,false,true,false,Healthcare Market Research Company in Italy | BioNixus,Healthcare &amp; Pharmaceutical Market Research in Italy
/pharmaceutical-companies-uk,https://www.bionixus.com/pharmaceutical-companies-uk,200,1957,true,false,true,false,Top Pharmaceutical Companies in UK (2026 Ranked List),Pharmaceutical Companies in the UK
/poland-medtech-market-research,https://www.bionixus.com/poland-medtech-market-research,200,1958,true,false,true,false,MedTech Market Research Company in Poland (2026) | URPL...,MedTech &amp; Medical Devices Market Research Company in Poland
/pt/insights/top-empresas-pesquisa-mercado-brasil-2026,https://www.bionixus.com/pt/insights/top-empresas-pesquisa-mercado-brasil-2026,200,1958,true,false,true,false,Top Empresas de Pesquisa de Mercado no Brasil 202 | BioNixus,Top Empresas de Pesquisa de Mercado no Brasil
/ar/insights/top-market-research-companies-qatar-2026,https://www.bionixus.com/ar/insights/top-market-research-companies-qatar-2026,200,1962,true,false,true,false,أفضل شركات أبحاث السوق في قطر (دليل 2026) | بيونيكسوس | BioNixus,أفضل شركات أبحاث السوق في قطر (دليل 2026)
/de/healthcare-market-research/germany,https://www.bionixus.com/de/healthcare-market-research/germany,200,1962,true,false,true,false,Healthcare-Marktforschung Deutschland | BioNixus,Healthcare-Marktforschung in Deutschland
/brazil-pharmaceutical-market-research,https://www.bionixus.com/brazil-pharmaceutical-market-research,200,1965,true,false,true,false,Pharmaceutical Market Research Company in Brazil | BioNixus,Pharmaceutical Market Research Company in Brazil
/pt/insights/top-market-research-companies-brasil-2026,https://www.bionixus.com/pt/insights/top-market-research-companies-brasil-2026,200,1968,true,false,true,false,Brasil: Empresas de Pesquisa de Mercado 2026 | BioNixus,5 Melhores Empresas de Pesquisa de Mercado no Brasil (2026)
/bionixus-middle-east-africa,https://www.bionixus.com/bionixus-middle-east-africa,200,1972,true,false,true,false,"BioNixus Middle East &amp; Africa | Pharma Insights, RWE &amp; Market Research","BioNixus Middle East &amp; Africa — pharmaceutical insights, real-world evidence, and commercial research"
/pharmaceutical-companies-iran,https://www.bionixus.com/pharmaceutical-companies-iran,200,1974,true,false,true,false,Top 18 Pharmaceutical Companies in Iran (2026 Ranked List),Pharmaceutical Companies in Iran
/malaysia-medtech-market-research,https://www.bionixus.com/malaysia-medtech-market-research,200,1976,true,false,true,false,MedTech Market Research Company in Malaysia (2026) | MDA...,MedTech &amp; Medical Devices Market Research Company in Malaysia
/ru/services,https://www.bionixus.com/ru/services,200,1977,true,false,true,false,Фармацевтические исследования рынка: Россия и ЕАЭ | BioNixus,Фармацевтические и медицинские исследования рынка для России и ЕАЭС
/insights/top-market-research-companies-brazil-2026,https://www.bionixus.com/insights/top-market-research-companies-brazil-2026,200,1982,true,false,true,false,5 Best Market Research Companies in Brazil (2026) | BioNixus,5 Best Market Research Companies in Brazil (2026)
/denmark-medtech-market-research,https://www.bionixus.com/denmark-medtech-market-research,200,1985,true,false,true,false,MedTech Market Research Company in Denmark (2026) | Danish.,MedTech &amp; Medical Devices Market Research Company in Denmark
/spain-medtech-market-research,https://www.bionixus.com/spain-medtech-market-research,200,1987,true,false,true,false,MedTech Market Research Company in Spain (2026) | AEMPS...,MedTech &amp; Medical Devices Market Research Company in Spain
/switzerland-medtech-market-research,https://www.bionixus.com/switzerland-medtech-market-research,200,1989,true,false,true,false,MedTech Market Research Company in Switzerland (2026) |...,MedTech &amp; Medical Devices Market Research Company in Switzerland
/brazil-medtech-market-research,https://www.bionixus.com/brazil-medtech-market-research,200,1990,true,false,true,false,MedTech Market Research Company in Brazil (2026) | ANVISA...,MedTech &amp; Medical Devices Market Research Company in Brazil
/bahrain-healthcare-market-research,https://www.bionixus.com/bahrain-healthcare-market-research,200,1999,true,false,true,false,Healthcare Market Research in Bahrain 2026 | BioNixus,<em>Healthcare Providers &amp; Hospitals</em> market research company in <!-- -->Bahrain
/insights/top-market-research-companies-denmark-2026,https://www.bionixus.com/insights/top-market-research-companies-denmark-2026,200,2003,true,true,false,false,Top Market Research Companies in Denmark 2026 | BioNixus,Top Market Research Companies in Denmark (2026 Guide)
/es/methodology,https://www.bionixus.com/es/methodology,200,2005,true,true,false,false,Metodología de investigación de mercado sanitario | BioNixus,Metodología de investigación de mercado sanitario
/market-research-in-egypt,https://www.bionixus.com/market-research-in-egypt,200,2006,true,true,false,false,Market Research Companies in Egypt | BioNixus,Market Research Company in Egypt
/bahrain-biotech-market-research,https://www.bionixus.com/bahrain-biotech-market-research,200,2014,true,true,false,false,Biotech Market Research in Bahrain 2026 | BioNixus,<em>Biotech &amp; Life Sciences</em> market research company in <!-- -->Bahrain
/insights/best-global-market-research-companies-pharma-2026,https://www.bionixus.com/insights/best-global-market-research-companies-pharma-2026,200,2014,true,true,false,false,Best Global Market Research Companies for Pharma | BioNixus,Best Global Market Research Companies for Pharma (2026 Guide)
/gcc-pharmaceutical-market-research,https://www.bionixus.com/gcc-pharmaceutical-market-research,200,2017,true,true,false,false,GCC Biologics & Generic Injectables Market 2026 | BioNixus,GCC Biologics &amp; Generic Injectables Market Research 2026 — Precision Medicine &amp; Drug Repurposing
/insights/top-market-research-companies-iran-2026,https://www.bionixus.com/insights/top-market-research-companies-iran-2026,200,2017,true,true,false,false,5 Best Market Research Companies in Iran (2026) | Ranked,Best Market Research Companies in Iran (2026 Guide)
/kantar-health-alternative-gcc,https://www.bionixus.com/kantar-health-alternative-gcc,200,2017,true,true,false,false,Kantar Health Alternative in GCC & Middle East | BioNixus,Kantar Health Alternative for GCC and Middle East — BioNixus
/pharmaceutical-market-research-bahrain,https://www.bionixus.com/pharmaceutical-market-research-bahrain,200,2023,true,true,false,false,Healthcare Market Research Company in Bahrain | BioNixus,Healthcare &amp; Pharmaceutical Market Research Company in Bahrain
/bahrain-medtech-market-research,https://www.bionixus.com/bahrain-medtech-market-research,200,2024,true,true,false,false,MedTech Market Research in Bahrain 2026 | BioNixus,<em>MedTech &amp; Medical Devices</em> market research company in <!-- -->Bahrain
/fr/methodology,https://www.bionixus.com/fr/methodology,200,2029,true,true,false,false,Méthodologie des études de marché santé | BioNixus,Méthodologie des études de marché santé
/egypt-biotech-market-research,https://www.bionixus.com/egypt-biotech-market-research,200,2030,true,true,false,false,Biotech Market Research in Egypt 2026 | BioNixus,<em>Biotech &amp; Life Sciences</em> market research company in <!-- -->Egypt
/italy-medtech-market-research,https://www.bionixus.com/italy-medtech-market-research,200,2033,true,true,false,false,MedTech Market Research Company in Italy (2026) | AIFA / EU,MedTech &amp; Medical Devices Market Research Company in Italy
/gfk-alternative-egypt,https://www.bionixus.com/gfk-alternative-egypt,200,2034,true,true,false,false,GfK Alternative in Egypt — International Market Research | BioNixus,GfK Alternative in Egypt — International Market Research by BioNixus
/de,https://www.bionixus.com/de,200,2035,true,true,false,false,BioNixus | Pharma- & Gesundheitsmarktforschung Global,"Forschung, die<!-- --> <em class=""font-medium not-italic text-transparent bg-clip-text bg-gradient-to-br from-[#C9A84C] to-[#E4CC7A]"">Pharmazeutische Strategie prägt</em>"
/pt/methodology,https://www.bionixus.com/pt/methodology,200,2044,true,true,false,false,Metodologia de pesquisa de mercado em saúde | BioNixus,Metodologia de pesquisa de mercado em saúde
/uae-biotech-market-research,https://www.bionixus.com/uae-biotech-market-research,200,2044,true,true,false,false,Biotech Market Research in UAE 2026 | BioNixus,<em>Biotech &amp; Life Sciences</em> market research company in <!-- -->UAE
/qatar-healthcare-market-research,https://www.bionixus.com/qatar-healthcare-market-research,200,2047,true,true,false,false,Healthcare Market Research in Qatar 2026 | BioNixus,<em>Healthcare Providers &amp; Hospitals</em> market research company in <!-- -->Qatar
/new-zealand-medtech-market-research,https://www.bionixus.com/new-zealand-medtech-market-research,200,2049,true,true,false,false,MedTech Market Research Company in New Zealand (2026) |...,MedTech &amp; Medical Devices Market Research Company in New Zealand
/oman-healthcare-market-research,https://www.bionixus.com/oman-healthcare-market-research,200,2049,true,true,false,false,Healthcare Market Research in Oman 2026 | BioNixus,<em>Healthcare Providers &amp; Hospitals</em> market research company in <!-- -->Oman
/kuwait-healthcare-market-research,https://www.bionixus.com/kuwait-healthcare-market-research,200,2050,true,true,false,false,Healthcare Market Research in Kuwait 2026 | BioNixus,<em>Healthcare Providers &amp; Hospitals</em> market research company in <!-- -->Kuwait
/saudi-arabia-biologics-market,https://www.bionixus.com/saudi-arabia-biologics-market,200,2051,true,true,false,false,"Saudi Arabia Biologics Market 2026: Size, SFDA, Biosimilars","Saudi Arabia Biologics Market: Size, SFDA Access, NUPCO Tenders &amp; Biosimilar Uptake"
/pharmaceutical-market-research-jordan,https://www.bionixus.com/pharmaceutical-market-research-jordan,200,2052,true,true,false,false,Pharmaceutical Market Research Company in Jordan | BioNixus,Pharmaceutical Market Research Company in Jordan
/ar/market-research-egypt,https://www.bionixus.com/ar/market-research-egypt,200,2054,true,true,false,false,Market Research Egypt | BioNixus,أبحاث السوق في مصر
/south-korea-medtech-market-research,https://www.bionixus.com/south-korea-medtech-market-research,200,2054,true,true,false,false,MedTech Market Research Company in South Korea (2026) | MFD,MedTech &amp; Medical Devices Market Research Company in South Korea
/healthcare-market-research/singapore,https://www.bionixus.com/healthcare-market-research/singapore,200,2056,true,true,false,false,Healthcare Market Research Singapore | HSA Fieldw | BioNixus,Healthcare Market Research in Singapore
/pharmaceutical-market-research-dubai,https://www.bionixus.com/pharmaceutical-market-research-dubai,200,2057,true,true,false,false,Healthcare Market Research Dubai | Pharma Fieldwork UAE | BioNixus,Pharmaceutical Market Research Companies in Dubai — BioNixus UAE
/healthcare-market-research/norway,https://www.bionixus.com/healthcare-market-research/norway,200,2059,true,true,false,false,Healthcare Market Research Norway | NoMA & HTA | BioNixus,Pharmaceutical Market Research in Norway
/healthcare-market-research/services/qualitative-research,https://www.bionixus.com/healthcare-market-research/services/qualitative-research,200,2059,true,true,false,false,qualitative research Healthcare Research Service | BioNixus,Qualitative research research service
/ar/market-research-kuwait,https://www.bionixus.com/ar/market-research-kuwait,200,2060,true,true,false,false,أبحاث السوق في الكويت | BioNixus,أبحاث السوق في الكويت
/bahrain-consumer-health-market-research,https://www.bionixus.com/bahrain-consumer-health-market-research,200,2062,true,true,false,false,Consumer Health Market Research in Bahrain 2026 | BioNixus,<em>Consumer Health &amp; OTC</em> market research company in <!-- -->Bahrain
/egypt-consumer-health-market-research,https://www.bionixus.com/egypt-consumer-health-market-research,200,2063,true,true,false,false,Consumer Health Market Research in Egypt 2026 | BioNixus,<em>Consumer Health &amp; OTC</em> market research company in <!-- -->Egypt
/healthcare-market-research/japan,https://www.bionixus.com/healthcare-market-research/japan,200,2063,true,true,false,false,Healthcare Market Research Japan | PMDA Fieldwork | BioNixus,Pharmaceutical Market Research in Japan
/methodology,https://www.bionixus.com/methodology,200,2064,true,true,false,false,Market Research Methodology | Healthcare & Consumer,Market research methodology for healthcare and consumer industries
/singapore-medtech-market-research,https://www.bionixus.com/singapore-medtech-market-research,200,2064,true,true,false,false,MedTech Market Research Company in Singapore (2026) | HSA...,MedTech &amp; Medical Devices Market Research Company in Singapore
/healthcare-market-research/services/kol-mapping,https://www.bionixus.com/healthcare-market-research/services/kol-mapping,200,2065,true,true,false,false,kol mapping Healthcare Research Service | BioNixus,Kol mapping research service
/healthcare-market-research/therapy/cardiology,https://www.bionixus.com/healthcare-market-research/therapy/cardiology,200,2065,true,true,false,false,Cardiology Market Research | BioNixus,Cardiology market research
/china-medtech-market-research,https://www.bionixus.com/china-medtech-market-research,200,2066,true,true,false,false,MedTech Market Research Company in China (2026) | NMPA...,MedTech &amp; Medical Devices Market Research Company in China
/kuwait-biotech-market-research,https://www.bionixus.com/kuwait-biotech-market-research,200,2066,true,true,false,false,Biotech Market Research in Kuwait 2026 | BioNixus,<em>Biotech &amp; Life Sciences</em> market research company in <!-- -->Kuwait
/egypt-medtech-market-research,https://www.bionixus.com/egypt-medtech-market-research,200,2068,true,true,false,false,MedTech Market Research in Egypt 2026 | BioNixus,<em>MedTech &amp; Medical Devices</em> market research company in <!-- -->Egypt
/healthcare-market-research/services/quantitative-research,https://www.bionixus.com/healthcare-market-research/services/quantitative-research,200,2069,true,true,false,false,quantitative research Healthcare Research Service | BioNixus,Quantitative research research service
/uae-consumer-health-market-research,https://www.bionixus.com/uae-consumer-health-market-research,200,2069,true,true,false,false,Consumer Health Market Research in UAE 2026 | BioNixus,<em>Consumer Health &amp; OTC</em> market research company in <!-- -->UAE
/healthcare-market-research/therapy/aesthetic-medicine,https://www.bionixus.com/healthcare-market-research/therapy/aesthetic-medicine,200,2072,true,true,false,false,Aesthetic Medicine Market Research | BioNixus,Aesthetic medicine market research
/uae-medtech-market-research,https://www.bionixus.com/uae-medtech-market-research,200,2072,true,true,false,false,MedTech Market Research in UAE 2026 | BioNixus,<em>MedTech &amp; Medical Devices</em> market research company in <!-- -->UAE
/qatar-biotech-market-research,https://www.bionixus.com/qatar-biotech-market-research,200,2073,true,true,false,false,Biotech Market Research in Qatar 2026 | BioNixus,<em>Biotech &amp; Life Sciences</em> market research company in <!-- -->Qatar
/healthcare-market-research/therapy/respiratory,https://www.bionixus.com/healthcare-market-research/therapy/respiratory,200,2074,true,true,false,false,Respiratory Market Research | BioNixus,Respiratory market research
/insights/top-market-research-companies-ghana-2026,https://www.bionixus.com/insights/top-market-research-companies-ghana-2026,200,2074,true,true,false,false,Top Market Research Companies in Ghana 2026 | BioNixus,Best Market Research Companies in Ghana (2026 Guide)
/kuwait-medtech-market-research,https://www.bionixus.com/kuwait-medtech-market-research,200,2074,true,true,false,false,MedTech Market Research in Kuwait 2026 | BioNixus,<em>MedTech &amp; Medical Devices</em> market research company in <!-- -->Kuwait
/market-research-saudi-arabia-pharmaceutical,https://www.bionixus.com/market-research-saudi-arabia-pharmaceutical,200,2074,true,true,false,false,Pharma Market Research Company Saudi Arabia | BioNixus,Pharma Market Research Company in Saudi Arabia
/saudi-arabia-next-generation-sequencing-market,https://www.bionixus.com/saudi-arabia-next-generation-sequencing-market,200,2077,true,true,false,false,Saudi Arabia Next Generation Sequencing Market | BioNixus,"Saudi Arabia Next Generation Sequencing Market: Capability, Adoption and Access Research"
/healthcare-market-research/spain,https://www.bionixus.com/healthcare-market-research/spain,200,2078,true,true,false,false,Healthcare Market Research Spain | AEMPS Fieldwor | BioNixus,Pharmaceutical Market Research in Spain
/insights/top-market-research-companies-south-korea-2026,https://www.bionixus.com/insights/top-market-research-companies-south-korea-2026,200,2078,true,true,false,false,Top Market Research Companies in South Korea 2026 | BioNixus,Top Market Research Companies in South Korea (2026 Guide)
/healthcare-market-research/france,https://www.bionixus.com/healthcare-market-research/france,200,2079,true,true,false,false,Healthcare Market Research France | HAS & ANSM | BioNixus,Pharmaceutical Market Research in France
/oman-biotech-market-research,https://www.bionixus.com/oman-biotech-market-research,200,2082,true,true,false,false,Biotech Market Research in Oman 2026 | BioNixus,<em>Biotech &amp; Life Sciences</em> market research company in <!-- -->Oman
/saudi-arabia-biomarkers-market,https://www.bionixus.com/saudi-arabia-biomarkers-market,200,2082,true,true,false,false,Saudi Arabia Biomarkers Market Research Services | BioNixus,"Saudi Arabia Biomarkers Market: Adoption, Infrastructure and Evidence Research"
/france-medtech-market-research,https://www.bionixus.com/france-medtech-market-research,200,2083,true,true,false,false,MedTech Market Research Company in France (2026) | ANSM...,MedTech &amp; Medical Devices Market Research Company in France
/qatar-personalized-medicine-market,https://www.bionixus.com/qatar-personalized-medicine-market,200,2084,true,true,false,false,Qatar Personalized Medicine Market: Genomics & Access,"Qatar Personalized Medicine Market: Genomics, Precision Oncology &amp; Access Intelligence"
/saudi-arabia-plasma-fractionation-market,https://www.bionixus.com/saudi-arabia-plasma-fractionation-market,200,2085,true,true,false,false,Saudi Arabia Plasma Fractionation Market Research | BioNixus,Saudi Arabia Plasma Fractionation Market: Demand and Supply Research
/egypt-healthcare-market-report,https://www.bionixus.com/egypt-healthcare-market-report,200,2087,true,true,false,false,"Egypt Healthcare Market 2026: Size, UHI Rollout & Forecast","Egypt Healthcare Market Report 2026: Pharmaceutical Intelligence, UHI Access, and EDA Registration"
/healthcare-market-research/germany,https://www.bionixus.com/healthcare-market-research/germany,200,2088,true,true,false,false,Healthcare Market Research Germany | AMNOG & G-BA | BioNixus,Pharmaceutical Market Research in Germany
/healthcare-market-research/services/physician-insights,https://www.bionixus.com/healthcare-market-research/services/physician-insights,200,2088,true,true,false,false,physician insights Healthcare Research Service | BioNixus,Physician insights research service
/pharmaceutical-market-research-oman,https://www.bionixus.com/pharmaceutical-market-research-oman,200,2088,true,true,false,false,Pharmaceutical Market Research Company in Oman | BioNixus,Healthcare &amp; Pharmaceutical Market Research Company in Oman
/oman-medtech-market-research,https://www.bionixus.com/oman-medtech-market-research,200,2089,true,true,false,false,MedTech Market Research in Oman 2026 | BioNixus,<em>MedTech &amp; Medical Devices</em> market research company in <!-- -->Oman
/insights/top-market-research-companies-new-zealand-2026,https://www.bionixus.com/insights/top-market-research-companies-new-zealand-2026,200,2092,true,true,false,false,Top Market Research Companies in New Zealand 2026 | BioNixus,Top Market Research Companies in New Zealand (2026 Guide)
/saudi-arabia-genetic-testing-market,https://www.bionixus.com/saudi-arabia-genetic-testing-market,200,2098,true,true,false,false,Saudi Arabia Genetic Testing Market Research | BioNixus,"Saudi Arabia Genetic Testing Market: Screening, Rare Disease and Access Research"
/es/services,https://www.bionixus.com/es/services,200,2100,true,true,false,false,Investigación de mercado farmacéutico en España | BioNixus,Investigación de mercado farmacéutico y sanitario para España y Europa
/qatar-medtech-market-research,https://www.bionixus.com/qatar-medtech-market-research,200,2103,true,true,false,false,MedTech Market Research in Qatar 2026 | BioNixus,<em>MedTech &amp; Medical Devices</em> market research company in <!-- -->Qatar
/insights/top-market-research-companies-ethiopia-2026,https://www.bionixus.com/insights/top-market-research-companies-ethiopia-2026,200,2108,true,true,false,false,Top Market Research Companies in Ethiopia 2026 | BioNixus,Best Market Research Companies in Ethiopia (2026 Guide)
/saudi-arabia-cancer-immunotherapy-market,https://www.bionixus.com/saudi-arabia-cancer-immunotherapy-market,200,2108,true,true,false,false,Saudi Arabia Cancer Immunotherapy Market Research | BioNixus,Saudi Arabia Cancer Immunotherapy Market: Access and Prescribing Research
/healthcare-market-research/algeria,https://www.bionixus.com/healthcare-market-research/algeria,200,2110,true,true,false,false,Healthcare Market Research in Algeria | BioNixus,Pharmaceutical Market Research in Algeria
/healthcare-market-research/iraq,https://www.bionixus.com/healthcare-market-research/iraq,200,2110,true,true,false,false,Healthcare Market Research in Iraq | BioNixus,Pharmaceutical Market Research in Iraq
/healthcare-market-research/jordan,https://www.bionixus.com/healthcare-market-research/jordan,200,2110,true,true,false,false,Healthcare Market Research in Jordan | BioNixus,Pharmaceutical Market Research in Jordan
/healthcare-market-research/lebanon,https://www.bionixus.com/healthcare-market-research/lebanon,200,2110,true,true,false,false,Healthcare Market Research in Lebanon | BioNixus,Pharmaceutical Market Research in Lebanon
/healthcare-market-research/morocco,https://www.bionixus.com/healthcare-market-research/morocco,200,2110,true,true,false,false,Healthcare Market Research in Morocco | BioNixus,Pharmaceutical Market Research in Morocco
/healthcare-market-research/tunisia,https://www.bionixus.com/healthcare-market-research/tunisia,200,2110,true,true,false,false,Healthcare Market Research in Tunisia | BioNixus,Pharmaceutical Market Research in Tunisia
/healthcare-market-research/denmark,https://www.bionixus.com/healthcare-market-research/denmark,200,2112,true,true,false,false,Healthcare Market Research in Denmark | BioNixus,Pharmaceutical Market Research in Denmark
/healthcare-market-research/switzerland,https://www.bionixus.com/healthcare-market-research/switzerland,200,2112,true,true,false,false,Healthcare Market Research in Switzerland | BioNixus,Pharmaceutical Market Research in Switzerland
/healthcare-market-research/turkey,https://www.bionixus.com/healthcare-market-research/turkey,200,2112,true,true,false,false,Healthcare Market Research Turkey | TITCK Fieldwo | BioNixus,Healthcare Market Research in Turkey
/biosimilar-market-entry-saudi-arabia,https://www.bionixus.com/biosimilar-market-entry-saudi-arabia,200,2113,true,true,false,false,"Saudi Arabia Biosimilar Market 2026: Size, SFDA &amp; Entry","Saudi Arabia Biosimilar Market 2026: Size, SFDA Pathway and Entry Strategy"
/healthcare-market-research/australia,https://www.bionixus.com/healthcare-market-research/australia,200,2113,true,true,false,false,Healthcare Market Research in Australia | BioNixus,Pharmaceutical Market Research in Australia
/healthcare-market-research/china,https://www.bionixus.com/healthcare-market-research/china,200,2113,true,true,false,false,Healthcare Market Research in China | BioNixus,Pharmaceutical Market Research in China
/healthcare-market-research/india,https://www.bionixus.com/healthcare-market-research/india,200,2113,true,true,false,false,Healthcare Market Research in India | BioNixus,Pharmaceutical Market Research in India
/healthcare-market-research/sweden,https://www.bionixus.com/healthcare-market-research/sweden,200,2114,true,true,false,false,Healthcare Market Research in Sweden | BioNixus,Pharmaceutical Market Research in Sweden
/healthcare-market-research/kenya,https://www.bionixus.com/healthcare-market-research/kenya,200,2115,true,true,false,false,Healthcare Market Research in Kenya | BioNixus,Pharmaceutical Market Research in Kenya
/healthcare-market-research/libya,https://www.bionixus.com/healthcare-market-research/libya,200,2115,true,true,false,false,Healthcare Market Research in Libya | BioNixus,Pharmaceutical Market Research in Libya
/healthcare-market-research/mexico,https://www.bionixus.com/healthcare-market-research/mexico,200,2115,true,true,false,false,Healthcare Market Research in Mexico | BioNixus,Pharmaceutical Market Research in Mexico
/healthcare-market-research/nigeria,https://www.bionixus.com/healthcare-market-research/nigeria,200,2115,true,true,false,false,Healthcare Market Research in Nigeria | BioNixus,Pharmaceutical Market Research in Nigeria
/insights/best-rare-disease-market-research-companies-2026,https://www.bionixus.com/insights/best-rare-disease-market-research-companies-2026,200,2116,true,true,false,false,Best Rare Disease Market Research Companies 2026 | BioNixus,Best Rare Disease Market Research Companies (2026)
/saudi-arabia-biocatalyst-market,https://www.bionixus.com/saudi-arabia-biocatalyst-market,200,2117,true,true,false,false,Saudi Arabia Biocatalyst Market Research | BioNixus,Saudi Arabia Biocatalyst Market: Enzyme Adoption and Process Research
/saudi-arabia-biotech-market-research,https://www.bionixus.com/saudi-arabia-biotech-market-research,200,2117,true,true,false,false,Biotech Market Research in Saudi Arabia 2026 | BioNixus,<em>Biotech &amp; Life Sciences</em> market research company in <!-- -->Saudi Arabia
/insights/top-market-research-companies-tanzania-2026,https://www.bionixus.com/insights/top-market-research-companies-tanzania-2026,200,2119,true,true,false,false,Top Market Research Companies in Tanzania 2026 | BioNixus,Best Market Research Companies in Tanzania (2026 Guide)
/bionixus-market-research-middle-east,https://www.bionixus.com/bionixus-market-research-middle-east,200,2120,true,true,false,false,Middle East Pharmaceutical Market Research | BioNixus,Middle East Pharmaceutical Market Research That Moves GCC Launch Decisions Faster
/qatar-consumer-health-market-research,https://www.bionixus.com/qatar-consumer-health-market-research,200,2120,true,true,false,false,Consumer Health Market Research in Qatar 2026 | BioNixus,<em>Consumer Health &amp; OTC</em> market research company in <!-- -->Qatar
/saudi-arabia-cancer-biomarkers-market,https://www.bionixus.com/saudi-arabia-cancer-biomarkers-market,200,2121,true,true,false,false,Saudi Arabia Cancer Biomarkers Market Research | BioNixus,Saudi Arabia Cancer Biomarkers Market: Testing Pathways and Launch Research
/oman-consumer-health-market-research,https://www.bionixus.com/oman-consumer-health-market-research,200,2122,true,true,false,false,Consumer Health Market Research in Oman 2026 | BioNixus,<em>Consumer Health &amp; OTC</em> market research company in <!-- -->Oman
/kuwait-consumer-health-market-research,https://www.bionixus.com/kuwait-consumer-health-market-research,200,2123,true,true,false,false,Consumer Health Market Research in Kuwait 2026 | BioNixus,<em>Consumer Health &amp; OTC</em> market research company in <!-- -->Kuwait
/gcc-nutraceuticals-market,https://www.bionixus.com/gcc-nutraceuticals-market,200,2124,true,true,false,false,GCC Nutraceuticals Market Research & Insights | BioNixus,"GCC Nutraceuticals Market: Supplements, Claims &amp; Channel Intelligence"
/fr/services,https://www.bionixus.com/fr/services,200,2128,true,true,false,false,Études de marché pharmaceutiques France & Europe | BioNixus,Études de marché pharmaceutiques et santé pour la France et l&#x27;Europe
/ar/market-research-saudi,https://www.bionixus.com/ar/market-research-saudi,200,2131,true,true,false,false,أبحاث السوق السعودية | BioNixus,أبحاث السوق في السعودية
/saudi-arabia-medical-devices-market-report,https://www.bionixus.com/saudi-arabia-medical-devices-market-report,200,2131,true,true,false,false,Saudi Arabia Medical Devices Market 2026 | SFDA & Vision 2030,Saudi Arabia Medical Devices Market Report 2026: Hospital Consumption and Commercial Intelligence
/healthcare-market-research/therapy/oncology,https://www.bionixus.com/healthcare-market-research/therapy/oncology,200,2132,true,true,false,false,Oncology Market Research | BioNixus,Oncology market research
/saudi-arabia-in-vitro-diagnostics-market,https://www.bionixus.com/saudi-arabia-in-vitro-diagnostics-market,200,2132,true,true,false,false,Saudi Arabia In-Vitro Diagnostics (IVD) Market | BioNixus,"Saudi Arabia In-Vitro Diagnostics (IVD) Market: Registration, Tender and Channel Research"
/healthcare-market-research/brazil,https://www.bionixus.com/healthcare-market-research/brazil,200,2134,true,true,false,false,Healthcare Market Research in Brazil | BioNixus,Pharmaceutical Market Research in Brazil
/healthcare-market-research/italy,https://www.bionixus.com/healthcare-market-research/italy,200,2135,true,true,false,false,Healthcare Market Research in Italy | BioNixus,Pharmaceutical Market Research in Italy
/middle-east-in-vitro-diagnostics-market,https://www.bionixus.com/middle-east-in-vitro-diagnostics-market,200,2135,true,true,false,false,Middle East In Vitro Diagnostics Market Research | BioNixus,Middle East In Vitro Diagnostics Market: Laboratory &amp; Tender Intelligence
/middle-east-biologics-market,https://www.bionixus.com/middle-east-biologics-market,200,2138,true,true,false,false,Middle East Biologics Market Research & Access | BioNixus,"Middle East Biologics Market: Access, Biosimilars &amp; Prescriber Intelligence"
/japan-medtech-market-research,https://www.bionixus.com/japan-medtech-market-research,200,2139,true,true,false,false,MedTech Market Research Company in Japan (2026) | PMDA...,MedTech &amp; Medical Devices Market Research Company in Japan
/germany-medtech-market-research,https://www.bionixus.com/germany-medtech-market-research,200,2144,true,true,false,false,MedTech Market Research Company in Germany (2026) | BfArM /,MedTech &amp; Medical Devices Market Research Company in Germany
/pharmaceutical-market-research-kuwait,https://www.bionixus.com/pharmaceutical-market-research-kuwait,200,2144,true,true,false,false,Pharmaceutical Market Research Company in Kuwait | BioNixus,Pharmaceutical Market Research Company in Kuwait
/saudi-arabia-diagnostic-testing-market,https://www.bionixus.com/saudi-arabia-diagnostic-testing-market,200,2150,true,true,false,false,Saudi Arabia Diagnostic Testing Market Research | BioNixus,"Saudi Arabia Diagnostic Testing Market: Demand, Pathways and Payer Research"
/gcc-obesity-market,https://www.bionixus.com/gcc-obesity-market,200,2151,true,true,false,false,GCC Obesity Market Research — GLP-1 & Bariatric | BioNixus,"GCC Obesity Market: GLP-1 Access, Bariatric Care &amp; Payer Intelligence"
/market-research-bahrain,https://www.bionixus.com/market-research-bahrain,200,2151,true,true,false,false,Market Research Bahrain | Pharma & Healthcare | BioNixus,Market Research in Bahrain
/es/insights/top-empresas-investigacion-mercado-salud-argentina-2026,https://www.bionixus.com/es/insights/top-empresas-investigacion-mercado-salud-argentina-2026,200,2152,true,true,false,false,Argentina: Investigación de Mercado en Salud 2026 | BioNixus,5 Mejores Empresas de Investigación de Mercado en Salud en Argentina (2026)
/healthcare-market-research/services/market-access,https://www.bionixus.com/healthcare-market-research/services/market-access,200,2152,true,true,false,false,market access Healthcare Research Service | BioNixus,Market access research service
/saudi-arabia-api-market,https://www.bionixus.com/saudi-arabia-api-market,200,2152,true,true,false,false,Saudi Arabia API Market Research | BioNixus,Saudi Arabia API Market: Active Pharmaceutical Ingredient Research
/healthcare-market-research/canada,https://www.bionixus.com/healthcare-market-research/canada,200,2153,true,true,false,false,Healthcare Market Research in Canada | BioNixus,Pharmaceutical Market Research in Canada
/market-research-in-uae,https://www.bionixus.com/market-research-in-uae,200,2156,true,true,false,false,Research Companies in UAE | Market Research | BioNixus,Market Research Company in the UAE
/market-research-oman,https://www.bionixus.com/market-research-oman,200,2156,true,true,false,false,Market Research Oman | Pharma & Healthcare | BioNixus,Market Research in Oman
/market-research-kuwait,https://www.bionixus.com/market-research-kuwait,200,2158,true,true,false,false,Market Research Kuwait | Pharma & Healthcare | BioNixus,Market Research Kuwait
/saudi-arabia-home-diagnostic-testing-market,https://www.bionixus.com/saudi-arabia-home-diagnostic-testing-market,200,2158,true,true,false,false,Saudi Arabia Home Diagnostic Testing Market | BioNixus,"Saudi Arabia Home Diagnostic Testing Market: Consumer, Channel and Regulatory Research"
/saudi-arabia-molecular-diagnostics-market,https://www.bionixus.com/saudi-arabia-molecular-diagnostics-market,200,2158,true,true,false,false,Saudi Arabia Molecular Diagnostics Market | BioNixus,Saudi Arabia Molecular Diagnostics Market: Assay Adoption and Commercial Research
/gcc-intravenous-solutions-market,https://www.bionixus.com/gcc-intravenous-solutions-market,200,2161,true,true,false,false,GCC Intravenous Solutions Market Research | BioNixus,"GCC Intravenous Solutions Market: Tender, Supply &amp; Manufacturing Intelligence"
/healthcare-market-research/south-korea,https://www.bionixus.com/healthcare-market-research/south-korea,200,2161,true,true,false,false,Healthcare Market Research in South Korea | BioNixus,Pharmaceutical Market Research in South Korea
/saudi-arabia-consumer-health-market-research,https://www.bionixus.com/saudi-arabia-consumer-health-market-research,200,2161,true,true,false,false,Consumer Health Market Research in Saudi Arabia 2 | BioNixus,<em>Consumer Health &amp; OTC</em> market research company in <!-- -->Saudi Arabia
/market-research-qatar,https://www.bionixus.com/market-research-qatar,200,2162,true,true,false,false,Market Research Qatar | Pharma & Healthcare | BioNixus,Market Research in Qatar
/healthcare-market-research/south-africa,https://www.bionixus.com/healthcare-market-research/south-africa,200,2163,true,true,false,false,Healthcare Market Research in South Africa | BioNixus,Pharmaceutical Market Research in South Africa
/gcc-medical-tourism-market,https://www.bionixus.com/gcc-medical-tourism-market,200,2164,true,true,false,false,GCC Medical Tourism Market Research | BioNixus,GCC Medical Tourism Market: Inbound &amp; Outbound Patient Flow Intelligence
/insights/top-healthcare-market-research-companies-colombia-2026,https://www.bionixus.com/insights/top-healthcare-market-research-companies-colombia-2026,200,2166,true,true,false,false,5 Best Healthcare Market Research Firms in Colombia (2026),Best Healthcare Market Research Companies in Colombia (2026 Guide)
/healthcare-market-research/bahrain,https://www.bionixus.com/healthcare-market-research/bahrain,200,2168,true,true,false,false,Healthcare Market Research Bahrain | NHRA Fieldwo | BioNixus,Healthcare Market Research in Bahrain
/insights/top-market-research-companies-italy-2026,https://www.bionixus.com/insights/top-market-research-companies-italy-2026,200,2170,true,true,false,false,Top Market Research Companies in Italy 2026 | BioNixus Rank,Top Market Research Companies in Italy (2026 Guide)
/saudi-arabia-medtech-market-research,https://www.bionixus.com/saudi-arabia-medtech-market-research,200,2173,true,true,false,false,MedTech Market Research in Saudi Arabia 2026 | BioNixus,<em>MedTech &amp; Medical Devices</em> market research company in <!-- -->Saudi Arabia
/insights/top-healthcare-market-research-companies-mexico-2026,https://www.bionixus.com/insights/top-healthcare-market-research-companies-mexico-2026,200,2175,true,true,false,false,Top Healthcare Market Research Companies in Mexic | BioNixus,Best Healthcare Market Research Companies in Mexico (2026 Guide)
/insights/top-market-research-companies-uganda-2026,https://www.bionixus.com/insights/top-market-research-companies-uganda-2026,200,2176,true,true,false,false,Top Market Research Companies in Uganda 2026 | BioNixus,Best Market Research Companies in Uganda (2026 Guide)
/market-research-egypt,https://www.bionixus.com/market-research-egypt,200,2176,true,true,false,false,Market Research Egypt | Pharma & Healthcare | BioNixus,Market Research Egypt
/insights/top-market-research-companies-angola-2026,https://www.bionixus.com/insights/top-market-research-companies-angola-2026,200,2177,true,true,false,false,5 Best Market Research Companies in Angola (2026 Ranked),Best Market Research Companies in Angola (2026 Guide)
/saudi-arabia-cell-therapy-market,https://www.bionixus.com/saudi-arabia-cell-therapy-market,200,2178,true,true,false,false,Saudi Arabia Cell Therapy Market Research | BioNixus,"Saudi Arabia Cell Therapy Market: Capability, Access and Demand Research"
/middle-east-biomarkers-market,https://www.bionixus.com/middle-east-biomarkers-market,200,2180,true,true,false,false,Middle East Biomarkers Market Research & Insights | BioNixus,Middle East Biomarkers Market: Testing Adoption &amp; Access Intelligence
/ar/market-research-ksa,https://www.bionixus.com/ar/market-research-ksa,200,2182,true,true,false,false,أبحاث السوق في المملكة العربية السعودية (KSA) | BioNixus,أبحاث السوق في السعودية (KSA)
/healthcare-market-research/oman,https://www.bionixus.com/healthcare-market-research/oman,200,2188,true,true,false,false,Healthcare Market Research Oman | MOH Fieldwork | BioNixus,Healthcare Market Research in Oman
/pt/insights/top-empresas-pesquisa-mercado-saude-brasil-2026,https://www.bionixus.com/pt/insights/top-empresas-pesquisa-mercado-saude-brasil-2026,200,2189,true,true,false,false,Brasil: Empresas de Pesquisa de Mercado em Saúde | BioNixus,5 Melhores Empresas de Pesquisa de Mercado em Saúde no Brasil (2026)
/ru,https://www.bionixus.com/ru,200,2189,true,true,false,false,BioNixus | Маркетинговые исследования Pharma и Healthcare,"Исследования, формирующие<!-- --> <em class=""font-medium not-italic text-transparent bg-clip-text bg-gradient-to-br from-[#C9A84C] to-[#E4CC7A]"">вашу стратегию</em>"
/insights/top-healthcare-market-research-companies-brazil-2026,https://www.bionixus.com/insights/top-healthcare-market-research-companies-brazil-2026,200,2193,true,true,false,false,Healthcare Market Research Companies Brazil 2026 | BioNixus,Healthcare Market Research Companies Brazil (2026)
/healthcare-market-research/dubai,https://www.bionixus.com/healthcare-market-research/dubai,200,2197,true,true,false,false,Healthcare Market Research Dubai | BioNixus,Pharmaceutical Market Research in Dubai
/saudi-arabia-precision-medicine-market,https://www.bionixus.com/saudi-arabia-precision-medicine-market,200,2201,true,true,false,false,Saudi Arabia Precision Medicine Market Research | BioNixus,"Saudi Arabia Precision Medicine Market: Testing, Access and Adoption Research"
/pt/services,https://www.bionixus.com/pt/services,200,2202,true,true,false,false,Pesquisa de Mercado Farmacêutico no Brasil e LATA | BioNixus,Pesquisa de mercado farmacêutico e de saúde para o Brasil e a América Latina
/saudi-arabia-regenerative-medicine-market,https://www.bionixus.com/saudi-arabia-regenerative-medicine-market,200,2203,true,true,false,false,Saudi Arabia Regenerative Medicine Market | BioNixus,Saudi Arabia Regenerative Medicine Market: Adoption and Access Research
/gcc-tablet-market,https://www.bionixus.com/gcc-tablet-market,200,2204,true,true,false,false,GCC Tablet Market Research — Oral Solid Dose | BioNixus,GCC Tablet Market: Oral Solid Dose Manufacturing &amp; Supply Intelligence
/insights/top-market-research-companies-riyadh-2026,https://www.bionixus.com/insights/top-market-research-companies-riyadh-2026,200,2204,true,true,false,false,6 Best Market Research Companies in Riyadh (2026) | BioNixus,6 Best Market Research Companies in Riyadh (2026 Rankings)
/insights/top-market-research-companies-south-africa-2026,https://www.bionixus.com/insights/top-market-research-companies-south-africa-2026,200,2204,true,true,false,false,Top Market Research Companies in South Africa 202 | BioNixus,Best Market Research Companies in South Africa (2026 Guide)
/insights/top-market-research-companies-dubai-2026,https://www.bionixus.com/insights/top-market-research-companies-dubai-2026,200,2205,true,true,false,false,6 Best Market Research Companies in Dubai (2026) | Ranked Guide,6 Best Market Research Companies in Dubai (2026 Rankings)
/healthcare-market-research/qatar,https://www.bionixus.com/healthcare-market-research/qatar,200,2208,true,true,false,false,Healthcare Market Research Qatar | MOPH Fieldwork | BioNixus,Healthcare Market Research in Qatar
/saudi-arabia-pharmaceutical-packaging-market,https://www.bionixus.com/saudi-arabia-pharmaceutical-packaging-market,200,2209,true,true,false,false,Saudi Arabia Pharmaceutical Packaging Market | BioNixus,Saudi Arabia Pharmaceutical Packaging Market: Supply Chain and Compliance Research
/healthcare-market-research/jeddah,https://www.bionixus.com/healthcare-market-research/jeddah,200,2213,true,true,false,false,Healthcare Market Research in Jeddah | BioNixus,Pharmaceutical Market Research in Jeddah
/australia-medtech-market-research,https://www.bionixus.com/australia-medtech-market-research,200,2216,true,true,false,false,MedTech Market Research Company in Australia (2026) | TGA...,MedTech &amp; Medical Devices Market Research Company in Australia
/healthcare-market-research/therapy/rare-diseases,https://www.bionixus.com/healthcare-market-research/therapy/rare-diseases,200,2216,true,true,false,false,Rare Disease & Orphan Drug Market Research | BioNixus,Rare disease market research
/pharmaceutical-companies-bahrain,https://www.bionixus.com/pharmaceutical-companies-bahrain,200,2216,true,true,false,false,Top 16 Pharmaceutical Companies in Bahrain (2026 Ranked),Pharmaceutical Companies in Bahrain
/skyrizi-tops-julys-pharma-rankings-and-what-it-means-for-omnichannel-engagement,https://www.bionixus.com/skyrizi-tops-julys-pharma-rankings-and-what-it-means-for-omnichannel-engagement,200,2222,true,true,false,false,Skyrizi July Rankings: Omnichannel Lessons | BioNixus,Skyrizi Tops July&#x27;s Pharma Rankings — and What It Means for Omnichannel Engagement
/gcc-biopharmaceuticals-market,https://www.bionixus.com/gcc-biopharmaceuticals-market,200,2226,true,true,false,false,GCC Biopharmaceuticals Market — Biologics | BioNixus,GCC Biopharmaceuticals Market: Biologics &amp; Localization Intelligence
/healthcare-market-research/riyadh,https://www.bionixus.com/healthcare-market-research/riyadh,200,2227,true,true,false,false,Healthcare Market Research in Riyadh | BioNixus,Pharmaceutical Market Research in Riyadh
/market-research,https://www.bionixus.com/market-research,200,2227,true,true,false,false,Market Research Services Hub | BioNixus,"Market research for <em>healthcare, pharma &amp; industry</em>"
/usa-healthcare-market-report,https://www.bionixus.com/usa-healthcare-market-report,200,2228,true,true,false,false,USA Healthcare Market Research Report 2026 | BioNixus,"USA Healthcare Market Report 2026: FDA Approval, Medicare IRA Negotiations, and Commercial Market Intelligence"
/saudi-arabia-obesity-market,https://www.bionixus.com/saudi-arabia-obesity-market,200,2230,true,true,false,false,Saudi Arabia Obesity Market & GLP-1 Access | BioNixus,"Saudi Arabia Obesity Market: GLP-1 Access, Bariatric Surgery, and Patient Journey Research"
/egypt-financial-services-market-research,https://www.bionixus.com/egypt-financial-services-market-research,200,2231,true,true,false,false,Financial Services Market Research in Egypt 2026 | BioNixus,<em>Financial Services &amp; Banking</em> market research company in <!-- -->Egypt
/saudi-arabia-skincare-market,https://www.bionixus.com/saudi-arabia-skincare-market,200,2237,true,true,false,false,Saudi Arabia Skincare Market Research & Insights | BioNixus,"Saudi Arabia Skincare Market: Consumer, Shopper, and Dermocosmetic Research"
/healthcare-market-research/abu-dhabi,https://www.bionixus.com/healthcare-market-research/abu-dhabi,200,2238,true,true,false,false,Healthcare Market Research in Abu Dhabi | BioNixus,Pharmaceutical Market Research in Abu Dhabi
/insights/top-market-research-companies-abu-dhabi-2026,https://www.bionixus.com/insights/top-market-research-companies-abu-dhabi-2026,200,2239,true,true,false,false,6 Best Market Research Companies in Abu Dhabi (20 | BioNixus,6 Best Market Research Companies in Abu Dhabi (2026 Rankings)
/insights/top-market-research-companies-nigeria-2026,https://www.bionixus.com/insights/top-market-research-companies-nigeria-2026,200,2241,true,true,false,false,Top Market Research Companies in Nigeria 2026 | BioNixus,Best Market Research Companies in Nigeria (2026 Guide)
/gcc-pharmacy-market,https://www.bionixus.com/gcc-pharmacy-market,200,2242,true,true,false,false,"GCC Pharmacy Market Research — Retail, E-Pharmacy | BioNixus","GCC Pharmacy Market: Retail, E-Pharmacy &amp; Community Intelligence"
/gcc-personalized-medicine-market,https://www.bionixus.com/gcc-personalized-medicine-market,200,2249,true,true,false,false,GCC Personalized Medicine Market — Genomics | BioNixus,GCC Personalized Medicine Market: Genomics &amp; Precision Intelligence
/gcc-clinical-trials-market,https://www.bionixus.com/gcc-clinical-trials-market,200,2251,true,true,false,false,GCC Clinical Trials Market — Site Feasibility | BioNixus,GCC Clinical Trials Market: Feasibility &amp; Landscape Intelligence
/market-research-saudi,https://www.bionixus.com/market-research-saudi,200,2252,true,true,false,false,Market Research Saudi | Pharma & Healthcare | BioNixus,Market Research Saudi
/insights/top-healthcare-market-research-companies-chile-2026,https://www.bionixus.com/insights/top-healthcare-market-research-companies-chile-2026,200,2253,true,true,false,false,Top Healthcare Market Research Companies in Chile | BioNixus,Best Healthcare Market Research Companies in Chile (2026 Guide)
/kuwait-obesity-market,https://www.bionixus.com/kuwait-obesity-market,200,2265,true,true,false,false,Kuwait Obesity Market Insights: Access & Demand | BioNixus,"Kuwait Obesity Market Insights: Access, Procurement, and Patient Pathways"
/gcc-generic-injectables-market,https://www.bionixus.com/gcc-generic-injectables-market,200,2268,true,true,false,false,GCC Generic Injectables Market Research & Intelli | BioNixus,GCC Generic Injectables Market: Research &amp; Commercial Intelligence
/saudi-arabia-plasma-fractional-laser-market,https://www.bionixus.com/saudi-arabia-plasma-fractional-laser-market,200,2268,true,true,false,false,Saudi Arabia Plasma Fractional Laser Market | BioNixus,Saudi Arabia Plasma Fractional Laser Market: Device Demand and Clinic Purchasing Research
/bionixus-uae-oncology-insights,https://www.bionixus.com/bionixus-uae-oncology-insights,200,2269,true,true,false,false,BioNixus UAE Oncology Insights & Research,"BioNixus UAE Oncology Insights: Programmes, Payer Pathways, and Evidence"
/insights/top-market-research-companies-france-2026,https://www.bionixus.com/insights/top-market-research-companies-france-2026,200,2277,true,true,false,false,Top Market Research Companies in France 2026 | BioNixus Ran,Top Market Research Companies in France (2026 Guide)
/saudi-arabia-home-infusion-therapy-market,https://www.bionixus.com/saudi-arabia-home-infusion-therapy-market,200,2278,true,true,false,false,Saudi Arabia Home Infusion Therapy Market | BioNixus,"Saudi Arabia Home Infusion Therapy Market: Provider, Payer, and Clinical Research"
/ar/healthcare-market-research/saudi-arabia,https://www.bionixus.com/ar/healthcare-market-research/saudi-arabia,200,2280,true,true,false,false,أبحاث السوق الصحي في المملكة العربية السعودية | BioNixus,أبحاث السوق الصحي في المملكة العربية السعودية
/healthcare-market-research/therapy/biologics,https://www.bionixus.com/healthcare-market-research/therapy/biologics,200,2282,true,true,false,false,Biologics Research Guide: Biosimilars & Market Ac | BioNixus,Biologics market research guide
/pharmaceutical-companies-oman,https://www.bionixus.com/pharmaceutical-companies-oman,200,2283,true,true,false,false,Top Pharmaceutical Companies in Oman (2026 Ranked List),Pharmaceutical Companies in Oman
/saudi-arabia-healthcare-market-research,https://www.bionixus.com/saudi-arabia-healthcare-market-research,200,2283,true,true,false,false,Healthcare Market Research in Saudi Arabia 2026 | BioNixus,<em>Healthcare Providers &amp; Hospitals</em> market research company in <!-- -->Saudi Arabia
/insights/top-pharma-market-research-companies-middle-east-2026,https://www.bionixus.com/insights/top-pharma-market-research-companies-middle-east-2026,200,2285,true,true,false,false,Top Pharma Market Research Companies Middle East 2026 | Ranked,Top Pharma Market Research Companies in the Middle East (2026 Guide)
/saudi-arabia-biotechnology-market,https://www.bionixus.com/saudi-arabia-biotechnology-market,200,2285,true,true,false,false,Saudi Arabia Biotechnology Market Research | BioNixus,Saudi Arabia Biotechnology Market: Primary Research and Entry Intelligence
/saudi-arabia-aesthetics-market,https://www.bionixus.com/saudi-arabia-aesthetics-market,200,2286,true,true,false,false,Saudi Arabia Aesthetics Market Research Study | BioNixus,"Saudi Arabia Aesthetics Market: Clinic, Consumer, and Device Research"
/uae-healthcare-market-research,https://www.bionixus.com/uae-healthcare-market-research,200,2295,true,true,false,false,Healthcare Market Research in UAE 2026 | BioNixus,<em>Healthcare Providers &amp; Hospitals</em> market research company in <!-- -->UAE
/china-healthcare-market-report,https://www.bionixus.com/china-healthcare-market-report,200,2296,true,true,false,false,China Healthcare Market Report 2026 | BioNixus,"China Healthcare Market Report 2026: NMPA Approval, NRDL Reimbursement, and VBP Commercial Intelligence"
/turkey-medical-tourism-market,https://www.bionixus.com/turkey-medical-tourism-market,200,2296,true,true,false,false,Turkey Medical Tourism Market Research & Data | BioNixus,"Turkey Medical Tourism Market: Research, Demand, and Competitive Position"
/ar/market-research-uae,https://www.bionixus.com/ar/market-research-uae,200,2298,true,true,false,false,أبحاث السوق في الإمارات العربية المتحدة | BioNixus,أبحاث السوق في الإمارات العربية المتحدة
/bionixus-saudi-arabia-oncology-insights,https://www.bionixus.com/bionixus-saudi-arabia-oncology-insights,200,2309,true,true,false,false,BioNixus Saudi Arabia Oncology Insights & Research,"BioNixus Saudi Arabia Oncology Insights: Programmes, Evidence, and Access Research"
/egypt-medical-tourism-market,https://www.bionixus.com/egypt-medical-tourism-market,200,2313,true,true,false,false,Egypt Medical Tourism Market Research & Insights | BioNixus,"Egypt Medical Tourism Market: Research, Demand, and Provider Strategy"
/insights/top-market-research-companies-cote-divoire-2026,https://www.bionixus.com/insights/top-market-research-companies-cote-divoire-2026,200,2314,true,true,false,false,Top Market Research Companies in Côte d&#x27;Ivoi | BioNixus,Best Market Research Companies in Côte d&#x27;Ivoire (2026 Guide)
/uk-medtech-market-research,https://www.bionixus.com/uk-medtech-market-research,200,2320,true,true,false,false,MedTech Market Research Company in United Kingdom (2026) |.,MedTech &amp; Medical Devices Market Research Company in United Kingdom
/insights/top-market-research-companies-gcc-2026,https://www.bionixus.com/insights/top-market-research-companies-gcc-2026,200,2322,true,true,false,false,Market Research Firms GCC 2026 | Top Gulf Companies,"<span class=""h1-kicker"">Ranking 2026 · GCC · Custom primary research</span>5 Best Market Research Companies in GCC (2026 Rankings)"
/specialist-physician-panel-uae,https://www.bionixus.com/specialist-physician-panel-uae,200,2328,true,true,false,false,Specialist Physician Panel UAE | BioNixus,Specialist Physician Panel UAE
/ar/healthcare-market-research,https://www.bionixus.com/ar/healthcare-market-research,200,2335,true,true,false,false,أبحاث السوق الصحي | BioNixus — الشرق الأوسط والخليج,أبحاث السوق الصحي في الخليج والشرق الأوسط
/saudi-arabia-cardiovascular-devices-market,https://www.bionixus.com/saudi-arabia-cardiovascular-devices-market,200,2337,true,true,false,false,Saudi Arabia Cardiovascular Devices Market | BioNixus,Saudi Arabia Cardiovascular Devices Market: Primary Research and Commercial Intelligence
/insights/top-healthcare-market-research-companies-peru-2026,https://www.bionixus.com/insights/top-healthcare-market-research-companies-peru-2026,200,2340,true,true,false,false,Healthcare Market Research Companies Peru 2026 | Ranked,Best Healthcare Market Research Companies in Peru (2026 Guide)
/fr/bionixus-market-research-middle-east,https://www.bionixus.com/fr/bionixus-market-research-middle-east,200,2342,true,true,false,false,Études Pharmaceutiques Moyen-Orient | Programmes | BioNixus,Études pharmaceutiques Moyen-Orient qui accélèrent les décisions de lancement au CCG
/saudi-arabia-diagnostic-labs-market,https://www.bionixus.com/saudi-arabia-diagnostic-labs-market,200,2344,true,true,false,false,Saudi Arabia Diagnostic Labs Market Research | BioNixus,"Saudi Arabia Diagnostic Labs Market: Operator, Network and Outsourcing Intelligence"
/insights/top-market-research-companies-morocco-2026,https://www.bionixus.com/insights/top-market-research-companies-morocco-2026,200,2346,true,true,false,false,Best Market Research Companies in Morocco (2026) | Ranked,Best Market Research Companies in Morocco (2026 Guide)
/gcc-otc-drugs-market,https://www.bionixus.com/gcc-otc-drugs-market,200,2347,true,true,false,false,GCC Over the Counter (OTC) Drugs Market Research | BioNixus,GCC Over the Counter (OTC) Drugs Market: Category &amp; Shopper Intelligence
/insights/top-market-research-companies-china-2026,https://www.bionixus.com/insights/top-market-research-companies-china-2026,200,2354,true,true,false,false,Top Market Research Companies in China 2026 | BioNixus Rank,Top Market Research Companies in China (2026 Guide)
/uae-obesity-market,https://www.bionixus.com/uae-obesity-market,200,2355,true,true,false,false,UAE Obesity Market Insights: GLP-1 & Bariatric | BioNixus,"UAE Obesity Market Insights: Access, Prescribing, and Patient Pathways"
/insights/top-market-research-companies-iraq-2026,https://www.bionixus.com/insights/top-market-research-companies-iraq-2026,200,2356,true,true,false,false,5 Best Market Research Companies in Iraq (2026) | Ranked Guide,Best Market Research Companies in Iraq (2026 Guide)
/pharmaceutical-market-research-denmark,https://www.bionixus.com/pharmaceutical-market-research-denmark,200,2359,true,true,false,false,Pharmaceutical Market Research Denmark | BioNixus,Pharmaceutical Market Research Company in Denmark
/healthcare-market-research/united-arab-emirates,https://www.bionixus.com/healthcare-market-research/united-arab-emirates,200,2361,true,true,false,false,United Arab Emirates Healthcare Market Research | BioNixus,Healthcare Market Research Across the United Arab Emirates
/insights/best-obesity-weight-management-market-research-firms-2026,https://www.bionixus.com/insights/best-obesity-weight-management-market-research-firms-2026,200,2361,true,true,false,false,Best Obesity Market Research Firms 2026 | GLP-1 Ranked Guide,Best Obesity &amp; Weight Management Market Research Firms (2026)
/pharmaceutical-companies-usa,https://www.bionixus.com/pharmaceutical-companies-usa,200,2363,true,true,false,false,Top Pharmaceutical Companies in USA (2026 Ranked List),Pharmaceutical Companies in the USA
/pharmaceutical-companies-dubai,https://www.bionixus.com/pharmaceutical-companies-dubai,200,2366,true,true,false,false,Pharmaceutical Companies in Dubai (2026): HQs & Distributors,"Pharmaceutical Companies in Dubai: Regional Headquarters, Manufacturers and Distributors"
/pharmaceutical-companies-egypt,https://www.bionixus.com/pharmaceutical-companies-egypt,200,2372,true,true,false,false,Top 40 Pharmaceutical Companies in Egypt (2026 Ranked List),Pharmaceutical Companies in Egypt
/insights/top-market-research-companies-jordan-2026,https://www.bionixus.com/insights/top-market-research-companies-jordan-2026,200,2373,true,true,false,false,Top Market Research Companies in Jordan 2026 | BioNixus,Best Market Research Companies in Jordan (2026 Guide)
/insights/top-market-research-companies-switzerland-2026,https://www.bionixus.com/insights/top-market-research-companies-switzerland-2026,200,2374,true,true,false,false,Top Market Research Companies in Switzerland 2026 | BioNixus,Top Market Research Companies in Switzerland (2026 Guide)
/healthcare-market-research/united-states,https://www.bionixus.com/healthcare-market-research/united-states,200,2389,true,true,false,false,Healthcare Market Research in United States | BioNixus,Healthcare Market Research in the United States
/market-research-ksa,https://www.bionixus.com/market-research-ksa,200,2395,true,true,false,false,Market Research KSA | Pharma & Healthcare | BioNixus,Market Research KSA
/uae-healthcare-market-report,https://www.bionixus.com/uae-healthcare-market-report,200,2397,true,true,false,false,"UAE Healthcare Market Report 2026: Size, Pharma & Devices","UAE Healthcare Market Report 2026: Market Size, Pharmaceutical Intelligence, and Commercial Strategy"
/market-research-in-saudi-arabia,https://www.bionixus.com/market-research-in-saudi-arabia,200,2401,true,true,false,false,Market Research Company in Saudi Arabia | BioNixus,Market Research Company in Saudi Arabia
/insights/top-healthcare-market-research-companies-norway-2026,https://www.bionixus.com/insights/top-healthcare-market-research-companies-norway-2026,200,2404,true,true,false,false,Norway Healthcare Market Research Companies 2026 | BioNixus,Top Healthcare Market Research Companies in Norway (2026 Guide)
/saudi-arabia-healthcare-market-report,https://www.bionixus.com/saudi-arabia-healthcare-market-report,200,2405,true,true,false,false,Saudi Arabia Healthcare Market Report 2026 | BioNixus,"Saudi Arabia Healthcare Market Report 2026: Market Size, Pharmaceutical Intelligence, and Vision 2030 Strategy"
/insights/top-market-research-companies-ireland-2026,https://www.bionixus.com/insights/top-market-research-companies-ireland-2026,200,2406,true,true,false,false,Top Market Research Companies in Ireland 2026 | BioNixus,Top Market Research Companies in Ireland (2026 Guide)
/insights/top-market-research-companies-kenya-2026,https://www.bionixus.com/insights/top-market-research-companies-kenya-2026,200,2407,true,true,false,false,Top Market Research Companies in Kenya 2026 | BioNixus,Best Market Research Companies in Kenya (2026 Guide)
/insights/leading-biologics-biosimilars-market-research-companies-2026,https://www.bionixus.com/insights/leading-biologics-biosimilars-market-research-companies-2026,200,2418,true,true,false,false,Biologics & Biosimilars Research Companies (2026) | BioNixus,Leading Biologics and Biosimilars Market Research Companies (2026)
/insights/top-healthcare-market-research-companies-denmark-2026,https://www.bionixus.com/insights/top-healthcare-market-research-companies-denmark-2026,200,2418,true,true,false,false,Denmark Healthcare Market Research Companies 2026 | BioNixus,Top Healthcare Market Research Companies in Denmark (2026 Guide)
/healthcare-market-research/therapy/immunology,https://www.bionixus.com/healthcare-market-research/therapy/immunology,200,2421,true,true,false,false,Immunology Research Guide: Biologics & Patient Pathways |...,Immunology market research guide
/insights/top-market-research-companies-egypt-2026,https://www.bionixus.com/insights/top-market-research-companies-egypt-2026,200,2422,true,true,false,false,Best Market Research Companies in Egypt (2026) | Ranked,"<span class=""h1-kicker"">Ranking 2026 · Egypt · Custom primary research</span>4 Best Market Research Companies in Egypt (2026 Rankings)"
/insights/top-market-research-companies-netherlands-2026,https://www.bionixus.com/insights/top-market-research-companies-netherlands-2026,200,2422,true,true,false,false,Top Market Research Companies in the Netherlands | BioNixus,Top Market Research Companies in the Netherlands (2026 Guide)
/diabetes-market-research-uae,https://www.bionixus.com/diabetes-market-research-uae,200,2424,true,true,false,false,Diabetes Market Research UAE | BioNixus,Diabetes Market Research UAE
/ar/blog/saudi-healthcare-market-research-firms-ar,https://www.bionixus.com/ar/blog/saudi-healthcare-market-research-firms-ar,200,2428,true,true,false,false,شركات أبحاث السوق الصحي السعودية 2026 | BioNixus,أبرز شركات أبحاث السوق الصحي في المملكة العربية السعودية: المشهد، معايير اختيار الشريك، وشركات يُعتد بها
/insights/top-market-research-companies-canada-2026,https://www.bionixus.com/insights/top-market-research-companies-canada-2026,200,2431,true,true,false,false,Best Market Research Companies in Canada (2026) | Ranked,Top Market Research Companies in Canada (2026 Guide)
/insights/top-market-research-companies-turkey-2026,https://www.bionixus.com/insights/top-market-research-companies-turkey-2026,200,2431,true,true,false,false,Top Market Research Companies in Turkey 2026 | BioNixus Ran,Top Market Research Companies in Turkey (2026 Guide)
/pharmaceutical-companies-qatar,https://www.bionixus.com/pharmaceutical-companies-qatar,200,2431,true,true,false,false,Top 18 Pharmaceutical Companies in Qatar (2026 Ranked List),Pharmaceutical Companies in Qatar
/brand-tracking-pharma-gcc,https://www.bionixus.com/brand-tracking-pharma-gcc,200,2432,true,true,false,false,Brand Tracking Pharma GCC | BioNixus,Brand Tracking Pharma GCC
/,https://www.bionixus.com/,200,2434,true,true,false,false,Account-level research for marketing teams | BioNixus,"Brand vs competitor data,<!-- --> <em class=""font-medium not-italic text-transparent bg-clip-text bg-gradient-to-br from-[#C9A84C] to-[#E4CC7A]"">down to the account and the SKU.</em>"
/insights/top-market-research-companies-senegal-2026,https://www.bionixus.com/insights/top-market-research-companies-senegal-2026,200,2434,true,true,false,false,Top Market Research Companies in Senegal 2026 | BioNixus,Best Market Research Companies in Senegal (2026 Guide)
/insights/top-market-research-companies-australia-2026,https://www.bionixus.com/insights/top-market-research-companies-australia-2026,200,2435,true,true,false,false,Top Market Research Companies in Australia 2026 | BioNixus,Top Market Research Companies in Australia (2026 Guide)
/es,https://www.bionixus.com/es,200,2437,true,true,false,false,BioNixus | Investigación de Mercado Pharma y Salud,"La investigación que define<!-- --> <em class=""font-medium not-italic text-transparent bg-clip-text bg-gradient-to-br from-[#C9A84C] to-[#E4CC7A]"">su estrategia</em>"
/pharmaceutical-market-research-netherlands,https://www.bionixus.com/pharmaceutical-market-research-netherlands,200,2440,true,true,false,false,Pharmaceutical Market Research Company in the | BioNixus,Pharmaceutical Market Research Company in the Netherlands
/market-research-uae,https://www.bionixus.com/market-research-uae,200,2442,true,true,false,false,Market Research in UAE | Pharma & Healthcare | BioNixus,Market Research in the UAE
/insights/top-market-research-companies-algeria-2026,https://www.bionixus.com/insights/top-market-research-companies-algeria-2026,200,2443,true,true,false,false,Top Market Research Companies in Algeria 2026 | BioNixus,Best Market Research Companies in Algeria (2026 Guide)
/pt,https://www.bionixus.com/pt,200,2443,true,true,false,false,BioNixus | Pesquisa de Mercado Pharma e Saúde Global,"A pesquisa que molda<!-- --> <em class=""font-medium not-italic text-transparent bg-clip-text bg-gradient-to-br from-[#C9A84C] to-[#E4CC7A]"">a sua estratégia</em>"
/insights/top-market-research-companies-sweden-2026,https://www.bionixus.com/insights/top-market-research-companies-sweden-2026,200,2446,true,true,false,false,Best Market Research Companies in Sweden (2026) | Ranked,Top Market Research Companies in Sweden (2026 Guide)
/pharmaceutical-market-research-ireland,https://www.bionixus.com/pharmaceutical-market-research-ireland,200,2454,true,true,false,false,Pharmaceutical Market Research Company in Ireland | BioNixus,Pharmaceutical Market Research Company in Ireland
/pharmaceutical-market-research-spain,https://www.bionixus.com/pharmaceutical-market-research-spain,200,2456,true,true,false,false,Pharmaceutical Market Research Spain | BioNixus,Pharmaceutical Market Research Company in Spain
/insights/top-market-research-companies-oman-2026,https://www.bionixus.com/insights/top-market-research-companies-oman-2026,200,2461,true,true,false,false,Top Market Research Companies in Oman 2026 | BioNixus,Best Market Research Companies in Oman (2026 Guide)
/pharmaceutical-market-research-switzerland,https://www.bionixus.com/pharmaceutical-market-research-switzerland,200,2463,true,true,false,false,Pharmaceutical Market Research Switzerland | BioNixus,Pharmaceutical Market Research Company in Switzerland
/pharmaceutical-product-registration-saudi-arabia,https://www.bionixus.com/pharmaceutical-product-registration-saudi-arabia,200,2469,true,true,false,false,SFDA Pricing Submission & Launch Readiness | Saudi Arabia,SFDA Pricing Submission and Commercial Launch Readiness in Saudi Arabia
/pharmaceutical-market-research-sweden,https://www.bionixus.com/pharmaceutical-market-research-sweden,200,2470,true,true,false,false,Pharmaceutical Market Research Company in Sweden | BioNixus,Pharmaceutical Market Research Company in Sweden
/uae-in-vitro-diagnostics-devices-market,https://www.bionixus.com/uae-in-vitro-diagnostics-devices-market,200,2481,true,true,false,false,UAE In-Vitro Diagnostics Devices Market Research | BioNixus,UAE In-Vitro Diagnostics Devices Market: Research and Commercial Intelligence
/fr,https://www.bionixus.com/fr,200,2489,true,true,false,false,BioNixus | Études de Marché Pharma & Santé Mondiales,"La recherche qui façonne<!-- --> <em class=""font-medium not-italic text-transparent bg-clip-text bg-gradient-to-br from-[#C9A84C] to-[#E4CC7A]"">votre stratégie</em>"
/insights/top-healthcare-market-research-companies-belgium-2026,https://www.bionixus.com/insights/top-healthcare-market-research-companies-belgium-2026,200,2490,true,true,false,false,Healthcare Market Research Companies Belgium 2026 | Ranked,Best Healthcare Market Research Companies in Belgium (2026 Guide)
/oman-healthcare-market-report,https://www.bionixus.com/oman-healthcare-market-report,200,2501,true,true,false,false,"Oman Healthcare Market 2026: Size, Vision 2040 & Forecast","Oman Healthcare Market Report 2026: Pharmaceutical Intelligence, MOH Access, and Vision 2040 Strategy"
/pharmaceutical-market-research-south-korea,https://www.bionixus.com/pharmaceutical-market-research-south-korea,200,2503,true,true,false,false,Pharmaceutical Market Research South Korea | BioNixus,Pharmaceutical Market Research Company in South Korea
/insights/top-market-research-companies-poland-2026,https://www.bionixus.com/insights/top-market-research-companies-poland-2026,200,2514,true,true,false,false,Top Market Research Companies in Poland 2026 | BioNixus Ran,Top Market Research Companies in Poland (2026 Guide)
/insights/top-market-research-companies-spain-2026,https://www.bionixus.com/insights/top-market-research-companies-spain-2026,200,2514,true,true,false,false,Top Market Research Companies in Spain 2026 | BioNixus Rank,Top Market Research Companies in Spain (2026 Guide)
/healthcare-market-research/egypt,https://www.bionixus.com/healthcare-market-research/egypt,200,2519,true,true,false,false,Healthcare Market Research in Egypt | BioNixus,Healthcare Market Research in Egypt
/usa-medtech-market-research,https://www.bionixus.com/usa-medtech-market-research,200,2523,true,true,false,false,MedTech Market Research Company in United States (2026) | F,MedTech &amp; Medical Devices Market Research Company in United States
/insights/top-market-research-companies-tunisia-2026,https://www.bionixus.com/insights/top-market-research-companies-tunisia-2026,200,2525,true,true,false,false,Top Market Research Companies in Tunisia 2026 | BioNixus,Best Market Research Companies in Tunisia (2026 Guide)
/pharmaceutical-market-research-canada,https://www.bionixus.com/pharmaceutical-market-research-canada,200,2528,true,true,false,false,Pharmaceutical Market Research Company in Canada | BioNixus,Pharmaceutical Market Research Company in Canada
/insights/top-healthcare-market-research-companies-new-zealand-2026,https://www.bionixus.com/insights/top-healthcare-market-research-companies-new-zealand-2026,200,2583,true,true,false,false,New Zealand Healthcare Market Research Companies | BioNixus,Top Healthcare Market Research Companies in New Zealand (2026 Guide)
/insights/top-market-research-companies-malaysia-2026,https://www.bionixus.com/insights/top-market-research-companies-malaysia-2026,200,2588,true,true,false,false,Top Market Research Companies in Malaysia 2026 | BioNixus,Top Market Research Companies in Malaysia (2026 Guide)
/insights/top-market-research-companies-singapore-2026,https://www.bionixus.com/insights/top-market-research-companies-singapore-2026,200,2588,true,true,false,false,Top Market Research Companies in Singapore 2026 | BioNixus,Top Market Research Companies in Singapore (2026 Guide)
/insights/top-market-research-companies-kuwait-2026,https://www.bionixus.com/insights/top-market-research-companies-kuwait-2026,200,2594,true,true,false,false,Top Market Research Companies in Kuwait 2026 | BioNixus,Best Market Research Companies in Kuwait (2026 Guide)
/pharmaceutical-market-research-france,https://www.bionixus.com/pharmaceutical-market-research-france,200,2596,true,true,false,false,Pharmaceutical Market Research France | BioNixus,Pharmaceutical Market Research Company in France
/fr/quantitative-healthcare-market-research,https://www.bionixus.com/fr/quantitative-healthcare-market-research,200,2601,true,true,false,false,Recherche Quantitative en Santé | Enquêtes HCP GC | BioNixus,"Recherche Quantitative en Santé : enquêtes HCP, échantillonnage et modes CATI / CAPI / en ligne au GCC et en Europe"
/gcc-market-access-guide,https://www.bionixus.com/gcc-market-access-guide,200,2602,true,true,false,false,GCC Market Entry Guide 2026: Pharma & MedTech Access,"GCC market entry guide 2026 — pharmaceutical and medtech market access, registration, pricing, and reimbursement"
/pharmaceutical-market-research-argentina,https://www.bionixus.com/pharmaceutical-market-research-argentina,200,2602,true,true,false,false,Pharmaceutical Market Research Company in Argenti | BioNixus,Pharmaceutical Market Research Company in Argentina
/pharmaceutical-market-research-germany,https://www.bionixus.com/pharmaceutical-market-research-germany,200,2613,true,true,false,false,Pharmaceutical Market Research Germany | BioNixus,Pharmaceutical Market Research Company in Germany
/insights/top-healthcare-market-research-companies-south-korea-2026,https://www.bionixus.com/insights/top-healthcare-market-research-companies-south-korea-2026,200,2616,true,true,false,false,South Korea Healthcare Market Research Companies | BioNixus,Top Healthcare Market Research Companies in South Korea (2026 Guide)
/insights/top-market-research-companies-germany-2026,https://www.bionixus.com/insights/top-market-research-companies-germany-2026,200,2626,true,true,false,false,Top Market Research Companies in Germany 2026 | BioNixus,Top Market Research Companies in Germany (2026 Guide)
/pharmaceutical-market-research-turkey,https://www.bionixus.com/pharmaceutical-market-research-turkey,200,2629,true,true,false,false,Pharmaceutical Market Research Company in Turkey | BioNixus,Pharmaceutical Market Research Company in Turkey
/insights/top-market-research-companies-lebanon-2026,https://www.bionixus.com/insights/top-market-research-companies-lebanon-2026,200,2630,true,true,false,false,Best Market Research Companies in Lebanon (2026) | Ranked,Best Market Research Companies in Lebanon (2026 Guide)
/france-medical-devices-market-report,https://www.bionixus.com/france-medical-devices-market-report,200,2633,true,true,false,false,France Medical Devices Market Report 2026 | BioNixus,"France Medical Devices Market Report 2026: LPP Listing, ANSM Regulation, and Hospital Procurement Intelligence"
/healthcare-market-research/uk,https://www.bionixus.com/healthcare-market-research/uk,200,2637,true,true,false,false,Healthcare Market Research in United Kingdom | BioNixus,Pharmaceutical Market Research in the United Kingdom
/healthcare-market-research/kuwait,https://www.bionixus.com/healthcare-market-research/kuwait,200,2642,true,true,false,false,Healthcare Market Research Kuwait | MOH Fieldwork | BioNixus,Pharmaceutical Market Research in Kuwait
/bahrain-medical-devices-market-report,https://www.bionixus.com/bahrain-medical-devices-market-report,200,2653,true,true,false,false,Bahrain Medical Devices Market Report 2026 | BioNixus,"Bahrain Medical Devices Market Report 2026: NHRA Registration, GCC Sequential Entry, and Commercial Strategy"
/gcc-anesthesia-surgical-market-report,https://www.bionixus.com/gcc-anesthesia-surgical-market-report,200,2655,true,true,false,false,GCC Anesthesia & Surgical Market 2026: Size & Country Data,GCC Anesthesia and Surgical Market Report 2026: Hospital Procedure Volumes and Drug Consumption Intelligence
/pharmaceutical-market-research-australia,https://www.bionixus.com/pharmaceutical-market-research-australia,200,2659,true,true,false,false,Pharmaceutical Market Research Company in Austral | BioNixus,Pharmaceutical Market Research Company in Australia
/insights/top-market-research-companies-japan-2026,https://www.bionixus.com/insights/top-market-research-companies-japan-2026,200,2660,true,true,false,false,Top Market Research Companies in Japan 2026 | BioNixus Rank,Top Market Research Companies in Japan (2026 Guide)
/insights/top-market-research-companies-uk-2026,https://www.bionixus.com/insights/top-market-research-companies-uk-2026,200,2666,true,true,false,false,Top Market Research Companies in the UK (2026),Top Market Research Companies in the UK (2026 Guide)
/pharmaceutical-market-research-italy,https://www.bionixus.com/pharmaceutical-market-research-italy,200,2667,true,true,false,false,Pharmaceutical Market Research Italy | BioNixus,Pharmaceutical Market Research Company in Italy
/qatar-medical-devices-market-report,https://www.bionixus.com/qatar-medical-devices-market-report,200,2670,true,true,false,false,Qatar Medical Devices Market Report 2026 | BioNixus,"Qatar Medical Devices Market Report 2026: HMC Procurement, Sidra Medicine, and Commercial Intelligence"
/pharmaceutical-market-research-new-zealand,https://www.bionixus.com/pharmaceutical-market-research-new-zealand,200,2671,true,true,false,false,Pharmaceutical Market Research New Zealand | BioNixus,Pharmaceutical Market Research Company in New Zealand
/es/healthcare-market-research,https://www.bionixus.com/es/healthcare-market-research,200,2683,true,true,false,false,Estudios de mercado farmacéutico y sanitario | Europa y MEN,"Estudios de mercado farmacéutico y sanitario para España, Europa y Oriente Medio"
/pharmaceutical-companies-uae,https://www.bionixus.com/pharmaceutical-companies-uae,200,2685,true,true,false,false,Top 30 Pharmaceutical Companies in UAE (2026 List),Pharmaceutical Companies in the UAE
/ar,https://www.bionixus.com/ar,200,2688,true,true,false,false,BioNixus | أبحاث سوق صحية ودوائية عالمية,"أبحاث تصنع<!-- --> <em class=""font-medium not-italic text-transparent bg-clip-text bg-gradient-to-br from-[#C9A84C] to-[#E4CC7A]"">استراتيجيتك</em>"
/es/healthcare-market-research/spain,https://www.bionixus.com/es/healthcare-market-research/spain,200,2690,true,true,false,false,Investigación de Mercado Sanitario España | BioNixus,Investigación de Mercado en Salud en España
/pharmaceutical-market-research-singapore,https://www.bionixus.com/pharmaceutical-market-research-singapore,200,2696,true,true,false,false,Pharmaceutical Market Research Company in Singapo | BioNixus,Pharmaceutical Market Research Company in Singapore
/insights/top-healthcare-market-research-companies-china-2026,https://www.bionixus.com/insights/top-healthcare-market-research-companies-china-2026,200,2698,true,true,false,false,Top Healthcare Market Research Companies in China | BioNixus,Top Healthcare Market Research Companies in China (2026 Guide)
/pharmaceutical-market-research-malaysia,https://www.bionixus.com/pharmaceutical-market-research-malaysia,200,2712,true,true,false,false,Pharmaceutical Market Research Company in Malaysi | BioNixus,Pharmaceutical Market Research Company in Malaysia
/pharmaceutical-market-research-japan,https://www.bionixus.com/pharmaceutical-market-research-japan,200,2714,true,true,false,false,Pharmaceutical Market Research Company in Japan | BioNixus,Pharmaceutical Market Research Company in Japan
/insights/top-healthcare-market-research-companies-italy-2026,https://www.bionixus.com/insights/top-healthcare-market-research-companies-italy-2026,200,2720,true,true,false,false,Top Healthcare Market Research Companies in Italy | BioNixus,Top Healthcare Market Research Companies in Italy (2026 Guide)
/insights/top-market-research-companies-usa-2026,https://www.bionixus.com/insights/top-market-research-companies-usa-2026,200,2724,true,true,false,false,Top Market Research Companies in the USA (2026 Gu | BioNixus,Top Market Research Companies in the USA (2026 Guide)
/healthcare-market-research/europe,https://www.bionixus.com/healthcare-market-research/europe,200,2729,true,true,false,false,Healthcare Market Research in Europe | BioNixus,Pharmaceutical Market Research Across Europe
/insights/top-healthcare-market-research-companies-france-2026,https://www.bionixus.com/insights/top-healthcare-market-research-companies-france-2026,200,2729,true,true,false,false,Healthcare Market Research Companies France 2026 | BioNixus,Top Healthcare Market Research Companies in France (2026 Guide)
/insights/top-healthcare-market-research-companies-switzerland-2026,https://www.bionixus.com/insights/top-healthcare-market-research-companies-switzerland-2026,200,2736,true,true,false,false,Healthcare Market Research Companies Switzerland | BioNixus,Top Healthcare Market Research Companies in Switzerland (2026 Guide)
/pharmaceutical-market-research-poland,https://www.bionixus.com/pharmaceutical-market-research-poland,200,2738,true,true,false,false,Pharmaceutical Market Research Company in Poland | BioNixus,Pharmaceutical Market Research Company in Poland
/insights/top-market-research-companies-bahrain-2026,https://www.bionixus.com/insights/top-market-research-companies-bahrain-2026,200,2741,true,true,false,false,Top Market Research Companies in Bahrain 2026 | BioNixus,Best Market Research Companies in Bahrain (2026 Guide)
/oman-medical-devices-market-report,https://www.bionixus.com/oman-medical-devices-market-report,200,2742,true,true,false,false,"Oman Medical Devices Market 2026: Size, MOH & Forecast","Oman Medical Devices Market Report 2026: MOH Registration, Royal Hospital, and Vision 2040 Commercial Intelligence"
/insights/top-healthcare-market-research-companies-mena-2026,https://www.bionixus.com/insights/top-healthcare-market-research-companies-mena-2026,200,2743,true,true,false,false,Healthcare Market Research Companies MENA 2026 | BioNixus,"<span class=""h1-kicker"">Ranking 2026 · MENA · Healthcare primary research</span>Top Healthcare Market Research Companies in MENA (2026 Guide)"
/insights/top-healthcare-market-research-companies-jordan-2026,https://www.bionixus.com/insights/top-healthcare-market-research-companies-jordan-2026,200,2751,true,true,false,false,Top Healthcare Market Research Companies in Jorda | BioNixus,Best Healthcare Market Research Companies in Jordan (2026 Guide)
/pharmaceutical-market-research-china,https://www.bionixus.com/pharmaceutical-market-research-china,200,2754,true,true,false,false,Pharmaceutical Market Research China | BioNixus,Pharmaceutical Market Research Company in China
/canada-medtech-market-research,https://www.bionixus.com/canada-medtech-market-research,200,2767,true,true,false,false,MedTech Market Research Company in Canada (2026) | Health...,MedTech &amp; Medical Devices Market Research Company in Canada
/insights/top-healthcare-market-research-companies-germany-2026,https://www.bionixus.com/insights/top-healthcare-market-research-companies-germany-2026,200,2775,true,true,false,false,Healthcare Market Research Companies Germany 2026 | BioNixus,Top Healthcare Market Research Companies in Germany (2026 Guide)
/healthcare-market-research-jordan,https://www.bionixus.com/healthcare-market-research-jordan,200,2782,true,true,false,false,Healthcare Market Research Jordan | JFDA-Aligned | BioNixus,Healthcare &amp; Pharmaceutical Market Research in Jordan
/heor-consulting,https://www.bionixus.com/heor-consulting,200,2784,true,true,false,false,HEOR Consulting Services: Health Economics & Outcomes Research,"HEOR Consulting — GCC, Middle East &amp; Europe"
/healthcare-market-research-oman,https://www.bionixus.com/healthcare-market-research-oman,200,2790,true,true,false,false,Healthcare Market Research Oman | MoH Oman & SQUH | BioNixus,Healthcare &amp; Pharmaceutical Market Research in Oman
/pharmaceutical-market-research-uk,https://www.bionixus.com/pharmaceutical-market-research-uk,200,2795,true,true,false,false,Pharmaceutical Market Research Company in the UK | BioNixus,Pharmaceutical Market Research Company in the UK
/fr/strategic-portfolio,https://www.bionixus.com/fr/strategic-portfolio,200,2800,true,true,false,false,Portefeuille Stratégique BioNixus | Recherche Pharma EMEA &,Portefeuille stratégique : recherche pharmaceutique et accès au marché à travers l&#x27;EMEA et le MENA
/kuwait-healthcare-market-report,https://www.bionixus.com/kuwait-healthcare-market-report,200,2801,true,true,false,false,"Kuwait Healthcare Market 2026: Size, MOH Spend & Forecast","Kuwait Healthcare Market Report 2026: Pharmaceutical Intelligence, Medical Devices, and Market Access"
/insights/top-healthcare-market-research-companies-spain-2026,https://www.bionixus.com/insights/top-healthcare-market-research-companies-spain-2026,200,2805,true,true,false,false,Healthcare Market Research Companies Spain 2026 | BioNixus,Top Healthcare Market Research Companies in Spain (2026 Guide)
/brazil-medical-devices-market-report,https://www.bionixus.com/brazil-medical-devices-market-report,200,2818,true,true,false,false,"Brazil Medical Devices Market 2026: ANVISA, Size & Forecast","Brazil Medical Devices Market Report 2026: ANVISA Regulation, SUS Procurement, and Commercial Strategy Intelligence"
/insights/top-healthcare-market-research-companies-lebanon-2026,https://www.bionixus.com/insights/top-healthcare-market-research-companies-lebanon-2026,200,2830,true,true,false,false,Top Healthcare Market Research Companies in Leban | BioNixus,Best Healthcare Market Research Companies in Lebanon (2026 Guide)
/pharmaceutical-companies-saudi-arabia,https://www.bionixus.com/pharmaceutical-companies-saudi-arabia,200,2830,true,true,false,false,Top 20 Pharmaceutical Companies in Saudi Arabia (2026 List),Pharmaceutical Companies in Saudi Arabia
/real-estate-companies-uae,https://www.bionixus.com/real-estate-companies-uae,200,2851,true,true,false,false,Top 24 Real Estate Developers in UAE (2026 List),Top Real Estate Developers in the UAE (2026)
/healthcare-market-research-qatar,https://www.bionixus.com/healthcare-market-research-qatar,200,2866,true,true,false,false,Healthcare Market Research Qatar | Doha & MoPH | BioNixus,Healthcare &amp; Pharmaceutical Market Research in Qatar
/italy-medical-devices-market-report,https://www.bionixus.com/italy-medical-devices-market-report,200,2886,true,true,false,false,Italy Medical Devices Market Report 2026 | BioNixus,"Italy Medical Devices Market Report 2026: EU MDR, BDNM Registration, and Regional Hospital Procurement Intelligence"
/uae-medical-devices-market-report,https://www.bionixus.com/uae-medical-devices-market-report,200,2886,true,true,false,false,UAE Medical Devices Market Report 2026 | BioNixus,"UAE Medical Devices Market Report 2026: MOHAP Registration, Dubai Hub Strategy, and Hospital Procurement Intelligence"
/bahrain-healthcare-market-report,https://www.bionixus.com/bahrain-healthcare-market-report,200,2897,true,true,false,false,Bahrain Healthcare Market Report 2026 | BioNixus,"Bahrain Healthcare Market Report 2026: NHRA Registration, Pharmaceutical Intelligence, and GCC Market Access"
/canada-medical-devices-market-report,https://www.bionixus.com/canada-medical-devices-market-report,200,2898,true,true,false,false,Canada Medical Devices Market Report 2026 | BioNixus,"Canada Medical Devices Market Report 2026: Health Canada Licensing, CADTH Review, and Provincial Procurement Intelligence"
/healthcare-market-research-kuwait,https://www.bionixus.com/healthcare-market-research-kuwait,200,2899,true,true,false,false,Healthcare Market Research Kuwait | MOH & GPADC | BioNixus,Healthcare &amp; Pharmaceutical Market Research in Kuwait
/usa-medical-devices-market-report,https://www.bionixus.com/usa-medical-devices-market-report,200,2907,true,true,false,false,USA Medical Devices Market Report 2026 | BioNixus Research,"USA Medical Devices Market Report 2026: FDA Approval, CMS Reimbursement, and GPO/IDN Procurement Intelligence"
/commercial-effectiveness-pharma-middle-east,https://www.bionixus.com/commercial-effectiveness-pharma-middle-east,200,2921,true,true,false,false,Commercial Effectiveness Pharma Middle East | BioNixus,Commercial Effectiveness Pharma Middle East
/healthcare-market-research-france,https://www.bionixus.com/healthcare-market-research-france,200,2930,true,true,false,false,Healthcare Market Research Company in France | BioNixus,Healthcare Market Research Company in France
/real-estate-companies-saudi-arabia,https://www.bionixus.com/real-estate-companies-saudi-arabia,200,2946,true,true,false,false,Top 24 Real Estate Developers in Saudi Arabia (2026 List),Top Real Estate Developers in Saudi Arabia (2026)
/insights/top-market-research-companies-india-2026,https://www.bionixus.com/insights/top-market-research-companies-india-2026,200,2957,true,true,false,false,Top Market Research Companies in India 2026 | BioNixus,Top Market Research Companies in India (2026 Guide)
/insights/top-market-research-companies-uae-2026,https://www.bionixus.com/insights/top-market-research-companies-uae-2026,200,2963,true,true,false,false,Market Research Firms UAE 2026 | Top UAE Companies,"<span class=""h1-kicker"">Ranking 2026 · UAE · Custom primary research</span>Market Research Firms in the UAE (2026 Rankings)"
/spain-healthcare-market-report,https://www.bionixus.com/spain-healthcare-market-report,200,2993,true,true,false,false,Spain Healthcare Market Report 2026 | BioNixus,"Spain Healthcare Market Report 2026: AEMPS Market Access, SNS Reimbursement, and Regional Commercial Intelligence"
/italy-healthcare-market-report,https://www.bionixus.com/italy-healthcare-market-report,200,3012,true,true,false,false,Italy Healthcare Market Report 2026 | BioNixus,"Italy Healthcare Market Report 2026: AIFA Market Access, SSN Reimbursement, and Commercial Intelligence"
/france-healthcare-market-report,https://www.bionixus.com/france-healthcare-market-report,200,3020,true,true,false,false,France Healthcare Market Report 2026 | BioNixus,"France Healthcare Market Report 2026: HAS Market Access, Assurance Maladie, and Commercial Intelligence"
/australia-medical-devices-market-report,https://www.bionixus.com/australia-medical-devices-market-report,200,3032,true,true,false,false,Australia Medical Devices Market Report 2026 | BioNixus,"Australia Medical Devices Market Report 2026: TGA Registration, Prostheses List, and MSAC Reimbursement Intelligence"
/real-estate-companies-egypt,https://www.bionixus.com/real-estate-companies-egypt,200,3035,true,true,false,false,Top 24 Real Estate Developers in Egypt (2026 List),Top Real Estate Developers in Egypt (2026)
/insights/top-oncology-market-research-companies-2026,https://www.bionixus.com/insights/top-oncology-market-research-companies-2026,200,3038,true,true,false,false,Top Oncology Market Research Companies 2026 | BioNixus,"<span class=""h1-kicker"">Top Oncology Market Research Companies 2026</span>The patient,<br/>not the <em>pack.</em>"
/singapore-healthcare-market-report,https://www.bionixus.com/singapore-healthcare-market-report,200,3043,true,true,false,false,Singapore Healthcare Market Report 2026 | BioNixus,"Singapore Healthcare Market Report 2026: HSA Registration, ACE HTA, and Southeast Asia Pharma Hub Intelligence"
/insights/top-healthcare-market-research-companies-turkey-2026,https://www.bionixus.com/insights/top-healthcare-market-research-companies-turkey-2026,200,3066,true,true,false,false,Turkey Healthcare Market Research Companies 2026 | BioNixus,Top Healthcare Market Research Companies in Turkey (2026 Guide)
/pharmaceutical-market-research-india,https://www.bionixus.com/pharmaceutical-market-research-india,200,3073,true,true,false,false,Pharmaceutical Market Research Company in India | BioNixus,Pharmaceutical Market Research Company in India
/healthcare-market-research/uae,https://www.bionixus.com/healthcare-market-research/uae,200,3102,true,true,false,false,"Healthcare Market Research UAE | DHA, DOH & MOHAP | BioNixus",Healthcare Market Research in the UAE
/top-pharmacies-saudi-arabia,https://www.bionixus.com/top-pharmacies-saudi-arabia,200,3142,true,true,false,false,Top 10 Pharmacies in Saudi Arabia 2026: Ranked by Stores,Top 10 Pharmacies in Saudi Arabia (2026): Ranked List of Pharmacy Chains
/south-korea-healthcare-market-report,https://www.bionixus.com/south-korea-healthcare-market-report,200,3161,true,true,false,false,South Korea Healthcare Market Report 2026 | BioNixus,"South Korea Healthcare Market Report 2026: HIRA, NHIS Reimbursement, and Biopharmaceutical Industry Intelligence"
/insights/top-pharmaceutical-market-research-companies-saudi-arabia-2026,https://www.bionixus.com/insights/top-pharmaceutical-market-research-companies-saudi-arabia-2026,200,3170,true,true,false,false,Top Pharmaceutical Market Research Companies in Saudi Arabi,Top Pharmaceutical Market Research Companies in Saudi Arabia (2026 Guide)
/insights/top-healthcare-market-research-companies-saudi-arabia-2026,https://www.bionixus.com/insights/top-healthcare-market-research-companies-saudi-arabia-2026,200,3197,true,true,false,false,Healthcare Market Research Companies Saudi Arabia (2026),"<span class=""h1-kicker"">Ranking 2026 · KSA · Healthcare primary research</span>Healthcare Market Research Companies Saudi Arabia (2026)"
/insights/top-healthcare-market-research-companies-europe-2026,https://www.bionixus.com/insights/top-healthcare-market-research-companies-europe-2026,200,3204,true,true,false,false,Healthcare Market Research Companies Europe 2026 | BioNixus,Top Healthcare Market Research Companies in Europe (2026 Guide)
/insights/top-healthcare-market-research-companies-malaysia-2026,https://www.bionixus.com/insights/top-healthcare-market-research-companies-malaysia-2026,200,3206,true,true,false,false,Malaysia Healthcare Market Research Companies 202 | BioNixus,Top Healthcare Market Research Companies in Malaysia (2026 Guide)
/insights/top-healthcare-market-research-companies-riyadh-2026,https://www.bionixus.com/insights/top-healthcare-market-research-companies-riyadh-2026,200,3206,true,true,false,false,Riyadh Healthcare Market Research Firms 2026 | BioNixus,5 Best Healthcare Market Research Firms in Riyadh (2026)
/quantitative-healthcare-market-research,https://www.bionixus.com/quantitative-healthcare-market-research,200,3209,true,true,false,false,Quantitative Healthcare Market Research Guide 202 | BioNixus,Quantitative Healthcare Market Research Methodology Guide 2026
/insights/top-healthcare-market-research-companies-abu-dhabi-2026,https://www.bionixus.com/insights/top-healthcare-market-research-companies-abu-dhabi-2026,200,3212,true,true,false,false,Abu Dhabi Healthcare Market Research Firms 2026 | BioNixus,5 Best Healthcare Market Research Firms in Abu Dhabi (2026)
/insights/top-healthcare-market-research-companies-japan-2026,https://www.bionixus.com/insights/top-healthcare-market-research-companies-japan-2026,200,3238,true,true,false,false,Top Healthcare Market Research Companies in Japan | BioNixus,Top Healthcare Market Research Companies in Japan (2026 Guide)
/insights/top-healthcare-market-research-companies-ireland-2026,https://www.bionixus.com/insights/top-healthcare-market-research-companies-ireland-2026,200,3261,true,true,false,false,Ireland Healthcare Market Research Companies 2026 | BioNixus,Top Healthcare Market Research Companies in Ireland (2026 Guide)
/insights/top-healthcare-market-research-companies-poland-2026,https://www.bionixus.com/insights/top-healthcare-market-research-companies-poland-2026,200,3269,true,true,false,false,Healthcare Market Research Companies Poland 2026 | Ranked,Top Healthcare Market Research Companies in Poland (2026 Guide)
/ar/blog/gcc-pharmaceuticals-market-arabic-2026,https://www.bionixus.com/ar/blog/gcc-pharmaceuticals-market-arabic-2026,200,3278,true,true,false,false,سوق الأدوية في دول الخليج 2026 | BioNixus,سوق الأدوية في دول الخليج 2026: الحجم ومحركات النمو واستراتيجية الوصول
/qatar-healthcare-market-report,https://www.bionixus.com/qatar-healthcare-market-report,200,3279,true,true,false,false,Qatar Healthcare Market Report 2026 | BioNixus,"Qatar Healthcare Market Report 2026: Pharmaceutical Intelligence, HMC Access, and HTA Landscape"
/healthcare-market-research/therapy/vaccines,https://www.bionixus.com/healthcare-market-research/therapy/vaccines,200,3280,true,true,false,false,Vaccines Market Research | BioNixus,Vaccines market research
/insights/top-healthcare-market-research-companies-india-2026,https://www.bionixus.com/insights/top-healthcare-market-research-companies-india-2026,200,3283,true,true,false,false,Top Healthcare Market Research Companies in India | BioNixus,Top Healthcare Market Research Companies in India (2026 Guide)
/insights/top-market-research-companies-saudi-arabia-2026,https://www.bionixus.com/insights/top-market-research-companies-saudi-arabia-2026,200,3287,true,true,false,false,Top Market Research Companies in Saudi Arabia (2026),"<span class=""h1-kicker"">Ranking 2026 · Saudi Arabia (KSA) · Custom primary research</span>Top Market Research Companies in Saudi Arabia: 2026 Ranking of KSA Research Firms and Market Analysis Firms"
/insights/top-healthcare-market-research-companies-dubai-2026,https://www.bionixus.com/insights/top-healthcare-market-research-companies-dubai-2026,200,3288,true,true,false,false,Healthcare Market Research Companies Dubai 2026 | BioNixus,5 Best Healthcare Market Research Firms in Dubai (2026)
/insights/top-healthcare-market-research-companies-singapore-2026,https://www.bionixus.com/insights/top-healthcare-market-research-companies-singapore-2026,200,3303,true,true,false,false,Singapore Healthcare Market Research Companies 20 | BioNixus,Top Healthcare Market Research Companies in Singapore (2026 Guide)
/canada-healthcare-market-report,https://www.bionixus.com/canada-healthcare-market-report,200,3319,true,true,false,false,Canada Healthcare Market Research Report 2026 | BioNixus,"Canada Healthcare Market Report 2026: CADTH HTA, pCPA Negotiations, and Provincial Formulary Intelligence"
/insights/top-healthcare-market-research-companies-sweden-2026,https://www.bionixus.com/insights/top-healthcare-market-research-companies-sweden-2026,200,3326,true,true,false,false,5 Best Healthcare Market Research Firms in Sweden (2026),Top Healthcare Market Research Companies in Sweden (2026 Guide)
/market-access,https://www.bionixus.com/market-access,200,3357,true,true,false,false,"Pharmaceutical Market Access Research | GCC, EU5 | BioNixus","Market access research and strategy for pharma, biotech, and medical devices"
/pharmaceutical-companies-kuwait,https://www.bionixus.com/pharmaceutical-companies-kuwait,200,3360,true,true,false,false,Top 15 Pharmaceutical Companies in Kuwait (2026 Ranked List),Pharmaceutical companies in Kuwait
/australia-healthcare-market-report,https://www.bionixus.com/australia-healthcare-market-report,200,3363,true,true,false,false,Australia Healthcare Market Report 2026 | BioNixus,"Australia Healthcare Market Report 2026: TGA, PBS, PBAC Market Access, and Commercial Intelligence"
/healthcare-market-research/therapy/diabetes,https://www.bionixus.com/healthcare-market-research/therapy/diabetes,200,3364,true,true,false,false,Diabetes Market Research | BioNixus,Diabetes market research
/insights/top-healthcare-market-research-companies-australia-2026,https://www.bionixus.com/insights/top-healthcare-market-research-companies-australia-2026,200,3369,true,true,false,false,Australia Healthcare Market Research Companies 20 | BioNixus,Top Healthcare Market Research Companies in Australia (2026 Guide)
/healthcare-market-research-agency-gcc,https://www.bionixus.com/healthcare-market-research-agency-gcc,200,3401,true,true,false,false,Healthcare Market Research Agency GCC | BioNixus,Healthcare Market Research Agency GCC for Pharmaceutical Launch and Access Decisions
/insights/top-healthcare-market-research-companies-netherlands-2026,https://www.bionixus.com/insights/top-healthcare-market-research-companies-netherlands-2026,200,3403,true,true,false,false,Healthcare Market Research Companies Netherlands | BioNixus,Top Healthcare Market Research Companies in the Netherlands (2026 Guide)
/insights/top-healthcare-market-research-companies-canada-2026,https://www.bionixus.com/insights/top-healthcare-market-research-companies-canada-2026,200,3408,true,true,false,false,Healthcare Market Research Companies Canada 2026 | BioNixus,Top Healthcare Market Research Companies in Canada (2026 Guide)
/gcc-pharma-market-report-2026,https://www.bionixus.com/gcc-pharma-market-report-2026,200,3409,true,true,false,false,"GCC Pharmaceutical Market 2026: Size, Companies, Outlook","GCC Pharmaceutical Market 2026: Size, Companies, Segments and Outlook"
/healthcare-fieldwork-gcc,https://www.bionixus.com/healthcare-fieldwork-gcc,200,3409,true,true,false,false,Healthcare Fieldwork GCC | Specialist HCP Researc | BioNixus,Healthcare Fieldwork GCC
/insights/top-healthcare-market-research-companies-kuwait-2026,https://www.bionixus.com/insights/top-healthcare-market-research-companies-kuwait-2026,200,3436,true,true,false,false,Healthcare Market Research Companies Kuwait 2026 | BioNixus,5 Best Healthcare Market Research Firms in Kuwait (2026)
/uae-pricing-reimbursement-strategy,https://www.bionixus.com/uae-pricing-reimbursement-strategy,200,3441,true,true,false,false,"UAE Drug Pricing & Reimbursement 2026: MOHAP, DHA & DOH",UAE Pricing and Reimbursement Strategy
/insights/top-pharmaceutical-market-research-companies-brazil-2026,https://www.bionixus.com/insights/top-pharmaceutical-market-research-companies-brazil-2026,200,3456,true,true,false,false,Top Pharmaceutical Market Research Companies in Brazil 2026,Top Pharmaceutical Market Research Companies in Brazil (2026 Guide)
/gcc-medical-devices-market-report,https://www.bionixus.com/gcc-medical-devices-market-report,200,3461,true,true,false,false,GCC Medical Devices Market 2026: $9.0B Size & Forecast,"GCC Medical Devices Market 2026: Size, IVD &amp; Hospital Procurement"
/japan-healthcare-market-report,https://www.bionixus.com/japan-healthcare-market-report,200,3483,true,true,false,false,"Japan Healthcare Market 2026: Size, PMDA/NHI & Forecast","Japan Healthcare Market Report 2026: PMDA Approval, NHI Pricing, and Pharmaceutical Market Intelligence"
/insights/top-pharmaceutical-market-research-companies-australia-2026,https://www.bionixus.com/insights/top-pharmaceutical-market-research-companies-australia-2026,200,3500,true,true,false,false,Top Pharmaceutical Market Research Companies in Australia 2,Top Pharmaceutical Market Research Companies in Australia (2026 Guide)
/respiratory-market-access-gcc,https://www.bionixus.com/respiratory-market-access-gcc,200,3502,true,true,false,false,Respiratory Market Access GCC | BioNixus,Respiratory Market Access GCC
/insights/top-healthcare-market-research-companies-uae-2026,https://www.bionixus.com/insights/top-healthcare-market-research-companies-uae-2026,200,3505,true,true,false,false,Healthcare Market Research Companies UAE & Dubai 2026,"<span class=""h1-kicker"">Ranking 2026 · UAE · Healthcare primary research</span>Top Healthcare Market Research Companies in UAE (2026 Guide)"
/germany-healthcare-market-report,https://www.bionixus.com/germany-healthcare-market-report,200,3508,true,true,false,false,Germany Healthcare Market Research Report 2026 | BioNixus,"Germany Healthcare Market Report 2026: AMNOG Market Access, GKV Pharmaceutical Spend, and Commercial Intelligence"
/ar/blog/quantitative-market-research-and-market-access,https://www.bionixus.com/ar/blog/quantitative-market-research-and-market-access,200,3514,true,true,false,false,أبحاث السوق الكمية وأثر الوصول إلى السوق | BioNixus,Quantitative Market Research and Market Access Impact
/insights/top-healthcare-market-research-companies-uk-2026,https://www.bionixus.com/insights/top-healthcare-market-research-companies-uk-2026,200,3515,true,true,false,false,Healthcare Market Research Companies UK 2026 | BioNixus,Top Healthcare Market Research Companies in the UK (2026 Guide)
/patient-journey-research-gcc,https://www.bionixus.com/patient-journey-research-gcc,200,3517,true,true,false,false,Patient Journey Research GCC | Pathway Mapping | BioNixus,Patient Journey Research GCC
/insights/top-pharmaceutical-market-research-companies-germany-2026,https://www.bionixus.com/insights/top-pharmaceutical-market-research-companies-germany-2026,200,3530,true,true,false,false,Top Pharmaceutical Market Research Companies in Germany 2026,Top Pharmaceutical Market Research Companies in Germany (2026 Guide)
/insights/top-pharmaceutical-market-research-companies-kuwait-2026,https://www.bionixus.com/insights/top-pharmaceutical-market-research-companies-kuwait-2026,200,3575,true,true,false,false,Top Pharmaceutical Market Research Companies in Kuwait 2026,Top Pharmaceutical Market Research Companies in Kuwait (2026 Guide)
/insights/top-pharmaceutical-market-research-companies-turkey-2026,https://www.bionixus.com/insights/top-pharmaceutical-market-research-companies-turkey-2026,200,3587,true,true,false,false,Top Pharmaceutical Market Research Companies in Turkey 2026,Top Pharmaceutical Market Research Companies in Turkey (2026 Guide)
/healthcare-market-research/saudi-arabia,https://www.bionixus.com/healthcare-market-research/saudi-arabia,200,3592,true,true,false,false,Healthcare Market Research Saudi Arabia | BioNixus,Healthcare Market Research Saudi Arabia
/insights/top-pharmaceutical-market-research-companies-oman-2026,https://www.bionixus.com/insights/top-pharmaceutical-market-research-companies-oman-2026,200,3598,true,true,false,false,Top Pharmaceutical Market Research Companies in Oman 2026,Top Pharmaceutical Market Research Companies in Oman (2026 Guide)
/insights/top-pharmaceutical-market-research-companies-canada-2026,https://www.bionixus.com/insights/top-pharmaceutical-market-research-companies-canada-2026,200,3603,true,true,false,false,Top Pharmaceutical Market Research Companies in Canada 2026,Top Pharmaceutical Market Research Companies in Canada (2026 Guide)
/insights/top-pharmaceutical-market-research-companies-uk-2026,https://www.bionixus.com/insights/top-pharmaceutical-market-research-companies-uk-2026,200,3661,true,true,false,false,Top Pharmaceutical Market Research Companies in the UK 2026,Top Pharmaceutical Market Research Companies in the UK (2026 Guide)
/insights/top-pharmaceutical-market-research-companies-egypt-2026,https://www.bionixus.com/insights/top-pharmaceutical-market-research-companies-egypt-2026,200,3670,true,true,false,false,Top Pharmaceutical Market Research Companies in Egypt 2026,Top Pharmaceutical Market Research Companies in Egypt (2026 Guide)
/insights/top-pharmaceutical-market-research-companies-france-2026,https://www.bionixus.com/insights/top-pharmaceutical-market-research-companies-france-2026,200,3688,true,true,false,false,Top Pharmaceutical Market Research Companies in France 2026,Top Pharmaceutical Market Research Companies in France (2026 Guide)
/insights/top-pharmaceutical-market-research-companies-bahrain-2026,https://www.bionixus.com/insights/top-pharmaceutical-market-research-companies-bahrain-2026,200,3702,true,true,false,false,Top Pharmaceutical Market Research Companies in Bahrain 2026,Top Pharmaceutical Market Research Companies in Bahrain (2026 Guide)
/uk-healthcare-market-report,https://www.bionixus.com/uk-healthcare-market-report,200,3742,true,true,false,false,UK Healthcare Market Research Report 2026 | BioNixus,"UK Healthcare Market Report 2026: NHS Pharmaceutical Market, NICE Access, and Commercial Intelligence"
/cost-effectiveness-analysis-gcc,https://www.bionixus.com/cost-effectiveness-analysis-gcc,200,3756,true,true,false,false,Cost Effectiveness Analysis GCC: Saudi Arabia & U | BioNixus,"Cost Effectiveness Analysis GCC: Saudi Arabia, UAE, Kuwait, Qatar Comparison"
/insights/top-pharmaceutical-market-research-companies-italy-2026,https://www.bionixus.com/insights/top-pharmaceutical-market-research-companies-italy-2026,200,3762,true,true,false,false,Top Pharmaceutical Market Research Companies in Italy 2026,Top Pharmaceutical Market Research Companies in Italy (2026 Guide)
/insights/top-pharmaceutical-market-research-companies-usa-2026,https://www.bionixus.com/insights/top-pharmaceutical-market-research-companies-usa-2026,200,3771,true,true,false,false,Top Pharmaceutical Market Research Companies in the USA 2026,Top Pharmaceutical Market Research Companies in the USA (2026 Guide)
/insights/top-pharmaceutical-market-research-companies-spain-2026,https://www.bionixus.com/insights/top-pharmaceutical-market-research-companies-spain-2026,200,3777,true,true,false,false,Top Pharmaceutical Market Research Companies in Spain 2026,Top Pharmaceutical Market Research Companies in Spain (2026 Guide)
/ar/blog/saudi-healthcare-market-research-guide-ar-2026,https://www.bionixus.com/ar/blog/saudi-healthcare-market-research-guide-ar-2026,200,3780,true,true,false,false,دليل أبحاث السوق الصحي السعودية 2026 | BioNixus,دليل أبحاث السوق الصحي في المملكة العربية السعودية 2026
/insights/top-pharmaceutical-market-research-companies-qatar-2026,https://www.bionixus.com/insights/top-pharmaceutical-market-research-companies-qatar-2026,200,3867,true,true,false,false,Top Pharmaceutical Market Research Companies in Qatar 2026,Top Pharmaceutical Market Research Companies in Qatar (2026 Guide)
/patient-adherence-research-middle-east,https://www.bionixus.com/patient-adherence-research-middle-east,200,3946,true,true,false,false,Patient Adherence Research Middle East | BioNixus,Patient Adherence Research Middle East
/real-world-evidence-gcc,https://www.bionixus.com/real-world-evidence-gcc,200,3961,true,true,false,false,Real World Evidence GCC | BioNixus,Real World Evidence GCC
/heor-consulting-saudi-arabia,https://www.bionixus.com/heor-consulting-saudi-arabia,200,3995,true,true,false,false,HEOR Consulting Saudi Arabia | BioNixus,HEOR Consulting Saudi Arabia
/japan-medical-devices-market-report,https://www.bionixus.com/japan-medical-devices-market-report,200,4067,true,true,false,false,Japan Medical Devices Market 2026: $41B Size & PMDA Forecast,"Japan Medical Devices Market 2026: $41B Size, PMDA &amp; NHI Intelligence"
/bionixus-vs-iqvia-mena,https://www.bionixus.com/bionixus-vs-iqvia-mena,200,4115,true,true,false,false,IQVIA Alternatives &amp; Competitors: Top 10 Ranked (2026),IQVIA Competitors &amp; Alternatives Built for How Pharma Really Works
/iqvia-alternative,https://www.bionixus.com/iqvia-alternative,200,4115,true,true,false,false,IQVIA Alternatives &amp; Competitors: Top 10 Ranked (2026),IQVIA Competitors &amp; Alternatives Built for How Pharma Really Works
/medical-affairs-insight-research-gcc,https://www.bionixus.com/medical-affairs-insight-research-gcc,200,4118,true,true,false,false,Medical Affairs Insight Research GCC | BioNixus,Medical Affairs Insight Research GCC
/insights/top-pharmaceutical-market-research-companies-uae-2026,https://www.bionixus.com/insights/top-pharmaceutical-market-research-companies-uae-2026,200,4149,true,true,false,false,Top Pharmaceutical Market Research Companies in the UAE 2026,Top Pharmaceutical Market Research Companies in the UAE (2026 Guide)
/sweden-healthcare-market-report,https://www.bionixus.com/sweden-healthcare-market-report,200,4185,true,true,false,false,Sweden Healthcare Market Research Report 2026 | BioNixus,"Sweden Healthcare Market Report 2026: TLV Reimbursement, NT-rådet Hospital Drug Recommendations, and Commercial Intelligence"
/pt/insights/melhores-empresas-pesquisa-mercado-farmaceutico-brasil-2026,https://www.bionixus.com/pt/insights/melhores-empresas-pesquisa-mercado-farmaceutico-brasil-2026,200,4213,true,true,false,false,Melhores Empresas de Pesquisa de Mercado Farmacêutico Brasil,Melhores Empresas de Pesquisa de Mercado Farmacêutico no Brasil (Guia 2026)
/insights/top-hematology-market-research-companies-2026,https://www.bionixus.com/insights/top-hematology-market-research-companies-2026,200,4310,true,true,false,false,Top Hematology Market Research Companies 2026 | BioNixus,"<span class=""h1-kicker"">Top Hematology Market Research Companies 2026</span>The patient,<br/>not the <em>vial.</em>"
/msl-insight-research-middle-east,https://www.bionixus.com/msl-insight-research-middle-east,200,4389,true,true,false,false,MSL Insight Research Middle East | BioNixus,MSL Insight Research Middle East
/insights/top-healthcare-market-research-companies-usa-2026,https://www.bionixus.com/insights/top-healthcare-market-research-companies-usa-2026,200,4415,true,true,false,false,Top 10 Healthcare Market Research Companies USA (2026) | Ranked,Healthcare Market Research Companies USA (2026 Guide)
/china-medical-devices-market-report,https://www.bionixus.com/china-medical-devices-market-report,200,4461,true,true,false,false,"China Medical Devices Market 2026 | NMPA, VBP & Size","China Medical Devices Market 2026: NMPA Registration, VBP &amp; Market Size"
/hta-studies-saudi-arabia,https://www.bionixus.com/hta-studies-saudi-arabia,200,4618,true,true,false,false,HTA Studies Saudi Arabia | Health Technology Assessment |...,HTA Studies Saudi Arabia
/uae-influenza-vaccine-report,https://www.bionixus.com/uae-influenza-vaccine-report,200,4723,true,true,false,false,UAE Influenza Vaccine Market Report 2026 | BioNixus,"UAE Influenza Vaccine Report 2026: Seasonality, Procurement, Payer Access, and Competitive Landscape"
/cost-effectiveness-analysis-saudi-arabia,https://www.bionixus.com/cost-effectiveness-analysis-saudi-arabia,200,4868,true,true,false,false,Cost-Effectiveness Analysis Saudi Arabia | BioNixus,Cost-Effectiveness Analysis Saudi Arabia
/gcc-hcp-recruitment-market-research,https://www.bionixus.com/gcc-hcp-recruitment-market-research,200,5191,true,true,false,false,Physician Recruitment in Saudi Arabia and GCC | BioNixus,Physician Recruitment in Saudi Arabia and GCC
/uae-market-access-research,https://www.bionixus.com/uae-market-access-research,200,5228,true,true,false,false,Market Access Research UAE | BioNixus,Market Access Research UAE
/saudi-payer-market-access-research,https://www.bionixus.com/saudi-payer-market-access-research,200,5608,true,true,false,false,Saudi Payer Market Access Research | BioNixus,Saudi Payer Market Access Research
/pharma-fieldwork-egypt,https://www.bionixus.com/pharma-fieldwork-egypt,200,5683,true,true,false,false,Pharma Fieldwork Egypt | Physician & Pharmacy Res | BioNixus,Pharma Fieldwork Egypt
/budget-impact-model-saudi-arabia,https://www.bionixus.com/budget-impact-model-saudi-arabia,200,5781,true,true,false,false,Budget Impact Model Saudi Arabia | BioNixus,Budget Impact Model Saudi Arabia
/zh/healthcare-market-research,https://www.bionixus.com/zh/healthcare-market-research,200,6072,true,true,false,false,Healthcare Market Research Companies | Who to Brief,Healthcare market research companies
/healthcare-market-research,https://www.bionixus.com/healthcare-market-research,200,6074,true,true,false,false,Healthcare Market Research Companies | Who to Brief,Healthcare market research companies
/ru/healthcare-market-research,https://www.bionixus.com/ru/healthcare-market-research,200,6074,true,true,false,false,Healthcare Market Research Companies | Who to Brief,Healthcare market research companies
/qatar-market-access-research,https://www.bionixus.com/qatar-market-access-research,200,6136,true,true,false,false,Market Access Research Qatar | BioNixus,Market Access Research Qatar
/patient-support-program-research-gcc,https://www.bionixus.com/patient-support-program-research-gcc,200,6449,true,true,false,false,Patient Support Program Research GCC | BioNixus,Patient Support Program Research GCC
/pharma-fieldwork-saudi-arabia,https://www.bionixus.com/pharma-fieldwork-saudi-arabia,200,7228,true,true,false,false,Pharma Fieldwork Saudi Arabia | Physician & Payer Research,Pharma Fieldwork Saudi Arabia
/kuwait-market-access-research,https://www.bionixus.com/kuwait-market-access-research,200,7345,true,true,false,false,Market Access Research Kuwait | BioNixus,Market Access Research Kuwait
/pharma-fieldwork-uae,https://www.bionixus.com/pharma-fieldwork-uae,200,8031,true,true,false,false,Pharma Fieldwork UAE | Physician & Payer Research | BioNixus,Pharma Fieldwork UAE
/healthcare-fieldwork-middle-east,https://www.bionixus.com/healthcare-fieldwork-middle-east,200,8083,true,true,false,false,Healthcare Fieldwork Middle East | BioNixus,Healthcare Fieldwork Middle East
/market-research-by-industry,https://www.bionixus.com/market-research-by-industry,200,9137,true,true,false,false,Market Research by Industry | BioNixus,Market research by industry — <em>global coverage</em>